--
-- PostgreSQL database dump
--

\restrict kd9GqGebmDpkEhZmcWYM6eMbiWONcx0bqTERp4PNUSov9oTL6cyLIJj9V6o6UHK

-- Dumped from database version 15.14
-- Dumped by pg_dump version 15.14

-- Started on 2025-11-07 18:13:35

SET statement_timeout = 0;
SET lock_timeout = 0;
SET idle_in_transaction_session_timeout = 0;
SET client_encoding = 'UTF8';
SET standard_conforming_strings = on;
SELECT pg_catalog.set_config('search_path', '', false);
SET check_function_bodies = false;
SET xmloption = content;
SET client_min_messages = warning;
SET row_security = off;

--
-- TOC entry 2 (class 3079 OID 16388)
-- Name: adminpack; Type: EXTENSION; Schema: -; Owner: -
--

CREATE EXTENSION IF NOT EXISTS adminpack WITH SCHEMA pg_catalog;


--
-- TOC entry 3728 (class 0 OID 0)
-- Dependencies: 2
-- Name: EXTENSION adminpack; Type: COMMENT; Schema: -; Owner: -
--

COMMENT ON EXTENSION adminpack IS 'administrative functions for PostgreSQL';


SET default_tablespace = '';

SET default_table_access_method = heap;

--
-- TOC entry 215 (class 1259 OID 16398)
-- Name: auth_group; Type: TABLE; Schema: public; Owner: -
--

CREATE TABLE public.auth_group (
    id integer NOT NULL,
    name character varying(150) NOT NULL
);


--
-- TOC entry 216 (class 1259 OID 16401)
-- Name: auth_group_id_seq; Type: SEQUENCE; Schema: public; Owner: -
--

ALTER TABLE public.auth_group ALTER COLUMN id ADD GENERATED BY DEFAULT AS IDENTITY (
    SEQUENCE NAME public.auth_group_id_seq
    START WITH 1
    INCREMENT BY 1
    NO MINVALUE
    NO MAXVALUE
    CACHE 1
);


--
-- TOC entry 217 (class 1259 OID 16402)
-- Name: auth_group_permissions; Type: TABLE; Schema: public; Owner: -
--

CREATE TABLE public.auth_group_permissions (
    id bigint NOT NULL,
    group_id integer NOT NULL,
    permission_id integer NOT NULL
);


--
-- TOC entry 218 (class 1259 OID 16405)
-- Name: auth_group_permissions_id_seq; Type: SEQUENCE; Schema: public; Owner: -
--

ALTER TABLE public.auth_group_permissions ALTER COLUMN id ADD GENERATED BY DEFAULT AS IDENTITY (
    SEQUENCE NAME public.auth_group_permissions_id_seq
    START WITH 1
    INCREMENT BY 1
    NO MINVALUE
    NO MAXVALUE
    CACHE 1
);


--
-- TOC entry 219 (class 1259 OID 16406)
-- Name: auth_permission; Type: TABLE; Schema: public; Owner: -
--

CREATE TABLE public.auth_permission (
    id integer NOT NULL,
    name character varying(255) NOT NULL,
    content_type_id integer NOT NULL,
    codename character varying(100) NOT NULL
);


--
-- TOC entry 220 (class 1259 OID 16409)
-- Name: auth_permission_id_seq; Type: SEQUENCE; Schema: public; Owner: -
--

ALTER TABLE public.auth_permission ALTER COLUMN id ADD GENERATED BY DEFAULT AS IDENTITY (
    SEQUENCE NAME public.auth_permission_id_seq
    START WITH 1
    INCREMENT BY 1
    NO MINVALUE
    NO MAXVALUE
    CACHE 1
);


--
-- TOC entry 221 (class 1259 OID 16410)
-- Name: auth_user; Type: TABLE; Schema: public; Owner: -
--

CREATE TABLE public.auth_user (
    id integer NOT NULL,
    password character varying(128) NOT NULL,
    last_login timestamp with time zone,
    is_superuser boolean NOT NULL,
    username character varying(150) NOT NULL,
    first_name character varying(150) NOT NULL,
    last_name character varying(150) NOT NULL,
    email character varying(254) NOT NULL,
    is_staff boolean NOT NULL,
    is_active boolean NOT NULL,
    date_joined timestamp with time zone NOT NULL
);


--
-- TOC entry 222 (class 1259 OID 16415)
-- Name: auth_user_groups; Type: TABLE; Schema: public; Owner: -
--

CREATE TABLE public.auth_user_groups (
    id bigint NOT NULL,
    user_id integer NOT NULL,
    group_id integer NOT NULL
);


--
-- TOC entry 223 (class 1259 OID 16418)
-- Name: auth_user_groups_id_seq; Type: SEQUENCE; Schema: public; Owner: -
--

ALTER TABLE public.auth_user_groups ALTER COLUMN id ADD GENERATED BY DEFAULT AS IDENTITY (
    SEQUENCE NAME public.auth_user_groups_id_seq
    START WITH 1
    INCREMENT BY 1
    NO MINVALUE
    NO MAXVALUE
    CACHE 1
);


--
-- TOC entry 224 (class 1259 OID 16419)
-- Name: auth_user_id_seq; Type: SEQUENCE; Schema: public; Owner: -
--

ALTER TABLE public.auth_user ALTER COLUMN id ADD GENERATED BY DEFAULT AS IDENTITY (
    SEQUENCE NAME public.auth_user_id_seq
    START WITH 1
    INCREMENT BY 1
    NO MINVALUE
    NO MAXVALUE
    CACHE 1
);


--
-- TOC entry 225 (class 1259 OID 16420)
-- Name: auth_user_user_permissions; Type: TABLE; Schema: public; Owner: -
--

CREATE TABLE public.auth_user_user_permissions (
    id bigint NOT NULL,
    user_id integer NOT NULL,
    permission_id integer NOT NULL
);


--
-- TOC entry 226 (class 1259 OID 16423)
-- Name: auth_user_user_permissions_id_seq; Type: SEQUENCE; Schema: public; Owner: -
--

ALTER TABLE public.auth_user_user_permissions ALTER COLUMN id ADD GENERATED BY DEFAULT AS IDENTITY (
    SEQUENCE NAME public.auth_user_user_permissions_id_seq
    START WITH 1
    INCREMENT BY 1
    NO MINVALUE
    NO MAXVALUE
    CACHE 1
);


--
-- TOC entry 227 (class 1259 OID 16424)
-- Name: champion_patches; Type: TABLE; Schema: public; Owner: -
--

CREATE TABLE public.champion_patches (
    id bigint NOT NULL,
    change_type character varying(100) NOT NULL,
    created_at timestamp with time zone NOT NULL,
    updated_at timestamp with time zone NOT NULL,
    champion_id bigint NOT NULL,
    patch_id bigint NOT NULL
);


--
-- TOC entry 228 (class 1259 OID 16427)
-- Name: champion_patches_id_seq; Type: SEQUENCE; Schema: public; Owner: -
--

ALTER TABLE public.champion_patches ALTER COLUMN id ADD GENERATED BY DEFAULT AS IDENTITY (
    SEQUENCE NAME public.champion_patches_id_seq
    START WITH 1
    INCREMENT BY 1
    NO MINVALUE
    NO MAXVALUE
    CACHE 1
);


--
-- TOC entry 255 (class 1259 OID 16908)
-- Name: champion_season_stats; Type: TABLE; Schema: public; Owner: -
--

CREATE TABLE public.champion_season_stats (
    id bigint NOT NULL,
    picks integer NOT NULL,
    bans integer NOT NULL,
    prioscore numeric(5,2) NOT NULL,
    wins integer NOT NULL,
    losses integer NOT NULL,
    winrate numeric(5,2) NOT NULL,
    "KDA" double precision NOT NULL,
    avg_bt double precision NOT NULL,
    avg_rp double precision NOT NULL,
    gt interval,
    csm double precision NOT NULL,
    dpm integer NOT NULL,
    gpm integer NOT NULL,
    csd_15 integer NOT NULL,
    gd_15 integer NOT NULL,
    xpd_15 integer NOT NULL,
    created_at timestamp with time zone NOT NULL,
    updated_at timestamp with time zone NOT NULL,
    champion_id bigint NOT NULL,
    season_id bigint NOT NULL,
    CONSTRAINT champion_season_stats_bans_check CHECK ((bans >= 0)),
    CONSTRAINT champion_season_stats_dpm_check CHECK ((dpm >= 0)),
    CONSTRAINT champion_season_stats_gpm_check CHECK ((gpm >= 0)),
    CONSTRAINT champion_season_stats_picks_check CHECK ((picks >= 0))
);


--
-- TOC entry 254 (class 1259 OID 16907)
-- Name: champion_season_stats_id_seq; Type: SEQUENCE; Schema: public; Owner: -
--

ALTER TABLE public.champion_season_stats ALTER COLUMN id ADD GENERATED BY DEFAULT AS IDENTITY (
    SEQUENCE NAME public.champion_season_stats_id_seq
    START WITH 1
    INCREMENT BY 1
    NO MINVALUE
    NO MAXVALUE
    CACHE 1
);


--
-- TOC entry 229 (class 1259 OID 16428)
-- Name: champions; Type: TABLE; Schema: public; Owner: -
--

CREATE TABLE public.champions (
    id bigint NOT NULL,
    name character varying(100) NOT NULL,
    release_date date NOT NULL,
    primary_damage_type character varying(50) NOT NULL,
    created_at timestamp with time zone NOT NULL,
    updated_at timestamp with time zone NOT NULL
);


--
-- TOC entry 230 (class 1259 OID 16437)
-- Name: champions_id_seq; Type: SEQUENCE; Schema: public; Owner: -
--

ALTER TABLE public.champions ALTER COLUMN id ADD GENERATED BY DEFAULT AS IDENTITY (
    SEQUENCE NAME public.champions_id_seq
    START WITH 1
    INCREMENT BY 1
    NO MINVALUE
    NO MAXVALUE
    CACHE 1
);


--
-- TOC entry 231 (class 1259 OID 16438)
-- Name: champions_roles; Type: TABLE; Schema: public; Owner: -
--

CREATE TABLE public.champions_roles (
    id bigint NOT NULL,
    champion_id bigint NOT NULL,
    role_id bigint NOT NULL
);


--
-- TOC entry 232 (class 1259 OID 16441)
-- Name: champions_roles_id_seq; Type: SEQUENCE; Schema: public; Owner: -
--

ALTER TABLE public.champions_roles ALTER COLUMN id ADD GENERATED BY DEFAULT AS IDENTITY (
    SEQUENCE NAME public.champions_roles_id_seq
    START WITH 1
    INCREMENT BY 1
    NO MINVALUE
    NO MAXVALUE
    CACHE 1
);


--
-- TOC entry 233 (class 1259 OID 16442)
-- Name: django_admin_log; Type: TABLE; Schema: public; Owner: -
--

CREATE TABLE public.django_admin_log (
    id integer NOT NULL,
    action_time timestamp with time zone NOT NULL,
    object_id text,
    object_repr character varying(200) NOT NULL,
    action_flag smallint NOT NULL,
    change_message text NOT NULL,
    content_type_id integer,
    user_id integer NOT NULL,
    CONSTRAINT django_admin_log_action_flag_check CHECK ((action_flag >= 0))
);


--
-- TOC entry 234 (class 1259 OID 16448)
-- Name: django_admin_log_id_seq; Type: SEQUENCE; Schema: public; Owner: -
--

ALTER TABLE public.django_admin_log ALTER COLUMN id ADD GENERATED BY DEFAULT AS IDENTITY (
    SEQUENCE NAME public.django_admin_log_id_seq
    START WITH 1
    INCREMENT BY 1
    NO MINVALUE
    NO MAXVALUE
    CACHE 1
);


--
-- TOC entry 235 (class 1259 OID 16449)
-- Name: django_content_type; Type: TABLE; Schema: public; Owner: -
--

CREATE TABLE public.django_content_type (
    id integer NOT NULL,
    app_label character varying(100) NOT NULL,
    model character varying(100) NOT NULL
);


--
-- TOC entry 236 (class 1259 OID 16452)
-- Name: django_content_type_id_seq; Type: SEQUENCE; Schema: public; Owner: -
--

ALTER TABLE public.django_content_type ALTER COLUMN id ADD GENERATED BY DEFAULT AS IDENTITY (
    SEQUENCE NAME public.django_content_type_id_seq
    START WITH 1
    INCREMENT BY 1
    NO MINVALUE
    NO MAXVALUE
    CACHE 1
);


--
-- TOC entry 237 (class 1259 OID 16453)
-- Name: django_migrations; Type: TABLE; Schema: public; Owner: -
--

CREATE TABLE public.django_migrations (
    id bigint NOT NULL,
    app character varying(255) NOT NULL,
    name character varying(255) NOT NULL,
    applied timestamp with time zone NOT NULL
);


--
-- TOC entry 238 (class 1259 OID 16458)
-- Name: django_migrations_id_seq; Type: SEQUENCE; Schema: public; Owner: -
--

ALTER TABLE public.django_migrations ALTER COLUMN id ADD GENERATED BY DEFAULT AS IDENTITY (
    SEQUENCE NAME public.django_migrations_id_seq
    START WITH 1
    INCREMENT BY 1
    NO MINVALUE
    NO MAXVALUE
    CACHE 1
);


--
-- TOC entry 239 (class 1259 OID 16459)
-- Name: django_session; Type: TABLE; Schema: public; Owner: -
--

CREATE TABLE public.django_session (
    session_key character varying(40) NOT NULL,
    session_data text NOT NULL,
    expire_date timestamp with time zone NOT NULL
);


--
-- TOC entry 240 (class 1259 OID 16464)
-- Name: games; Type: TABLE; Schema: public; Owner: -
--

CREATE TABLE public.games (
    id bigint NOT NULL,
    date date NOT NULL,
    created_at timestamp with time zone NOT NULL,
    updated_at timestamp with time zone NOT NULL,
    blue_team_id bigint NOT NULL,
    blue_team_champion_pick_1_id bigint,
    blue_team_champion_pick_2_id bigint,
    blue_team_champion_pick_3_id bigint,
    blue_team_champion_pick_4_id bigint,
    blue_team_champion_pick_5_id bigint,
    bot_lane_winning_team_id bigint,
    mid_lane_winning_team_id bigint,
    patch_id bigint,
    red_team_id bigint NOT NULL,
    red_team_champion_pick_1_id bigint,
    red_team_champion_pick_2_id bigint,
    red_team_champion_pick_3_id bigint,
    red_team_champion_pick_4_id bigint,
    red_team_champion_pick_5_id bigint,
    season_id bigint,
    top_lane_winning_team_id bigint,
    tournament_id bigint,
    winning_team_id bigint
);


--
-- TOC entry 241 (class 1259 OID 16467)
-- Name: games_id_seq; Type: SEQUENCE; Schema: public; Owner: -
--

ALTER TABLE public.games ALTER COLUMN id ADD GENERATED BY DEFAULT AS IDENTITY (
    SEQUENCE NAME public.games_id_seq
    START WITH 1
    INCREMENT BY 1
    NO MINVALUE
    NO MAXVALUE
    CACHE 1
);


--
-- TOC entry 242 (class 1259 OID 16468)
-- Name: patches; Type: TABLE; Schema: public; Owner: -
--

CREATE TABLE public.patches (
    id bigint NOT NULL,
    version_num character varying(20) NOT NULL,
    date date NOT NULL,
    created_at timestamp with time zone NOT NULL,
    updated_at timestamp with time zone NOT NULL
);


--
-- TOC entry 243 (class 1259 OID 16471)
-- Name: patches_id_seq; Type: SEQUENCE; Schema: public; Owner: -
--

ALTER TABLE public.patches ALTER COLUMN id ADD GENERATED BY DEFAULT AS IDENTITY (
    SEQUENCE NAME public.patches_id_seq
    START WITH 1
    INCREMENT BY 1
    NO MINVALUE
    NO MAXVALUE
    CACHE 1
);


--
-- TOC entry 244 (class 1259 OID 16472)
-- Name: roles; Type: TABLE; Schema: public; Owner: -
--

CREATE TABLE public.roles (
    id bigint NOT NULL,
    name character varying(50) NOT NULL,
    created_at timestamp with time zone NOT NULL,
    updated_at timestamp with time zone NOT NULL
);


--
-- TOC entry 245 (class 1259 OID 16475)
-- Name: roles_id_seq; Type: SEQUENCE; Schema: public; Owner: -
--

ALTER TABLE public.roles ALTER COLUMN id ADD GENERATED BY DEFAULT AS IDENTITY (
    SEQUENCE NAME public.roles_id_seq
    START WITH 1
    INCREMENT BY 1
    NO MINVALUE
    NO MAXVALUE
    CACHE 1
);


--
-- TOC entry 246 (class 1259 OID 16476)
-- Name: seasons; Type: TABLE; Schema: public; Owner: -
--

CREATE TABLE public.seasons (
    id bigint NOT NULL,
    name character varying(100) NOT NULL,
    created_at timestamp with time zone NOT NULL,
    updated_at timestamp with time zone NOT NULL
);


--
-- TOC entry 247 (class 1259 OID 16479)
-- Name: seasons_id_seq; Type: SEQUENCE; Schema: public; Owner: -
--

ALTER TABLE public.seasons ALTER COLUMN id ADD GENERATED BY DEFAULT AS IDENTITY (
    SEQUENCE NAME public.seasons_id_seq
    START WITH 1
    INCREMENT BY 1
    NO MINVALUE
    NO MAXVALUE
    CACHE 1
);


--
-- TOC entry 248 (class 1259 OID 16480)
-- Name: team_tournaments; Type: TABLE; Schema: public; Owner: -
--

CREATE TABLE public.team_tournaments (
    id bigint NOT NULL,
    placement integer,
    created_at timestamp with time zone NOT NULL,
    updated_at timestamp with time zone NOT NULL,
    team_id bigint NOT NULL,
    tournament_id bigint NOT NULL
);


--
-- TOC entry 249 (class 1259 OID 16483)
-- Name: team_tournaments_id_seq; Type: SEQUENCE; Schema: public; Owner: -
--

ALTER TABLE public.team_tournaments ALTER COLUMN id ADD GENERATED BY DEFAULT AS IDENTITY (
    SEQUENCE NAME public.team_tournaments_id_seq
    START WITH 1
    INCREMENT BY 1
    NO MINVALUE
    NO MAXVALUE
    CACHE 1
);


--
-- TOC entry 250 (class 1259 OID 16484)
-- Name: teams; Type: TABLE; Schema: public; Owner: -
--

CREATE TABLE public.teams (
    id bigint NOT NULL,
    name character varying(100) NOT NULL,
    region character varying(50) NOT NULL,
    created_at timestamp with time zone NOT NULL,
    updated_at timestamp with time zone NOT NULL
);


--
-- TOC entry 251 (class 1259 OID 16487)
-- Name: teams_id_seq; Type: SEQUENCE; Schema: public; Owner: -
--

ALTER TABLE public.teams ALTER COLUMN id ADD GENERATED BY DEFAULT AS IDENTITY (
    SEQUENCE NAME public.teams_id_seq
    START WITH 1
    INCREMENT BY 1
    NO MINVALUE
    NO MAXVALUE
    CACHE 1
);


--
-- TOC entry 252 (class 1259 OID 16488)
-- Name: tournaments; Type: TABLE; Schema: public; Owner: -
--

CREATE TABLE public.tournaments (
    id bigint NOT NULL,
    name character varying(200) NOT NULL,
    tier character varying(50) NOT NULL,
    date date NOT NULL,
    created_at timestamp with time zone NOT NULL,
    updated_at timestamp with time zone NOT NULL,
    patch_id bigint
);


--
-- TOC entry 253 (class 1259 OID 16491)
-- Name: tournaments_id_seq; Type: SEQUENCE; Schema: public; Owner: -
--

ALTER TABLE public.tournaments ALTER COLUMN id ADD GENERATED BY DEFAULT AS IDENTITY (
    SEQUENCE NAME public.tournaments_id_seq
    START WITH 1
    INCREMENT BY 1
    NO MINVALUE
    NO MAXVALUE
    CACHE 1
);


--
-- TOC entry 3682 (class 0 OID 16398)
-- Dependencies: 215
-- Data for Name: auth_group; Type: TABLE DATA; Schema: public; Owner: -
--

COPY public.auth_group (id, name) FROM stdin;
\.


--
-- TOC entry 3684 (class 0 OID 16402)
-- Dependencies: 217
-- Data for Name: auth_group_permissions; Type: TABLE DATA; Schema: public; Owner: -
--

COPY public.auth_group_permissions (id, group_id, permission_id) FROM stdin;
\.


--
-- TOC entry 3686 (class 0 OID 16406)
-- Dependencies: 219
-- Data for Name: auth_permission; Type: TABLE DATA; Schema: public; Owner: -
--

COPY public.auth_permission (id, name, content_type_id, codename) FROM stdin;
1	Can add log entry	1	add_logentry
2	Can change log entry	1	change_logentry
3	Can delete log entry	1	delete_logentry
4	Can view log entry	1	view_logentry
5	Can add permission	2	add_permission
6	Can change permission	2	change_permission
7	Can delete permission	2	delete_permission
8	Can view permission	2	view_permission
9	Can add group	3	add_group
10	Can change group	3	change_group
11	Can delete group	3	delete_group
12	Can view group	3	view_group
13	Can add user	4	add_user
14	Can change user	4	change_user
15	Can delete user	4	delete_user
16	Can view user	4	view_user
17	Can add content type	5	add_contenttype
18	Can change content type	5	change_contenttype
19	Can delete content type	5	delete_contenttype
20	Can view content type	5	view_contenttype
21	Can add session	6	add_session
22	Can change session	6	change_session
23	Can delete session	6	delete_session
24	Can view session	6	view_session
25	Can add champion	7	add_champion
26	Can change champion	7	change_champion
27	Can delete champion	7	delete_champion
28	Can view champion	7	view_champion
29	Can add champion patch	8	add_championpatch
30	Can change champion patch	8	change_championpatch
31	Can delete champion patch	8	delete_championpatch
32	Can view champion patch	8	view_championpatch
33	Can add game	9	add_game
34	Can change game	9	change_game
35	Can delete game	9	delete_game
36	Can view game	9	view_game
37	Can add patch	10	add_patch
38	Can change patch	10	change_patch
39	Can delete patch	10	delete_patch
40	Can view patch	10	view_patch
41	Can add season	11	add_season
42	Can change season	11	change_season
43	Can delete season	11	delete_season
44	Can view season	11	view_season
45	Can add team	12	add_team
46	Can change team	12	change_team
47	Can delete team	12	delete_team
48	Can view team	12	view_team
49	Can add win loss record	13	add_winlossrecord
50	Can change win loss record	13	change_winlossrecord
51	Can delete win loss record	13	delete_winlossrecord
52	Can view win loss record	13	view_winlossrecord
53	Can add tournament	14	add_tournament
54	Can change tournament	14	change_tournament
55	Can delete tournament	14	delete_tournament
56	Can view tournament	14	view_tournament
57	Can add team tournament	15	add_teamtournament
58	Can change team tournament	15	change_teamtournament
59	Can delete team tournament	15	delete_teamtournament
60	Can view team tournament	15	view_teamtournament
61	Can add role	16	add_role
62	Can change role	16	change_role
63	Can delete role	16	delete_role
64	Can view role	16	view_role
65	Can add champion role	17	add_championrole
66	Can change champion role	17	change_championrole
67	Can delete champion role	17	delete_championrole
68	Can view champion role	17	view_championrole
69	Can add champion season stats	18	add_championseasonstats
70	Can change champion season stats	18	change_championseasonstats
71	Can delete champion season stats	18	delete_championseasonstats
72	Can view champion season stats	18	view_championseasonstats
\.


--
-- TOC entry 3688 (class 0 OID 16410)
-- Dependencies: 221
-- Data for Name: auth_user; Type: TABLE DATA; Schema: public; Owner: -
--

COPY public.auth_user (id, password, last_login, is_superuser, username, first_name, last_name, email, is_staff, is_active, date_joined) FROM stdin;
1	pbkdf2_sha256$600000$GgQP8TuHO7Ew4JhiT2heZ3$wyVbCFAbhH7WXACY5szQiDLeQEYRuzbWLsLSh9JVTkM=	2025-11-06 06:19:27.961035+00	t	alanc				t	t	2025-11-06 06:19:18.098552+00
\.


--
-- TOC entry 3689 (class 0 OID 16415)
-- Dependencies: 222
-- Data for Name: auth_user_groups; Type: TABLE DATA; Schema: public; Owner: -
--

COPY public.auth_user_groups (id, user_id, group_id) FROM stdin;
\.


--
-- TOC entry 3692 (class 0 OID 16420)
-- Dependencies: 225
-- Data for Name: auth_user_user_permissions; Type: TABLE DATA; Schema: public; Owner: -
--

COPY public.auth_user_user_permissions (id, user_id, permission_id) FROM stdin;
\.


--
-- TOC entry 3694 (class 0 OID 16424)
-- Dependencies: 227
-- Data for Name: champion_patches; Type: TABLE DATA; Schema: public; Owner: -
--

COPY public.champion_patches (id, change_type, created_at, updated_at, champion_id, patch_id) FROM stdin;
\.


--
-- TOC entry 3722 (class 0 OID 16908)
-- Dependencies: 255
-- Data for Name: champion_season_stats; Type: TABLE DATA; Schema: public; Owner: -
--

COPY public.champion_season_stats (id, picks, bans, prioscore, wins, losses, winrate, "KDA", avg_bt, avg_rp, gt, csm, dpm, gpm, csd_15, gd_15, xpd_15, created_at, updated_at, champion_id, season_id) FROM stdin;
1	1986	3229	60.00	1070	916	54.00	3.9	4.2	1.46	00:32:48	8.7	762	426	2	66	23	2025-11-08 01:55:35.722771+00	2025-11-08 01:55:35.722781+00	1	11
2	1562	2951	51.00	813	749	52.00	3.1	3.9	1.61	00:32:22	6.4	370	363	0	-18	82	2025-11-08 01:55:35.727251+00	2025-11-08 01:55:35.727256+00	2	11
3	1843	2538	50.00	989	854	54.00	3.1	3.9	1.42	00:32:40	7.6	718	384	2	47	62	2025-11-08 01:55:35.731051+00	2025-11-08 01:55:35.731056+00	3	11
4	1595	2645	48.00	787	808	49.00	3.1	4.1	1.53	00:32:35	9	721	426	2	13	54	2025-11-08 01:55:35.735154+00	2025-11-08 01:55:35.735159+00	4	11
5	1098	3006	48.00	570	528	52.00	2.4	4	1.51	00:32:13	8	620	410	0	-1	-39	2025-11-08 01:55:35.738956+00	2025-11-08 01:55:35.73896+00	5	11
6	1247	2426	41.00	619	628	50.00	3	3.7	1.74	00:32:09	6.1	501	372	0	168	64	2025-11-08 01:55:35.74319+00	2025-11-08 01:55:35.743194+00	6	11
7	1745	1898	40.00	951	794	54.00	3.9	4.6	1.54	00:32:32	8.5	701	409	-3	-126	-65	2025-11-08 01:55:35.746915+00	2025-11-08 01:55:35.746919+00	7	11
8	1927	1692	39.00	951	976	49.00	2.7	5.3	1.61	00:32:27	7.8	636	390	-3	-101	28	2025-11-08 01:55:35.75073+00	2025-11-08 01:55:35.750734+00	8	11
9	1064	2327	38.00	602	462	57.00	3.1	5.6	1.91	00:32:30	3.7	340	303	-1	-28	-61	2025-11-08 01:55:35.754346+00	2025-11-08 01:55:35.754351+00	9	11
10	2451	985	36.00	1224	1227	50.00	3	7.8	1.51	00:32:26	1	187	250	0	-19	-81	2025-11-08 01:55:35.758073+00	2025-11-08 01:55:35.758077+00	10	11
11	1976	1321	35.00	1026	950	52.00	2.9	8.4	1.59	00:32:23	0.9	161	243	-1	-92	-20	2025-11-08 01:55:35.761916+00	2025-11-08 01:55:35.761921+00	11	11
12	1223	1889	35.00	609	614	50.00	2.9	4.4	1.66	00:32:18	8.4	738	415	7	297	-45	2025-11-08 01:55:35.765622+00	2025-11-08 01:55:35.765627+00	12	11
13	1886	1300	34.00	927	959	49.00	4.3	6.9	1.58	00:32:26	9	846	427	0	-83	27	2025-11-08 01:55:35.769297+00	2025-11-08 01:55:35.769301+00	13	11
14	1962	1099	32.00	883	1079	45.00	3.8	5.9	1.59	00:32:38	9.2	769	435	1	37	12	2025-11-08 01:55:35.773009+00	2025-11-08 01:55:35.773014+00	14	11
15	495	2242	32.00	257	238	52.00	3.5	4.2	1.87	00:32:14	8.9	602	441	3	154	3	2025-11-08 01:55:35.776846+00	2025-11-08 01:55:35.776851+00	15	11
16	2132	921	32.00	1051	1081	49.00	3	5.7	1.57	00:32:15	6.4	479	364	0	-42	-52	2025-11-08 01:55:35.780479+00	2025-11-08 01:55:35.780484+00	16	11
17	1829	1204	31.00	865	964	47.00	2.4	8.2	1.69	00:32:10	1.1	202	246	0	-33	-28	2025-11-08 01:55:35.784228+00	2025-11-08 01:55:35.784233+00	17	11
18	1024	1798	31.00	535	489	52.00	2.9	4.1	1.77	00:32:16	9	628	424	-1	-66	46	2025-11-08 01:55:35.788003+00	2025-11-08 01:55:35.788007+00	18	11
19	1809	1159	30.00	939	870	52.00	4	8.3	1.73	00:32:16	1.1	166	252	0	14	-54	2025-11-08 01:55:35.79194+00	2025-11-08 01:55:35.791944+00	19	11
20	900	1805	30.00	432	468	48.00	3.4	3.8	1.94	00:32:33	5.8	395	336	-7	-252	-287	2025-11-08 01:55:35.79553+00	2025-11-08 01:55:35.795534+00	20	11
21	1295	1460	30.00	623	672	48.00	3.7	4.6	1.75	00:32:03	8	780	399	1	114	88	2025-11-08 01:55:35.799303+00	2025-11-08 01:55:35.799307+00	21	11
22	1257	1395	29.00	666	591	53.00	4.5	5.5	1.73	00:32:33	8.4	704	408	5	93	41	2025-11-08 01:55:35.80291+00	2025-11-08 01:55:35.802915+00	22	11
23	939	1558	27.00	492	447	52.00	2.9	5.7	1.82	00:32:31	1.4	384	264	-1	102	33	2025-11-08 01:55:35.806811+00	2025-11-08 01:55:35.806815+00	23	11
24	1279	1304	27.00	660	619	52.00	3.5	8.1	1.85	00:32:05	0.9	197	246	-1	-26	11	2025-11-08 01:55:35.810616+00	2025-11-08 01:55:35.810621+00	24	11
25	1594	990	27.00	783	811	49.00	3.3	5.6	1.66	00:32:23	6.5	411	371	-1	-9	-82	2025-11-08 01:55:35.814563+00	2025-11-08 01:55:35.814568+00	25	11
26	1505	1051	26.00	797	708	53.00	4.5	7.7	1.75	00:31:56	9.2	695	460	-2	-1	-65	2025-11-08 01:55:35.81859+00	2025-11-08 01:55:35.818594+00	26	11
27	1095	1260	25.00	572	523	52.00	3.4	4.2	1.83	00:32:14	5.2	485	321	-5	-289	-286	2025-11-08 01:55:35.82241+00	2025-11-08 01:55:35.822414+00	27	11
28	1468	926	25.00	680	788	46.00	2.7	5.3	1.75	00:32:19	7.4	464	362	0	-42	130	2025-11-08 01:55:35.826262+00	2025-11-08 01:55:35.826266+00	28	11
29	1287	1068	24.00	613	674	48.00	3.8	4.8	1.85	00:32:34	5.8	402	335	-5	-213	-224	2025-11-08 01:55:35.829633+00	2025-11-08 01:55:35.829637+00	29	11
30	1357	970	24.00	695	662	51.00	3.2	5.3	1.8	00:32:16	7.5	551	366	-2	-120	54	2025-11-08 01:55:35.833306+00	2025-11-08 01:55:35.833311+00	30	11
31	1643	746	23.00	763	880	46.00	2.3	8.3	1.82	00:32:25	1.1	200	245	1	-42	-71	2025-11-08 01:55:35.837017+00	2025-11-08 01:55:35.837021+00	31	11
32	1307	750	21.00	632	675	48.00	4.8	6.6	1.77	00:32:05	8.4	679	407	0	76	47	2025-11-08 01:55:35.840609+00	2025-11-08 01:55:35.840614+00	32	11
33	1189	828	20.00	599	590	50.00	3.9	7.5	1.85	00:32:05	9.5	707	445	4	140	86	2025-11-08 01:55:35.843932+00	2025-11-08 01:55:35.843936+00	33	11
34	755	1054	20.00	377	378	50.00	4.2	4.1	1.77	00:32:34	7	519	390	3	134	114	2025-11-08 01:55:35.847445+00	2025-11-08 01:55:35.847449+00	34	11
35	1198	808	20.00	547	651	46.00	3.4	6.1	1.96	00:32:32	8.5	822	402	4	-39	100	2025-11-08 01:55:35.851176+00	2025-11-08 01:55:35.85118+00	35	11
36	639	1173	19.00	298	341	47.00	3.1	4.9	2.16	00:32:02	6.5	436	368	3	141	123	2025-11-08 01:55:35.854496+00	2025-11-08 01:55:35.8545+00	36	11
37	1323	544	18.00	602	721	46.00	5.2	8.2	1.79	00:32:23	8.9	640	427	-2	-146	15	2025-11-08 01:55:35.857604+00	2025-11-08 01:55:35.857608+00	37	11
38	1032	794	17.00	509	523	49.00	2.5	7.2	2.12	00:32:11	8.1	555	394	7	279	108	2025-11-08 01:55:35.861044+00	2025-11-08 01:55:35.861048+00	38	11
39	785	812	17.00	411	374	52.00	4	4.6	1.83	00:31:55	6.2	379	372	-2	-33	-131	2025-11-08 01:55:35.864221+00	2025-11-08 01:55:35.864224+00	39	11
40	1015	664	17.00	496	519	49.00	3.6	5.8	1.91	00:32:01	7.4	515	367	-8	-231	-90	2025-11-08 01:55:35.86804+00	2025-11-08 01:55:35.868045+00	40	11
41	738	851	16.00	371	367	50.00	3.7	6.8	2.11	00:32:18	9.1	760	440	4	110	60	2025-11-08 01:55:35.871264+00	2025-11-08 01:55:35.871268+00	41	11
42	871	755	16.00	455	416	52.00	2.5	6.5	2.1	00:32:03	7.6	561	397	-5	-72	-160	2025-11-08 01:55:35.874489+00	2025-11-08 01:55:35.874493+00	42	11
43	1029	600	16.00	512	517	50.00	3.4	5.2	1.96	00:31:55	9	659	424	2	27	5	2025-11-08 01:55:35.877713+00	2025-11-08 01:55:35.877717+00	43	11
44	875	642	15.00	472	403	54.00	4.1	8	2.01	00:32:14	9.6	697	450	1	58	85	2025-11-08 01:55:35.881331+00	2025-11-08 01:55:35.881335+00	44	11
45	440	812	14.00	255	185	58.00	4.5	4.2	1.53	00:32:00	9.5	774	465	0	149	-4	2025-11-08 01:55:35.884658+00	2025-11-08 01:55:35.884662+00	45	11
46	601	741	14.00	282	319	47.00	3.2	6.4	2.05	00:32:37	7.9	634	405	-1	104	88	2025-11-08 01:55:35.888098+00	2025-11-08 01:55:35.888102+00	46	11
47	676	692	14.00	345	331	51.00	3.2	7.2	2.1	00:31:48	7.7	583	394	-8	-138	-93	2025-11-08 01:55:35.891519+00	2025-11-08 01:55:35.891522+00	47	11
48	647	642	13.00	315	332	49.00	3.8	6.8	2.07	00:31:50	8.6	664	416	-1	-126	-66	2025-11-08 01:55:35.895339+00	2025-11-08 01:55:35.895343+00	48	11
49	350	788	13.00	177	173	51.00	3.5	3.8	1.82	00:32:47	7.1	698	380	13	308	566	2025-11-08 01:55:35.898805+00	2025-11-08 01:55:35.898809+00	49	11
50	794	526	13.00	403	391	51.00	4.3	8	2	00:32:31	9.7	791	449	0	-11	-20	2025-11-08 01:55:35.902376+00	2025-11-08 01:55:35.90238+00	50	11
51	737	551	13.00	393	344	53.00	4.1	6.2	2.01	00:32:06	6.2	411	367	0	-42	-20	2025-11-08 01:55:35.905665+00	2025-11-08 01:55:35.905669+00	51	11
52	583	612	13.00	319	264	55.00	3.3	4.8	1.82	00:31:44	7.5	651	381	-3	-103	-162	2025-11-08 01:55:35.909176+00	2025-11-08 01:55:35.90918+00	52	11
53	745	478	12.00	365	380	49.00	2.7	8	2.12	00:32:31	8.2	633	401	5	206	67	2025-11-08 01:55:35.912416+00	2025-11-08 01:55:35.912419+00	53	11
54	639	512	11.00	301	338	47.00	3.5	5.2	2.11	00:32:11	6.8	415	394	5	206	248	2025-11-08 01:55:35.916141+00	2025-11-08 01:55:35.916145+00	54	11
55	555	505	11.00	278	277	50.00	3.7	8	1.99	00:32:07	1.1	212	254	0	33	196	2025-11-08 01:55:35.919402+00	2025-11-08 01:55:35.919406+00	55	11
56	545	506	10.00	271	274	50.00	2.2	5.9	2.14	00:31:46	8.4	693	415	0	39	-37	2025-11-08 01:55:35.923058+00	2025-11-08 01:55:35.923062+00	56	11
57	601	380	9.00	269	332	45.00	3	7.2	2.04	00:31:51	6.8	444	340	-12	-462	-202	2025-11-08 01:55:35.926409+00	2025-11-08 01:55:35.926413+00	57	11
58	575	400	9.00	306	269	53.00	4	7.6	2.07	00:32:14	1.1	288	260	-2	56	193	2025-11-08 01:55:35.930332+00	2025-11-08 01:55:35.930337+00	58	11
59	243	576	9.00	122	121	50.00	5.4	3.8	1.89	00:32:35	5.3	246	337	-11	-86	-280	2025-11-08 01:55:35.933656+00	2025-11-08 01:55:35.93366+00	59	11
60	581	397	9.00	273	308	47.00	3.1	6.1	2.2	00:31:26	8.9	707	443	-4	21	-129	2025-11-08 01:55:35.9374+00	2025-11-08 01:55:35.937404+00	60	11
61	758	291	9.00	389	369	51.00	2.7	7.5	2.16	00:32:27	7.8	620	388	1	43	26	2025-11-08 01:55:35.940601+00	2025-11-08 01:55:35.940605+00	61	11
62	435	439	9.00	205	230	47.00	3.1	6.6	1.94	00:32:05	8.4	723	421	4	150	8	2025-11-08 01:55:35.943943+00	2025-11-08 01:55:35.943946+00	62	11
63	485	440	9.00	244	241	50.00	3.8	7.6	2.23	00:32:15	1.9	320	268	0	55	72	2025-11-08 01:55:35.947919+00	2025-11-08 01:55:35.947923+00	63	11
64	592	336	9.00	300	292	51.00	4.1	7.1	2.01	00:33:05	8.1	790	399	0	0	20	2025-11-08 01:55:35.951732+00	2025-11-08 01:55:35.951735+00	64	11
65	430	409	8.00	216	214	50.00	3.9	5.1	2.11	00:32:32	7.3	620	391	9	236	394	2025-11-08 01:55:35.955333+00	2025-11-08 01:55:35.955336+00	65	11
66	367	376	7.00	172	195	47.00	4.6	7.5	2.52	00:31:50	1	208	250	-1	10	187	2025-11-08 01:55:35.958788+00	2025-11-08 01:55:35.958792+00	66	11
67	418	297	7.00	211	207	50.00	5.7	6.7	2.01	00:32:15	7.2	671	405	-10	-137	-53	2025-11-08 01:55:35.962294+00	2025-11-08 01:55:35.962298+00	67	11
68	324	376	7.00	158	166	49.00	4.2	6.3	2.38	00:32:47	8.8	911	422	0	75	81	2025-11-08 01:55:35.965736+00	2025-11-08 01:55:35.96574+00	68	11
69	277	395	7.00	158	119	57.00	3.8	6	2.56	00:32:24	9.4	710	451	6	206	-36	2025-11-08 01:55:35.969029+00	2025-11-08 01:55:35.969033+00	69	11
70	480	225	6.00	233	247	49.00	4	7.9	2.4	00:31:30	9.4	719	450	-1	-27	-259	2025-11-08 01:55:35.972699+00	2025-11-08 01:55:35.972703+00	70	11
71	315	285	6.00	170	145	54.00	4.2	4.7	2.11	00:32:10	7.3	606	395	8	356	285	2025-11-08 01:55:35.975968+00	2025-11-08 01:55:35.975971+00	71	11
72	296	210	5.00	159	137	54.00	2.6	7.7	2.33	00:31:39	7.6	586	400	-8	-181	-213	2025-11-08 01:55:35.979616+00	2025-11-08 01:55:35.97962+00	72	11
73	94	314	5.00	51	43	54.00	2.2	3.9	2.17	00:30:38	8.9	670	447	6	376	44	2025-11-08 01:55:35.982904+00	2025-11-08 01:55:35.982908+00	73	11
74	195	245	5.00	86	109	44.00	3.5	5	2.09	00:32:30	8.3	776	419	3	131	19	2025-11-08 01:55:35.986865+00	2025-11-08 01:55:35.986869+00	74	11
75	113	291	4.00	57	56	50.00	3.4	5.4	2.28	00:31:22	8.7	627	465	5	498	150	2025-11-08 01:55:35.990468+00	2025-11-08 01:55:35.990472+00	75	11
76	358	152	4.00	176	182	49.00	2.5	6.6	2.33	00:31:38	6.7	530	351	-7	-283	-95	2025-11-08 01:55:35.994216+00	2025-11-08 01:55:35.99422+00	76	11
77	298	164	4.00	138	160	46.00	3.6	7.6	2.15	00:32:10	9.4	907	447	-1	-226	-43	2025-11-08 01:55:35.99779+00	2025-11-08 01:55:35.997794+00	77	11
78	404	129	4.00	191	213	47.00	3.9	7.8	2.42	00:32:01	9.9	729	461	-1	66	-60	2025-11-08 01:55:36.001104+00	2025-11-08 01:55:36.001107+00	78	11
79	186	231	4.00	91	95	49.00	2.3	6.9	2.26	00:31:44	1.4	378	285	0	371	-123	2025-11-08 01:55:36.004477+00	2025-11-08 01:55:36.004481+00	79	11
80	310	177	4.00	155	155	50.00	3.3	6.5	2.49	00:31:27	6.4	427	374	0	71	0	2025-11-08 01:55:36.007951+00	2025-11-08 01:55:36.007955+00	80	11
81	203	202	4.00	105	98	52.00	3.6	5.4	2.36	00:32:05	5.9	469	350	-10	-284	-94	2025-11-08 01:55:36.011286+00	2025-11-08 01:55:36.01129+00	81	11
82	142	199	4.00	58	84	41.00	3.5	6.5	2.29	00:32:15	7.5	711	394	5	350	229	2025-11-08 01:55:36.014762+00	2025-11-08 01:55:36.014766+00	82	11
83	126	180	3.00	58	68	46.00	2.5	6.6	2.34	00:32:25	7.8	621	406	4	169	-1	2025-11-08 01:55:36.018571+00	2025-11-08 01:55:36.018574+00	83	11
84	152	164	3.00	76	76	50.00	2.7	6.6	2.48	00:32:26	1.3	277	293	-2	268	-213	2025-11-08 01:55:36.021951+00	2025-11-08 01:55:36.021955+00	84	11
85	136	162	3.00	71	65	52.00	3	5.7	2.32	00:32:17	8.3	624	401	4	10	-36	2025-11-08 01:55:36.025664+00	2025-11-08 01:55:36.025667+00	85	11
86	163	145	3.00	83	80	51.00	3.3	5.7	2.26	00:31:44	7.4	629	404	8	281	472	2025-11-08 01:55:36.029098+00	2025-11-08 01:55:36.029102+00	86	11
87	231	89	3.00	107	124	46.00	2.1	6.6	2.24	00:32:07	7.4	592	373	-2	-185	-144	2025-11-08 01:55:36.032466+00	2025-11-08 01:55:36.03247+00	87	11
88	182	141	3.00	98	84	54.00	3	8.3	2.97	00:31:25	0.9	215	249	-2	-128	-202	2025-11-08 01:55:36.036222+00	2025-11-08 01:55:36.036225+00	88	11
89	199	104	3.00	87	112	44.00	2.9	5.8	2.47	00:31:18	9	737	444	0	-83	-108	2025-11-08 01:55:36.039411+00	2025-11-08 01:55:36.039415+00	89	11
90	117	137	3.00	57	60	49.00	3.4	3.9	2.04	00:32:44	7.4	554	407	5	362	260	2025-11-08 01:55:36.043027+00	2025-11-08 01:55:36.043031+00	90	11
91	120	132	2.00	57	63	48.00	3.2	5.6	2.36	00:32:10	7.3	596	398	5	117	210	2025-11-08 01:55:36.046423+00	2025-11-08 01:55:36.046427+00	91	11
92	206	53	2.00	94	112	46.00	4.3	8.3	2.33	00:32:34	0.9	259	249	-2	-58	196	2025-11-08 01:55:36.050039+00	2025-11-08 01:55:36.050043+00	92	11
93	80	108	2.00	36	44	45.00	1.8	6.4	1.78	00:30:34	8.8	609	443	10	556	67	2025-11-08 01:55:36.053275+00	2025-11-08 01:55:36.053278+00	93	11
94	61	124	2.00	31	30	51.00	4.1	3.9	2.72	00:30:57	7.5	783	388	1	323	76	2025-11-08 01:55:36.057024+00	2025-11-08 01:55:36.057028+00	94	11
95	56	108	2.00	34	22	61.00	3	6.9	1.91	00:33:27	7.5	568	415	13	417	353	2025-11-08 01:55:36.060513+00	2025-11-08 01:55:36.060517+00	95	11
96	90	93	2.00	45	45	50.00	2.3	7.1	2.34	00:31:43	8.5	531	415	4	101	-26	2025-11-08 01:55:36.063993+00	2025-11-08 01:55:36.063997+00	96	11
97	116	79	2.00	48	68	41.00	4.3	7.7	2.5	00:31:52	2.9	327	286	-3	-72	131	2025-11-08 01:55:36.06729+00	2025-11-08 01:55:36.067293+00	97	11
98	135	70	2.00	68	67	50.00	2.5	6.9	2.53	00:31:45	6.8	508	379	2	49	-101	2025-11-08 01:55:36.071119+00	2025-11-08 01:55:36.071123+00	98	11
99	143	65	2.00	72	71	50.00	3.3	4.6	2.62	00:31:21	7.3	644	383	6	84	328	2025-11-08 01:55:36.07464+00	2025-11-08 01:55:36.074643+00	99	11
100	142	48	2.00	65	77	46.00	3.1	7.9	2.46	00:31:54	1.1	186	248	0	-26	59	2025-11-08 01:55:36.077939+00	2025-11-08 01:55:36.077944+00	100	11
101	75	87	1.00	34	41	45.00	3.5	5.1	2.91	00:32:11	8.3	578	447	-5	582	-131	2025-11-08 01:55:36.081354+00	2025-11-08 01:55:36.081357+00	101	11
102	65	73	1.00	26	39	40.00	2.5	8.6	2.11	00:31:34	6.8	524	341	-17	-650	-217	2025-11-08 01:55:36.084958+00	2025-11-08 01:55:36.084963+00	102	11
103	101	63	1.00	46	55	46.00	2.3	8.2	2.68	00:31:45	7.5	700	387	13	473	275	2025-11-08 01:55:36.088612+00	2025-11-08 01:55:36.088616+00	103	11
104	76	72	1.00	31	45	41.00	2.4	5.9	2.37	00:31:50	7.1	522	351	0	-61	-35	2025-11-08 01:55:36.092114+00	2025-11-08 01:55:36.092119+00	104	11
105	46	85	1.00	16	30	35.00	2.4	3.4	2.5	00:30:56	5	399	325	-7	-339	-204	2025-11-08 01:55:36.095621+00	2025-11-08 01:55:36.095625+00	105	11
106	27	90	1.00	16	11	59.00	4.2	3.7	2.11	00:30:40	7.9	454	439	15	658	585	2025-11-08 01:55:36.099493+00	2025-11-08 01:55:36.099497+00	106	11
107	64	60	1.00	32	32	50.00	2.2	5.7	2.08	00:32:03	8.7	580	430	0	-153	43	2025-11-08 01:55:36.102817+00	2025-11-08 01:55:36.102821+00	107	11
108	117	36	1.00	50	67	43.00	4.7	8.9	2.48	00:32:24	0.9	155	242	-1	-93	249	2025-11-08 01:55:36.106281+00	2025-11-08 01:55:36.106284+00	108	11
109	70	47	1.00	42	28	60.00	2.5	7.9	2.24	00:31:12	6.6	581	381	1	124	44	2025-11-08 01:55:36.109542+00	2025-11-08 01:55:36.109546+00	109	11
110	81	38	1.00	38	43	47.00	3.1	5.5	2.3	00:31:12	8.3	748	406	3	15	14	2025-11-08 01:55:36.112964+00	2025-11-08 01:55:36.112968+00	110	11
111	65	38	1.00	38	27	58.00	4.3	5.5	2.11	00:30:59	7.7	723	396	0	156	-15	2025-11-08 01:55:36.116699+00	2025-11-08 01:55:36.116704+00	111	11
112	65	42	1.00	32	33	49.00	3.3	5.6	2.54	00:32:06	8.4	837	456	2	346	155	2025-11-08 01:55:36.12008+00	2025-11-08 01:55:36.120084+00	112	11
113	68	35	1.00	31	37	46.00	2.2	6.7	2.6	00:30:48	4.3	333	310	0	-52	53	2025-11-08 01:55:36.123393+00	2025-11-08 01:55:36.123397+00	113	11
114	34	45	1.00	14	20	41.00	3.2	6	1.79	00:32:58	5.8	624	343	-3	-118	17	2025-11-08 01:55:36.126888+00	2025-11-08 01:55:36.126892+00	114	11
115	36	46	1.00	21	15	58.00	3.1	4.3	1.97	00:33:39	7.5	956	417	12	359	616	2025-11-08 01:55:36.130386+00	2025-11-08 01:55:36.13039+00	115	11
116	56	29	1.00	24	32	43.00	2.7	5.1	2.29	00:32:04	7.2	523	383	-4	81	-161	2025-11-08 01:55:36.133861+00	2025-11-08 01:55:36.133865+00	116	11
117	34	41	1.00	24	10	71.00	3.5	5.7	2.18	00:34:24	1.6	313	271	-4	41	-8	2025-11-08 01:55:36.13703+00	2025-11-08 01:55:36.137034+00	117	11
118	31	34	1.00	20	11	65.00	2.8	4.4	1.52	00:31:24	6.9	562	391	0	102	-48	2025-11-08 01:55:36.14049+00	2025-11-08 01:55:36.140495+00	118	11
119	57	25	1.00	25	32	44.00	3.3	6.1	2.25	00:34:07	8.8	877	433	1	84	-43	2025-11-08 01:55:36.143726+00	2025-11-08 01:55:36.143729+00	119	11
120	3	55	1.00	1	2	33.00	1.5	2.4	2.33	00:25:54	8	658	422	-8	-1550	-1084	2025-11-08 01:55:36.147163+00	2025-11-08 01:55:36.147167+00	120	11
121	64	18	1.00	32	32	50.00	2	7.8	2.28	00:31:56	7.5	657	383	1	-21	92	2025-11-08 01:55:36.150433+00	2025-11-08 01:55:36.150437+00	121	11
122	66	29	1.00	23	43	35.00	1.9	8.4	3.05	00:30:56	1.1	212	237	0	-106	5	2025-11-08 01:55:36.153936+00	2025-11-08 01:55:36.15394+00	122	11
123	19	41	1.00	12	7	63.00	3.3	4	1.74	00:28:51	8.1	541	427	1	259	78	2025-11-08 01:55:36.157399+00	2025-11-08 01:55:36.157403+00	123	11
124	59	22	1.00	30	29	51.00	3	8.5	2.54	00:30:28	1.4	138	255	1	-160	97	2025-11-08 01:55:36.160869+00	2025-11-08 01:55:36.160873+00	124	11
125	65	20	1.00	37	28	57.00	4.7	7	2.65	00:31:20	8.3	755	418	-10	-394	-345	2025-11-08 01:55:36.16484+00	2025-11-08 01:55:36.164846+00	125	11
126	23	33	1.00	13	10	57.00	1.7	7.1	1.74	00:32:09	7	476	374	0	-12	-406	2025-11-08 01:55:36.168335+00	2025-11-08 01:55:36.168339+00	126	11
127	50	13	1.00	21	29	42.00	2.8	7.6	1.9	00:33:22	6.8	750	374	9	194	421	2025-11-08 01:55:36.171725+00	2025-11-08 01:55:36.171728+00	127	11
128	29	25	1.00	12	17	41.00	4.4	5.3	1.72	00:32:19	1.1	234	252	-1	226	268	2025-11-08 01:55:36.174969+00	2025-11-08 01:55:36.174973+00	128	11
129	43	20	1.00	24	19	56.00	5.8	6.2	2.16	00:31:10	8	961	413	-1	-24	131	2025-11-08 01:55:36.178464+00	2025-11-08 01:55:36.178468+00	129	11
130	37	24	1.00	16	21	43.00	3.2	5.4	2.51	00:31:25	6.3	567	345	-4	-193	113	2025-11-08 01:55:36.182192+00	2025-11-08 01:55:36.182196+00	130	11
131	18	30	0.00	8	10	44.00	2.9	3	2.44	00:31:36	6.3	360	353	6	53	186	2025-11-08 01:55:36.185465+00	2025-11-08 01:55:36.185468+00	131	11
132	42	12	0.00	20	22	48.00	3.5	8.8	2.21	00:32:15	8.1	723	437	-7	-339	-206	2025-11-08 01:55:36.188818+00	2025-11-08 01:55:36.188821+00	132	11
133	35	15	0.00	14	21	40.00	1.9	6.5	2.2	00:31:13	8	634	401	-2	-38	-187	2025-11-08 01:55:36.192085+00	2025-11-08 01:55:36.192088+00	133	11
134	18	25	0.00	4	14	22.00	1.3	5.8	2.56	00:30:05	7.5	606	388	0	158	19	2025-11-08 01:55:36.195541+00	2025-11-08 01:55:36.195545+00	134	11
135	33	19	0.00	14	19	42.00	2.7	5.7	2.79	00:30:43	8	797	428	-13	-594	-262	2025-11-08 01:55:36.198853+00	2025-11-08 01:55:36.198856+00	135	11
136	33	14	0.00	15	18	45.00	2.5	6.9	2.24	00:29:36	7.1	535	385	-3	-153	-230	2025-11-08 01:55:36.202209+00	2025-11-08 01:55:36.202213+00	136	11
137	29	17	0.00	12	17	41.00	2.6	5.6	2.17	00:32:46	7.9	648	387	1	-206	48	2025-11-08 01:55:36.205494+00	2025-11-08 01:55:36.205498+00	137	11
138	11	26	0.00	7	4	64.00	3.3	3.7	2.18	00:29:59	7.5	497	415	9	313	584	2025-11-08 01:55:36.209002+00	2025-11-08 01:55:36.209006+00	138	11
139	23	19	0.00	16	7	70.00	3.4	6.7	2.74	00:34:19	8.7	546	452	-1	-105	478	2025-11-08 01:55:36.212328+00	2025-11-08 01:55:36.212331+00	139	11
140	29	16	0.00	12	17	41.00	3.9	5.6	2.41	00:31:41	0.9	185	244	-1	-31	242	2025-11-08 01:55:36.215726+00	2025-11-08 01:55:36.215729+00	140	11
141	27	13	0.00	16	11	59.00	4	7	2.11	00:32:12	7.3	559	409	7	247	284	2025-11-08 01:55:36.218904+00	2025-11-08 01:55:36.218907+00	141	11
142	28	16	0.00	9	19	32.00	4	7.1	3.11	00:30:19	0.6	257	232	-5	-265	483	2025-11-08 01:55:36.222395+00	2025-11-08 01:55:36.222398+00	142	11
143	32	11	0.00	10	22	31.00	2.6	8.5	2.56	00:30:06	7.6	539	369	-3	-296	-247	2025-11-08 01:55:36.225823+00	2025-11-08 01:55:36.225827+00	143	11
144	7	22	0.00	3	4	43.00	2.2	2.8	1.86	00:30:31	7	397	380	8	128	768	2025-11-08 01:55:36.229224+00	2025-11-08 01:55:36.229228+00	144	11
145	31	8	0.00	15	16	48.00	5.1	8.5	2.81	00:32:24	3	270	281	-3	-359	46	2025-11-08 01:55:36.232387+00	2025-11-08 01:55:36.232391+00	145	11
146	23	8	0.00	12	11	52.00	3.6	8.3	2.22	00:30:33	8.1	735	416	2	187	-26	2025-11-08 01:55:36.235863+00	2025-11-08 01:55:36.235867+00	146	11
147	18	12	0.00	5	13	28.00	1.8	8.4	2.89	00:30:46	8.9	496	428	-1	309	-127	2025-11-08 01:55:36.239388+00	2025-11-08 01:55:36.239392+00	147	11
148	25	7	0.00	12	13	48.00	4.2	8.3	2.52	00:31:53	8	595	413	-5	-125	-89	2025-11-08 01:55:36.242949+00	2025-11-08 01:55:36.242952+00	148	11
149	19	7	0.00	10	9	53.00	3.7	8	1.89	00:31:17	7.2	832	389	0	10	59	2025-11-08 01:55:36.246212+00	2025-11-08 01:55:36.246215+00	149	11
150	3	18	0.00	1	2	33.00	2.1	2	2.67	00:32:15	5.4	1003	345	-12	-1155	-933	2025-11-08 01:55:36.249845+00	2025-11-08 01:55:36.249848+00	150	11
151	14	8	0.00	6	8	43.00	2.5	6.9	2.21	00:31:53	7.9	788	421	18	656	924	2025-11-08 01:55:36.253244+00	2025-11-08 01:55:36.253248+00	151	11
152	9	11	0.00	2	7	22.00	2.4	6	2	00:30:41	7.5	553	425	0	428	176	2025-11-08 01:55:36.256915+00	2025-11-08 01:55:36.25692+00	152	11
153	20	6	0.00	9	11	45.00	3.4	8.7	2.8	00:31:18	8.4	581	415	-17	-724	-430	2025-11-08 01:55:36.260143+00	2025-11-08 01:55:36.260146+00	153	11
154	12	6	0.00	5	7	42.00	2.8	7.2	1.75	00:29:20	8.4	577	420	-7	-2	-49	2025-11-08 01:55:36.263405+00	2025-11-08 01:55:36.26341+00	154	11
155	6	11	0.00	2	4	33.00	2.4	3	1.83	00:29:38	3.6	502	312	-9	-150	-236	2025-11-08 01:55:36.266701+00	2025-11-08 01:55:36.266705+00	155	11
156	5	11	0.00	4	1	80.00	4.5	2.4	3	00:34:33	6	712	370	-6	460	371	2025-11-08 01:55:36.270262+00	2025-11-08 01:55:36.270267+00	156	11
157	7	6	0.00	3	4	43.00	1.3	8.2	1.86	00:33:43	7.7	853	381	6	17	-214	2025-11-08 01:55:36.273512+00	2025-11-08 01:55:36.273516+00	157	11
158	6	5	0.00	0	6	0.00	1.6	5.2	1.33	00:27:09	6.9	639	377	-28	-895	-967	2025-11-08 01:55:36.276797+00	2025-11-08 01:55:36.276801+00	158	11
159	9	4	0.00	5	4	56.00	2.8	4.3	2.11	00:27:46	7.8	482	399	15	229	628	2025-11-08 01:55:36.279947+00	2025-11-08 01:55:36.27995+00	159	11
160	2	7	0.00	1	1	50.00	4.3	3.9	1	00:27:19	6.6	663	415	3	706	1197	2025-11-08 01:55:36.283203+00	2025-11-08 01:55:36.283207+00	160	11
161	4	6	0.00	2	2	50.00	1.8	8.3	2.25	00:30:29	8.6	737	436	-6	-42	-736	2025-11-08 01:55:36.287027+00	2025-11-08 01:55:36.287031+00	161	11
162	13	0	0.00	5	8	38.00	2.8	0	2.31	00:30:57	9.1	649	461	-4	-12	-278	2025-11-08 01:55:36.290362+00	2025-11-08 01:55:36.290366+00	162	11
163	9	1	0.00	4	5	44.00	1.6	6	2.44	00:28:37	7	486	377	-22	-727	-652	2025-11-08 01:55:36.293799+00	2025-11-08 01:55:36.293803+00	163	11
164	7	2	0.00	3	4	43.00	3.1	8	2.71	00:32:46	8.3	705	418	9	325	622	2025-11-08 01:55:36.297026+00	2025-11-08 01:55:36.29703+00	164	11
165	6	1	0.00	2	4	33.00	3.4	9	2.83	00:29:38	1.1	295	254	-5	162	485	2025-11-08 01:55:36.300641+00	2025-11-08 01:55:36.300646+00	165	11
166	6	0	0.00	3	3	50.00	2.2	0	1.67	00:34:25	7.5	566	377	-1	-302	-567	2025-11-08 01:55:36.304388+00	2025-11-08 01:55:36.304392+00	166	11
167	4	1	0.00	3	1	75.00	5.1	9	2.75	00:34:39	7.7	749	485	2	194	348	2025-11-08 01:55:36.308445+00	2025-11-08 01:55:36.308451+00	167	11
168	1	1	0.00	0	1	0.00	0.8	2	1	00:33:40	5.3	415	291	-8	-434	-340	2025-11-08 01:55:36.312328+00	2025-11-08 01:55:36.312332+00	168	11
169	3	1	0.00	0	3	0.00	1	10	3.33	00:33:57	3.7	249	273	-18	-814	-914	2025-11-08 01:55:36.31591+00	2025-11-08 01:55:36.315915+00	169	11
170	1	0	0.00	1	0	100.00	4.3	0	2	00:31:30	7.7	861	539	-19	437	-1349	2025-11-08 01:55:36.319342+00	2025-11-08 01:55:36.319346+00	170	11
171	0	0	0.00	0	0	0.00	0	0	0	\N	0	0	0	0	0	0	2025-11-08 01:55:36.322589+00	2025-11-08 01:55:36.322593+00	171	11
172	1316	3923	64.00	739	577	56.00	3.2	3.8	1.58	00:32:03	7.3	707	390	9	411	215	2025-11-08 02:01:19.727244+00	2025-11-08 02:01:19.727254+00	3	10
173	1274	3934	63.00	703	571	55.00	4.2	4.1	1.59	00:31:48	6.8	570	384	0	51	77	2025-11-08 02:01:19.731669+00	2025-11-08 02:01:19.731676+00	48	10
174	2985	1789	54.00	1463	1522	49.00	2.4	6.5	1.51	00:31:59	1.7	182	255	5	-3	44	2025-11-08 02:01:19.735887+00	2025-11-08 02:01:19.735893+00	17	10
175	2122	2339	52.00	1041	1081	49.00	3.8	4.7	1.52	00:32:13	8.7	677	427	9	185	146	2025-11-08 02:01:19.740079+00	2025-11-08 02:01:19.740084+00	1	10
176	1070	3114	51.00	565	505	53.00	3.7	4.1	1.59	00:31:28	8.9	514	437	12	431	242	2025-11-08 02:01:19.744495+00	2025-11-08 02:01:19.7445+00	15	10
177	2982	1493	49.00	1488	1494	50.00	3	6.8	1.59	00:32:05	7.6	430	367	-6	-307	-7	2025-11-08 02:01:19.749161+00	2025-11-08 02:01:19.749167+00	28	10
178	2998	1379	48.00	1558	1440	52.00	3.1	6.8	1.62	00:32:06	1.9	159	262	-4	-125	-177	2025-11-08 02:01:19.754106+00	2025-11-08 02:01:19.754114+00	10	10
179	1646	2388	47.00	878	768	53.00	3.6	4.7	1.58	00:31:15	9.5	650	457	-1	158	-10	2025-11-08 02:01:19.758826+00	2025-11-08 02:01:19.758832+00	60	10
180	1497	2484	47.00	766	731	51.00	2.8	5.2	1.59	00:32:07	5.8	288	340	0	1	64	2025-11-08 02:01:19.763401+00	2025-11-08 02:01:19.763407+00	2	10
181	2039	1886	45.00	1104	935	54.00	3.3	4.6	1.6	00:31:53	4.5	381	305	-7	-259	-319	2025-11-08 02:01:19.767685+00	2025-11-08 02:01:19.767692+00	27	10
182	1190	2095	39.00	642	548	54.00	5.2	4	1.52	00:31:49	3.2	568	342	-63	-704	-991	2025-11-08 02:01:19.771949+00	2025-11-08 02:01:19.771955+00	67	10
183	2213	1205	38.00	1090	1123	49.00	3.8	5.3	1.6	00:31:44	9.4	766	446	3	118	22	2025-11-08 02:01:19.776356+00	2025-11-08 02:01:19.776362+00	14	10
184	1773	1415	36.00	846	927	48.00	3.8	5	1.65	00:31:50	5.4	309	323	-6	-221	-245	2025-11-08 02:01:19.780795+00	2025-11-08 02:01:19.780801+00	29	10
185	1241	1732	35.00	596	645	48.00	4.3	5	1.51	00:32:17	8.5	605	403	4	51	52	2025-11-08 02:01:19.785258+00	2025-11-08 02:01:19.785263+00	22	10
186	1764	1172	33.00	900	864	51.00	3.3	5.3	1.57	00:32:06	9.3	688	432	0	-82	62	2025-11-08 02:01:19.790106+00	2025-11-08 02:01:19.790111+00	4	10
187	1319	1512	32.00	667	652	51.00	3.3	4.7	1.64	00:32:04	9.1	710	441	4	106	3	2025-11-08 02:01:19.794449+00	2025-11-08 02:01:19.794453+00	41	10
188	1482	1318	32.00	778	704	52.00	4	5.2	1.64	00:32:29	8.6	669	412	0	-64	40	2025-11-08 02:01:19.798968+00	2025-11-08 02:01:19.798977+00	7	10
189	1662	1131	31.00	823	839	50.00	4	5.5	1.64	00:31:44	9.1	817	428	3	-18	72	2025-11-08 02:01:19.804096+00	2025-11-08 02:01:19.804102+00	13	10
190	1792	946	30.00	817	975	46.00	2.2	6.8	1.6	00:31:26	1.1	199	246	-2	-90	-137	2025-11-08 02:01:19.808783+00	2025-11-08 02:01:19.808789+00	31	10
191	1555	1197	30.00	763	792	49.00	2.4	6.2	1.75	00:31:34	8.3	492	394	8	355	140	2025-11-08 02:01:19.813183+00	2025-11-08 02:01:19.813188+00	38	10
192	1431	988	28.00	668	763	47.00	2.8	7.4	1.52	00:31:48	5.9	392	346	0	-17	-43	2025-11-08 02:01:19.817217+00	2025-11-08 02:01:19.817222+00	16	10
193	712	1430	25.00	345	367	48.00	3.7	4.2	1.65	00:32:08	6.3	594	348	-1	-48	24	2025-11-08 02:01:19.821267+00	2025-11-08 02:01:19.821271+00	63	10
194	1004	1160	24.00	541	463	54.00	2.6	7.1	1.73	00:32:14	7.8	489	398	-3	-57	-140	2025-11-08 02:01:19.825923+00	2025-11-08 02:01:19.825929+00	42	10
195	1138	943	24.00	548	590	48.00	4.1	5.1	1.45	00:32:28	8	761	395	1	7	40	2025-11-08 02:01:19.830416+00	2025-11-08 02:01:19.830421+00	64	10
196	1586	640	23.00	773	813	49.00	4.2	6.1	1.84	00:31:40	10.2	684	463	7	207	144	2025-11-08 02:01:19.834669+00	2025-11-08 02:01:19.834675+00	78	10
197	554	1302	22.00	319	235	58.00	3.2	5.7	1.57	00:31:44	8.2	549	455	0	567	-222	2025-11-08 02:01:19.839056+00	2025-11-08 02:01:19.839062+00	101	10
198	509	1306	22.00	256	253	50.00	4.1	4.7	1.59	00:31:53	8.4	704	424	5	384	271	2025-11-08 02:01:19.843447+00	2025-11-08 02:01:19.843452+00	82	10
199	627	1181	22.00	357	270	57.00	3.4	3.9	1.47	00:31:11	6.5	495	350	-7	-181	-72	2025-11-08 02:01:19.847847+00	2025-11-08 02:01:19.847853+00	20	10
200	1385	666	22.00	723	662	52.00	4	7.9	1.74	00:32:10	1.2	157	253	-5	-49	-179	2025-11-08 02:01:19.852754+00	2025-11-08 02:01:19.852759+00	19	10
201	1266	710	21.00	640	626	51.00	4.3	7.3	1.75	00:31:35	9.3	692	451	0	-110	-14	2025-11-08 02:01:19.856772+00	2025-11-08 02:01:19.856778+00	26	10
202	900	891	20.00	473	427	53.00	3	6	1.68	00:31:40	9.1	598	426	1	-12	71	2025-11-08 02:01:19.861018+00	2025-11-08 02:01:19.861024+00	18	10
203	1081	743	20.00	542	539	50.00	2.7	7.8	1.69	00:32:09	8.5	585	407	6	215	123	2025-11-08 02:01:19.865353+00	2025-11-08 02:01:19.865359+00	53	10
204	1305	530	20.00	608	697	47.00	2.4	7.4	1.57	00:32:17	8.2	556	393	-2	-196	-46	2025-11-08 02:01:19.869569+00	2025-11-08 02:01:19.869575+00	61	10
205	754	980	20.00	386	368	51.00	3.5	7.9	1.71	00:31:28	1	177	248	-4	-18	39	2025-11-08 02:01:19.873924+00	2025-11-08 02:01:19.87393+00	24	10
206	704	1031	20.00	361	343	51.00	2.9	6.8	1.78	00:32:23	5	328	315	-5	-114	-156	2025-11-08 02:01:19.877911+00	2025-11-08 02:01:19.877917+00	9	10
207	1155	670	20.00	581	574	50.00	2.8	8.4	1.71	00:31:46	1	148	243	-3	-117	-69	2025-11-08 02:01:19.882046+00	2025-11-08 02:01:19.882052+00	11	10
208	871	841	19.00	443	428	51.00	4.4	4.7	1.62	00:32:40	9.7	872	450	7	-282	103	2025-11-08 02:01:19.886649+00	2025-11-08 02:01:19.886655+00	77	10
209	1029	647	19.00	486	543	47.00	3.4	6.7	1.61	00:31:56	6.5	352	371	7	208	261	2025-11-08 02:01:19.89096+00	2025-11-08 02:01:19.890966+00	54	10
210	426	1072	18.00	188	238	44.00	3	5.1	1.55	00:32:19	6.1	340	350	5	182	166	2025-11-08 02:01:19.895647+00	2025-11-08 02:01:19.895653+00	36	10
211	810	775	18.00	425	385	52.00	3.5	5	1.63	00:31:51	6.9	685	378	7	183	295	2025-11-08 02:01:19.899827+00	2025-11-08 02:01:19.899834+00	127	10
212	700	810	17.00	365	335	52.00	4	7	1.64	00:31:27	1.1	202	261	-8	0	58	2025-11-08 02:01:19.90375+00	2025-11-08 02:01:19.903755+00	55	10
213	887	648	17.00	443	444	50.00	3.5	6.4	1.7	00:32:03	5.9	351	354	0	95	12	2025-11-08 02:01:19.90782+00	2025-11-08 02:01:19.907825+00	80	10
214	681	769	16.00	363	318	53.00	3.7	4.6	1.66	00:31:42	6.8	657	365	12	221	479	2025-11-08 02:01:19.911654+00	2025-11-08 02:01:19.911659+00	49	10
215	470	884	16.00	229	241	49.00	5.2	3.9	1.49	00:31:23	5.1	208	324	-13	-168	-351	2025-11-08 02:01:19.915798+00	2025-11-08 02:01:19.915803+00	59	10
216	523	771	15.00	270	253	52.00	3	5.2	1.63	00:32:01	6.5	502	356	-2	20	9	2025-11-08 02:01:19.919721+00	2025-11-08 02:01:19.919726+00	23	10
217	811	494	15.00	410	401	51.00	4.3	5.9	1.5	00:31:20	9.6	695	455	4	7	-85	2025-11-08 02:01:19.923784+00	2025-11-08 02:01:19.923789+00	70	10
218	494	706	14.00	244	250	49.00	4	4.1	1.73	00:31:04	6.9	569	379	8	257	268	2025-11-08 02:01:19.927667+00	2025-11-08 02:01:19.927673+00	71	10
219	643	543	13.00	279	364	43.00	2.3	5.9	1.59	00:31:45	7.4	465	360	-1	-23	74	2025-11-08 02:01:19.931404+00	2025-11-08 02:01:19.931409+00	104	10
220	761	436	13.00	374	387	49.00	4.8	6.4	1.84	00:31:52	8.6	643	412	-1	11	10	2025-11-08 02:01:19.936605+00	2025-11-08 02:01:19.93661+00	32	10
221	534	549	12.00	272	262	51.00	3.9	5.3	1.76	00:31:19	7.3	551	384	10	218	383	2025-11-08 02:01:19.940689+00	2025-11-08 02:01:19.940693+00	65	10
222	286	714	12.00	137	149	48.00	3.4	4.3	1.69	00:31:28	8.7	584	472	5	487	37	2025-11-08 02:01:19.944673+00	2025-11-08 02:01:19.944677+00	75	10
223	433	563	12.00	202	231	47.00	3.2	6	1.49	00:31:38	8.2	550	406	-2	-47	6	2025-11-08 02:01:19.9486+00	2025-11-08 02:01:19.948606+00	46	10
224	704	333	11.00	344	360	49.00	3.2	7.8	1.58	00:31:09	6.8	404	340	1	-317	119	2025-11-08 02:01:19.952422+00	2025-11-08 02:01:19.952426+00	57	10
225	522	493	11.00	227	295	43.00	2.6	7.1	1.65	00:31:33	8.7	733	421	4	139	-48	2025-11-08 02:01:19.956859+00	2025-11-08 02:01:19.956864+00	12	10
226	623	472	11.00	305	318	49.00	4	6.4	1.94	00:31:51	9.6	675	445	6	190	84	2025-11-08 02:01:19.960754+00	2025-11-08 02:01:19.960758+00	33	10
227	772	293	11.00	384	388	50.00	5.7	7.5	1.63	00:32:04	9	621	428	-1	-138	-16	2025-11-08 02:01:19.964778+00	2025-11-08 02:01:19.964782+00	37	10
228	598	391	11.00	265	333	44.00	5	6	1.46	00:32:02	1.1	116	250	-3	-105	-21	2025-11-08 02:01:19.968379+00	2025-11-08 02:01:19.968383+00	108	10
229	460	479	11.00	252	208	55.00	2.4	7.1	1.51	00:31:18	7.3	508	398	-4	-90	-186	2025-11-08 02:01:19.972196+00	2025-11-08 02:01:19.972201+00	72	10
230	375	584	11.00	173	202	46.00	4	6.4	1.77	00:32:30	9	846	424	4	143	172	2025-11-08 02:01:19.975743+00	2025-11-08 02:01:19.975747+00	68	10
231	498	424	10.00	240	258	48.00	3.1	5.2	1.73	00:31:52	5.7	383	344	0	32	-58	2025-11-08 02:01:19.979604+00	2025-11-08 02:01:19.979609+00	98	10
232	269	563	10.00	147	122	55.00	2.9	7.3	1.48	00:31:47	8.3	581	419	7	280	26	2025-11-08 02:01:19.983324+00	2025-11-08 02:01:19.983329+00	83	10
233	390	444	10.00	188	202	48.00	2.4	8.4	1.52	00:31:30	8.6	644	421	5	111	-72	2025-11-08 02:01:19.986816+00	2025-11-08 02:01:19.98682+00	5	10
234	439	444	10.00	236	203	54.00	2.5	6.6	1.77	00:32:07	8	654	398	10	297	165	2025-11-08 02:01:19.9909+00	2025-11-08 02:01:19.990904+00	103	10
235	618	237	10.00	253	365	41.00	2.8	6.4	1.47	00:31:46	9	634	425	0	-242	-103	2025-11-08 02:01:19.994831+00	2025-11-08 02:01:19.994836+00	89	10
236	663	258	9.00	329	334	50.00	4	7.9	1.81	00:32:23	9.7	618	445	4	27	138	2025-11-08 02:01:19.998939+00	2025-11-08 02:01:19.998943+00	44	10
237	284	445	9.00	156	128	55.00	3.8	5.5	1.57	00:31:40	8.9	707	444	8	284	98	2025-11-08 02:01:20.00269+00	2025-11-08 02:01:20.002695+00	69	10
238	327	347	8.00	167	160	51.00	3.6	8	1.54	00:31:25	5.4	298	339	-6	-119	-209	2025-11-08 02:01:20.006921+00	2025-11-08 02:01:20.006925+00	51	10
239	261	398	8.00	122	139	47.00	2.9	4.5	1.54	00:31:37	7.7	844	403	15	351	652	2025-11-08 02:01:20.011253+00	2025-11-08 02:01:20.011259+00	115	10
240	494	201	7.00	234	260	47.00	2.9	7.3	1.68	00:31:59	7.3	551	363	-5	-110	4	2025-11-08 02:01:20.014696+00	2025-11-08 02:01:20.0147+00	76	10
241	333	233	6.00	143	190	43.00	2.9	6.5	1.52	00:31:54	8.6	645	416	2	-14	-87	2025-11-08 02:01:20.018846+00	2025-11-08 02:01:20.01885+00	62	10
242	231	282	6.00	119	112	52.00	2.8	7.9	1.61	00:32:06	1	191	251	-3	-138	-210	2025-11-08 02:01:20.022983+00	2025-11-08 02:01:20.022987+00	88	10
243	209	293	6.00	106	103	51.00	4.4	4.4	1.62	00:31:15	5.9	374	343	7	-68	190	2025-11-08 02:01:20.026692+00	2025-11-08 02:01:20.026696+00	97	10
244	260	258	6.00	132	128	51.00	4.6	5	1.78	00:31:25	8.6	766	423	-7	-317	-297	2025-11-08 02:01:20.030203+00	2025-11-08 02:01:20.030207+00	125	10
245	276	216	6.00	125	151	45.00	2.7	6.4	1.48	00:31:02	6.4	449	342	-6	-202	-83	2025-11-08 02:01:20.034099+00	2025-11-08 02:01:20.034103+00	105	10
246	386	128	6.00	170	216	44.00	2.8	8.1	1.58	00:31:42	4.1	215	290	44	508	859	2025-11-08 02:01:20.037628+00	2025-11-08 02:01:20.037633+00	122	10
247	121	314	5.00	65	56	54.00	2.5	5.6	1.45	00:31:16	7.8	450	399	8	262	46	2025-11-08 02:01:20.04155+00	2025-11-08 02:01:20.041555+00	95	10
248	199	234	5.00	91	108	46.00	2.9	8.7	1.4	00:31:31	7	482	349	-13	-611	-114	2025-11-08 02:01:20.045218+00	2025-11-08 02:01:20.045222+00	102	10
249	122	316	5.00	63	59	52.00	3.8	3.8	1.83	00:32:22	7.6	713	383	-4	-168	-48	2025-11-08 02:01:20.049147+00	2025-11-08 02:01:20.049152+00	21	10
250	441	18	4.00	253	188	57.00	5.2	7.7	1.66	00:32:28	1.1	238	256	-4	-7	-38	2025-11-08 02:01:20.052975+00	2025-11-08 02:01:20.052984+00	92	10
251	263	145	4.00	105	158	40.00	4.7	7.9	1.75	00:32:09	1	171	247	-4	-69	69	2025-11-08 02:01:20.056756+00	2025-11-08 02:01:20.05676+00	66	10
252	233	144	4.00	126	107	54.00	4.4	7.2	1.6	00:32:19	1.2	236	263	-14	-49	-35	2025-11-08 02:01:20.060951+00	2025-11-08 02:01:20.060955+00	58	10
253	116	210	4.00	59	57	51.00	1.9	6	1.44	00:30:43	8.9	628	444	4	151	-70	2025-11-08 02:01:20.06472+00	2025-11-08 02:01:20.064725+00	73	10
254	225	148	4.00	114	111	51.00	3.3	5.5	1.99	00:32:00	6.7	424	364	-3	19	2	2025-11-08 02:01:20.068527+00	2025-11-08 02:01:20.068531+00	116	10
255	143	180	4.00	92	51	64.00	3.1	6.1	1.66	00:31:31	1.5	257	308	-7	269	-198	2025-11-08 02:01:20.072143+00	2025-11-08 02:01:20.072147+00	84	10
256	250	96	4.00	121	129	48.00	3.1	8.2	1.65	00:32:30	6	346	349	-3	-93	-164	2025-11-08 02:01:20.076389+00	2025-11-08 02:01:20.076393+00	25	10
257	167	161	4.00	89	78	53.00	2.9	6.7	1.77	00:31:20	8.8	467	423	13	238	284	2025-11-08 02:01:20.079987+00	2025-11-08 02:01:20.079991+00	96	10
258	151	179	4.00	84	67	56.00	3.5	5.3	1.89	00:31:57	7.3	520	401	9	355	342	2025-11-08 02:01:20.083864+00	2025-11-08 02:01:20.083868+00	91	10
259	202	113	4.00	94	108	47.00	2.4	5.9	1.58	00:31:42	7	408	350	-3	-214	-18	2025-11-08 02:01:20.08766+00	2025-11-08 02:01:20.087665+00	30	10
260	155	129	3.00	75	80	48.00	3	7.4	1.75	00:31:09	8	552	411	-8	-227	-152	2025-11-08 02:01:20.091354+00	2025-11-08 02:01:20.091359+00	47	10
261	80	158	3.00	25	55	31.00	2.4	4.7	1.4	00:30:33	6.7	298	376	9	214	277	2025-11-08 02:01:20.095666+00	2025-11-08 02:01:20.09567+00	106	10
262	114	110	3.00	61	53	54.00	2.9	7.9	1.69	00:31:11	8.2	613	419	10	267	-8	2025-11-08 02:01:20.09923+00	2025-11-08 02:01:20.099239+00	132	10
263	117	51	2.00	61	56	52.00	1.9	8.7	1.42	00:31:25	7.7	567	378	3	60	-16	2025-11-08 02:01:20.103656+00	2025-11-08 02:01:20.10366+00	121	10
264	79	81	2.00	35	44	44.00	2.1	7.2	1.43	00:32:10	9	596	441	11	262	109	2025-11-08 02:01:20.107357+00	2025-11-08 02:01:20.107361+00	93	10
265	26	126	2.00	9	17	35.00	1.8	2.7	1.73	00:29:01	6.7	336	360	1	45	-154	2025-11-08 02:01:20.11135+00	2025-11-08 02:01:20.111354+00	144	10
266	116	52	2.00	54	62	47.00	3.6	7.8	1.54	00:32:12	7.8	479	402	11	201	346	2025-11-08 02:01:20.115555+00	2025-11-08 02:01:20.11556+00	152	10
267	63	90	2.00	26	37	41.00	1.9	5.4	1.9	00:29:45	7.6	548	381	-8	-239	-268	2025-11-08 02:01:20.119854+00	2025-11-08 02:01:20.119858+00	163	10
268	109	53	2.00	44	65	40.00	2.2	6.5	1.97	00:31:24	4.7	340	314	1	20	33	2025-11-08 02:01:20.123797+00	2025-11-08 02:01:20.123802+00	113	10
269	94	42	2.00	44	50	47.00	3	8.3	1.33	00:32:29	5.6	267	337	-1	-4	-66	2025-11-08 02:01:20.127644+00	2025-11-08 02:01:20.127653+00	39	10
270	99	54	2.00	44	55	44.00	3.1	5.3	2.03	00:32:12	7.2	628	372	-5	-234	-205	2025-11-08 02:01:20.131871+00	2025-11-08 02:01:20.131875+00	52	10
271	37	87	2.00	18	19	49.00	2.6	5.4	1.35	00:32:05	9.8	516	459	-1	174	47	2025-11-08 02:01:20.135682+00	2025-11-08 02:01:20.135686+00	147	10
272	47	72	1.00	23	24	49.00	3.3	4.3	1.55	00:30:32	8.4	578	409	2	-64	-110	2025-11-08 02:01:20.139229+00	2025-11-08 02:01:20.139233+00	85	10
273	78	43	1.00	34	44	44.00	3	5.2	1.41	00:31:36	8.7	843	422	2	-18	125	2025-11-08 02:01:20.143153+00	2025-11-08 02:01:20.143159+00	35	10
274	88	41	1.00	39	49	44.00	3.3	8.5	1.67	00:31:56	1.1	169	247	-5	-62	0	2025-11-08 02:01:20.146828+00	2025-11-08 02:01:20.146832+00	100	10
275	67	52	1.00	30	37	45.00	2.6	7.3	1.82	00:32:09	8.3	562	417	0	62	-90	2025-11-08 02:01:20.151214+00	2025-11-08 02:01:20.151218+00	134	10
276	83	40	1.00	43	40	52.00	3.4	5.9	1.77	00:32:34	5.6	389	329	-8	-277	-38	2025-11-08 02:01:20.155581+00	2025-11-08 02:01:20.155587+00	40	10
277	96	30	1.00	50	46	52.00	4.4	8.5	1.86	00:32:07	10	742	450	-1	-63	-14	2025-11-08 02:01:20.159698+00	2025-11-08 02:01:20.159703+00	50	10
278	75	53	1.00	34	41	45.00	2.8	4.8	2.24	00:31:51	7.7	708	392	14	266	462	2025-11-08 02:01:20.163405+00	2025-11-08 02:01:20.163409+00	151	10
279	67	38	1.00	27	40	40.00	2.7	6.2	1.64	00:29:42	7	461	382	-2	107	13	2025-11-08 02:01:20.167161+00	2025-11-08 02:01:20.167165+00	136	10
280	73	33	1.00	41	32	56.00	3.1	8	1.86	00:31:17	7.8	727	394	-7	-366	-218	2025-11-08 02:01:20.171022+00	2025-11-08 02:01:20.171028+00	99	10
281	44	49	1.00	22	22	50.00	2.9	5.5	1.59	00:31:07	8.7	373	427	1	43	507	2025-11-08 02:01:20.174687+00	2025-11-08 02:01:20.174691+00	139	10
282	41	46	1.00	20	21	49.00	2.1	5	1.39	00:33:07	5.7	530	353	2	279	72	2025-11-08 02:01:20.178867+00	2025-11-08 02:01:20.178872+00	6	10
283	24	60	1.00	15	9	63.00	2.6	6.3	1.71	00:31:27	8.6	456	421	1	51	-169	2025-11-08 02:01:20.182437+00	2025-11-08 02:01:20.182441+00	123	10
284	45	41	1.00	21	24	47.00	2.4	6.2	1.49	00:32:18	2.6	520	300	2	301	-73	2025-11-08 02:01:20.186934+00	2025-11-08 02:01:20.186938+00	156	10
285	48	35	1.00	21	27	44.00	3.5	5.7	1.71	00:32:42	3.7	468	312	-6	109	52	2025-11-08 02:01:20.190528+00	2025-11-08 02:01:20.190532+00	114	10
286	51	25	1.00	27	24	53.00	2.2	8.4	1.47	00:32:17	8.7	534	421	3	112	72	2025-11-08 02:01:20.194665+00	2025-11-08 02:01:20.194669+00	107	10
287	19	45	1.00	11	8	58.00	3.1	2.4	1.42	00:31:47	8.3	648	395	7	-48	250	2025-11-08 02:01:20.198796+00	2025-11-08 02:01:20.198801+00	110	10
288	22	40	1.00	10	12	45.00	1.4	5.2	1.41	00:31:41	8.5	845	414	15	681	284	2025-11-08 02:01:20.202539+00	2025-11-08 02:01:20.202542+00	157	10
289	27	35	1.00	7	20	26.00	2.2	7.2	1.37	00:31:25	8.3	539	437	3	223	-62	2025-11-08 02:01:20.207059+00	2025-11-08 02:01:20.207063+00	167	10
290	49	14	1.00	23	26	47.00	3.7	6.9	1.59	00:30:39	8.8	868	442	7	137	232	2025-11-08 02:01:20.210913+00	2025-11-08 02:01:20.210917+00	119	10
291	49	19	1.00	24	25	49.00	2.8	8.4	1.9	00:31:39	8.4	727	438	-5	87	-71	2025-11-08 02:01:20.214919+00	2025-11-08 02:01:20.214923+00	112	10
292	31	26	1.00	18	13	58.00	4.9	8.2	1.45	00:31:07	9	646	456	-5	-184	-43	2025-11-08 02:01:20.218511+00	2025-11-08 02:01:20.218515+00	153	10
293	51	9	1.00	14	37	27.00	2.3	8.4	1.61	00:31:35	6.6	435	372	-4	-102	-269	2025-11-08 02:01:20.222546+00	2025-11-08 02:01:20.22255+00	141	10
294	30	18	1.00	10	20	33.00	3.7	6.8	1.07	00:33:02	7.2	834	386	2	148	288	2025-11-08 02:01:20.226327+00	2025-11-08 02:01:20.226331+00	129	10
295	15	33	1.00	12	3	80.00	5.6	2.3	1.4	00:32:14	6.2	338	364	0	-39	-51	2025-11-08 02:01:20.230403+00	2025-11-08 02:01:20.230407+00	131	10
296	37	15	1.00	18	19	49.00	3.3	7.3	1.73	00:31:24	6	550	360	7	194	293	2025-11-08 02:01:20.234671+00	2025-11-08 02:01:20.234676+00	130	10
297	29	17	1.00	15	14	52.00	3.8	7.4	1.45	00:32:11	8.2	707	423	-16	-346	-250	2025-11-08 02:01:20.238559+00	2025-11-08 02:01:20.238563+00	135	10
298	20	21	1.00	8	12	40.00	2.3	7.9	1.1	00:30:02	7.7	615	410	-7	-249	-151	2025-11-08 02:01:20.242427+00	2025-11-08 02:01:20.242432+00	86	10
299	39	8	0.00	14	25	36.00	2.3	8.3	1.59	00:29:53	9	565	412	0	-256	-309	2025-11-08 02:01:20.246248+00	2025-11-08 02:01:20.246252+00	43	10
300	20	22	0.00	9	11	45.00	2.5	6	1.45	00:29:06	8.1	541	408	-4	-208	-173	2025-11-08 02:01:20.250455+00	2025-11-08 02:01:20.250459+00	120	10
301	31	12	0.00	8	23	26.00	2.1	9.1	1.87	00:31:28	1.2	124	240	-6	-213	-63	2025-11-08 02:01:20.254721+00	2025-11-08 02:01:20.25473+00	124	10
302	36	4	0.00	11	25	31.00	1.7	9.3	1.5	00:32:03	6	498	346	-7	-373	-252	2025-11-08 02:01:20.258722+00	2025-11-08 02:01:20.258732+00	109	10
303	11	25	0.00	5	6	45.00	3.3	4.3	1.82	00:28:42	7.7	599	389	-12	-545	-382	2025-11-08 02:01:20.262962+00	2025-11-08 02:01:20.262966+00	94	10
304	30	12	0.00	11	19	37.00	4.1	7.8	1.9	00:32:07	1.2	239	256	-11	-69	-9	2025-11-08 02:01:20.266644+00	2025-11-08 02:01:20.266648+00	128	10
305	24	13	0.00	10	14	42.00	3.5	8.2	1.88	00:29:20	7.6	642	370	-2	-74	13	2025-11-08 02:01:20.270691+00	2025-11-08 02:01:20.270695+00	111	10
306	30	11	0.00	15	15	50.00	3.3	8.5	2.17	00:31:54	8.3	646	408	-3	-262	-133	2025-11-08 02:01:20.274615+00	2025-11-08 02:01:20.274619+00	148	10
307	16	15	0.00	3	13	19.00	1.7	7.5	1.5	00:33:20	7.6	560	382	-7	-350	-456	2025-11-08 02:01:20.2784+00	2025-11-08 02:01:20.278405+00	133	10
308	33	3	0.00	11	22	33.00	3.3	8.3	1.67	00:31:11	5.4	367	332	-15	-634	-262	2025-11-08 02:01:20.28247+00	2025-11-08 02:01:20.282475+00	81	10
309	25	7	0.00	9	16	36.00	3.1	8.9	1.44	00:30:41	2.3	195	263	-4	-253	-84	2025-11-08 02:01:20.286296+00	2025-11-08 02:01:20.2863+00	140	10
310	3	22	0.00	2	1	67.00	9.8	3.6	1	00:34:28	8.3	592	413	-4	-144	-336	2025-11-08 02:01:20.290198+00	2025-11-08 02:01:20.290202+00	137	10
311	24	3	0.00	8	16	33.00	2.9	9	1.25	00:29:03	6.9	500	360	1	-222	90	2025-11-08 02:01:20.294226+00	2025-11-08 02:01:20.29423+00	143	10
312	13	12	0.00	6	7	46.00	2.8	6.7	1.31	00:31:24	9	654	449	-7	-36	-160	2025-11-08 02:01:20.298163+00	2025-11-08 02:01:20.298167+00	154	10
313	11	11	0.00	7	4	64.00	5.9	5.1	1.27	00:31:25	8	825	432	-2	118	60	2025-11-08 02:01:20.301805+00	2025-11-08 02:01:20.301809+00	149	10
314	13	10	0.00	7	6	54.00	2.2	3.3	1.54	00:31:36	5.1	436	349	-5	-15	-240	2025-11-08 02:01:20.305735+00	2025-11-08 02:01:20.30574+00	79	10
315	5	12	0.00	4	1	80.00	5.3	3.3	1.2	00:29:59	8.5	704	475	5	269	225	2025-11-08 02:01:20.309773+00	2025-11-08 02:01:20.309777+00	34	10
316	15	4	0.00	3	12	20.00	3.4	9.3	2	00:32:06	0.6	263	224	-13	-276	13	2025-11-08 02:01:20.313491+00	2025-11-08 02:01:20.313496+00	142	10
317	16	3	0.00	7	9	44.00	2.2	9.3	2	00:31:09	8.2	578	379	-6	-462	-339	2025-11-08 02:01:20.317687+00	2025-11-08 02:01:20.317691+00	146	10
318	7	6	0.00	5	2	71.00	5.5	3.3	1.29	00:34:11	6.4	547	406	-2	112	229	2025-11-08 02:01:20.321416+00	2025-11-08 02:01:20.32142+00	118	10
319	9	4	0.00	3	6	33.00	2.4	7.3	1.33	00:31:35	7.9	538	404	4	116	145	2025-11-08 02:01:20.325324+00	2025-11-08 02:01:20.325328+00	138	10
320	9	4	0.00	3	6	33.00	2	6	1.67	00:27:54	6.2	400	342	-6	88	-308	2025-11-08 02:01:20.328942+00	2025-11-08 02:01:20.328946+00	117	10
321	10	2	0.00	3	7	30.00	2	9	1.2	00:31:57	9.2	583	412	-2	-98	-252	2025-11-08 02:01:20.332681+00	2025-11-08 02:01:20.332686+00	162	10
322	6	5	0.00	1	5	17.00	2.6	6.8	1.33	00:31:39	6	502	361	3	297	322	2025-11-08 02:01:20.336362+00	2025-11-08 02:01:20.336366+00	160	10
323	7	3	0.00	3	4	43.00	3.7	8.3	1.14	00:32:37	1.5	208	258	-15	-556	-607	2025-11-08 02:01:20.340357+00	2025-11-08 02:01:20.340362+00	165	10
324	2	7	0.00	2	0	100.00	2.5	4.7	1	00:34:58	5.9	673	450	-13	314	-243	2025-11-08 02:01:20.343951+00	2025-11-08 02:01:20.343955+00	168	10
325	12	1	0.00	5	7	42.00	1.5	10	2	00:31:26	7.3	540	369	6	-154	-88	2025-11-08 02:01:20.34786+00	2025-11-08 02:01:20.347864+00	87	10
326	11	2	0.00	6	5	55.00	3.3	8	2.27	00:33:24	7	396	371	12	429	594	2025-11-08 02:01:20.352114+00	2025-11-08 02:01:20.352123+00	159	10
327	10	1	0.00	5	5	50.00	2.4	8	1.8	00:33:38	8.5	557	418	-13	-870	-822	2025-11-08 02:01:20.355969+00	2025-11-08 02:01:20.355973+00	164	10
328	5	4	0.00	1	4	20.00	1.7	6.3	1.6	00:27:39	7.6	441	383	-19	-650	-439	2025-11-08 02:01:20.360199+00	2025-11-08 02:01:20.360203+00	158	10
329	11	0	0.00	3	8	27.00	3.2	0	1.82	00:30:30	3.8	269	283	-4	-579	318	2025-11-08 02:01:20.363914+00	2025-11-08 02:01:20.363918+00	145	10
330	5	3	0.00	2	3	40.00	1.5	8.3	2	00:35:09	9.2	792	424	15	654	438	2025-11-08 02:01:20.367763+00	2025-11-08 02:01:20.367768+00	161	10
331	4	0	0.00	1	3	25.00	2.4	0	1	00:27:46	6	423	325	-12	-501	-38	2025-11-08 02:01:20.371687+00	2025-11-08 02:01:20.371691+00	166	10
332	3	1	0.00	2	1	67.00	1.8	1	1	00:29:28	8.3	846	429	23	493	628	2025-11-08 02:01:20.375418+00	2025-11-08 02:01:20.375422+00	150	10
333	2	2	0.00	1	1	50.00	2.8	6.5	1.5	00:31:00	8.8	503	434	-19	-688	-741	2025-11-08 02:01:20.379064+00	2025-11-08 02:01:20.379068+00	56	10
334	2	1	0.00	0	2	0.00	1.8	9	1	00:30:13	7	692	400	2	-366	734	2025-11-08 02:01:20.383115+00	2025-11-08 02:01:20.38312+00	171	10
335	3	0	0.00	1	2	33.00	1.3	0	1	00:28:39	4.4	240	295	-33	-763	-395	2025-11-08 02:01:20.38715+00	2025-11-08 02:01:20.387155+00	155	10
336	3	1	0.00	2	1	67.00	2.1	10	2.33	00:31:31	7.8	504	385	22	721	352	2025-11-08 02:01:20.390711+00	2025-11-08 02:01:20.390715+00	126	10
337	3	0	0.00	2	1	67.00	3.6	0	1.67	00:28:09	4.7	270	324	-12	-266	-210	2025-11-08 02:01:20.394994+00	2025-11-08 02:01:20.394999+00	169	10
338	1	0	0.00	0	1	0.00	1	0	1	00:19:26	7.4	413	396	-20	-1391	-1332	2025-11-08 02:01:20.398568+00	2025-11-08 02:01:20.398573+00	90	10
339	0	0	0.00	0	0	0.00	0	0	0	\N	0	0	0	0	0	0	2025-11-08 02:01:20.402572+00	2025-11-08 02:01:20.402576+00	170	10
340	0	0	0.00	0	0	0.00	0	0	0	\N	0	0	0	0	0	0	2025-11-08 02:01:20.4064+00	2025-11-08 02:01:20.406405+00	8	10
341	0	0	0.00	0	0	0.00	0	0	0	\N	0	0	0	0	0	0	2025-11-08 02:01:20.410741+00	2025-11-08 02:01:20.410745+00	74	10
342	0	0	0.00	0	0	0.00	0	0	0	\N	0	0	0	0	0	0	2025-11-08 02:01:20.414883+00	2025-11-08 02:01:20.414888+00	45	10
343	2216	3253	63.00	1273	943	57.00	3.5	4.1	1.56	00:31:37	4.9	470	330	-3	-169	-170	2025-11-08 02:01:26.7706+00	2025-11-08 02:01:26.770615+00	27	9
344	2750	2607	60.00	1342	1408	49.00	3.8	4.3	1.6	00:31:48	5.1	292	323	-1	-43	-51	2025-11-08 02:01:26.77527+00	2025-11-08 02:01:26.775275+00	29	9
345	1952	2643	53.00	1023	929	52.00	2.8	4.4	1.57	00:31:25	5.3	261	334	0	-84	45	2025-11-08 02:01:26.780291+00	2025-11-08 02:01:26.780301+00	2	9
346	1725	2266	46.00	889	836	52.00	3.2	4.9	1.56	00:31:26	8.7	706	425	3	131	-61	2025-11-08 02:01:26.784651+00	2025-11-08 02:01:26.784655+00	12	9
347	2540	1671	46.00	1395	1145	55.00	4.3	5.3	1.66	00:31:41	9.7	625	453	1	114	109	2025-11-08 02:01:26.788838+00	2025-11-08 02:01:26.788843+00	44	9
348	2734	1378	44.00	1292	1442	47.00	2.9	5.9	1.6	00:31:38	7.6	386	367	-2	-114	-42	2025-11-08 02:01:26.793176+00	2025-11-08 02:01:26.79318+00	28	9
349	1637	2173	43.00	856	781	52.00	2.5	6.2	1.59	00:31:37	8.1	474	399	-3	-57	-118	2025-11-08 02:01:26.797084+00	2025-11-08 02:01:26.797089+00	42	9
350	2370	1599	43.00	1313	1057	55.00	4	6	1.68	00:31:35	1.3	151	247	5	33	13	2025-11-08 02:01:26.801295+00	2025-11-08 02:01:26.8013+00	19	9
351	2480	1410	42.00	1223	1257	49.00	2.5	7.7	1.62	00:31:02	1.3	158	241	2	-52	-61	2025-11-08 02:01:26.805647+00	2025-11-08 02:01:26.805652+00	17	9
352	2105	1632	41.00	1026	1079	49.00	2.3	6.5	1.65	00:31:35	8.3	456	394	8	356	160	2025-11-08 02:01:26.809952+00	2025-11-08 02:01:26.809957+00	38	9
353	1688	1798	40.00	816	872	48.00	3.5	5	1.45	00:32:03	8.7	613	417	2	64	14	2025-11-08 02:01:26.814843+00	2025-11-08 02:01:26.814848+00	1	9
354	826	2396	38.00	410	416	50.00	4.2	4.7	1.62	00:31:31	9.1	682	427	8	352	314	2025-11-08 02:01:26.818975+00	2025-11-08 02:01:26.818979+00	82	9
355	2029	1484	38.00	984	1045	48.00	4.3	4.5	1.72	00:31:53	10	628	455	1	20	-7	2025-11-08 02:01:26.823147+00	2025-11-08 02:01:26.823151+00	78	9
356	2178	1273	38.00	1001	1177	46.00	3	6.2	1.58	00:31:51	5.3	331	341	-2	-62	-104	2025-11-08 02:01:26.827316+00	2025-11-08 02:01:26.82732+00	25	9
357	881	2170	37.00	463	418	53.00	3.8	4.2	1.43	00:32:08	4.2	446	324	-5	-21	-25	2025-11-08 02:01:26.831611+00	2025-11-08 02:01:26.831616+00	48	9
358	1255	1820	35.00	648	607	52.00	3.5	4.4	1.53	00:31:28	6	494	349	-4	-89	-155	2025-11-08 02:01:26.83594+00	2025-11-08 02:01:26.835944+00	52	9
359	1080	1892	34.00	588	492	54.00	3.5	4.4	1.66	00:30:34	9.4	596	454	0	302	7	2025-11-08 02:01:26.840329+00	2025-11-08 02:01:26.840334+00	60	9
360	1772	1338	34.00	856	916	48.00	3.2	5.9	1.61	00:31:59	8.9	655	410	1	-18	98	2025-11-08 02:01:26.844469+00	2025-11-08 02:01:26.844473+00	4	9
361	1078	1527	31.00	544	534	50.00	3.5	3.9	1.4	00:31:32	9	674	440	2	128	4	2025-11-08 02:01:26.848455+00	2025-11-08 02:01:26.84846+00	41	9
362	614	1903	30.00	331	283	54.00	3.4	3.7	1.63	00:30:58	7.6	541	376	2	51	58	2025-11-08 02:01:26.852723+00	2025-11-08 02:01:26.852728+00	23	9
363	2176	633	29.00	1058	1118	49.00	3.4	6.1	1.63	00:31:09	9.4	628	443	-1	8	-108	2025-11-08 02:01:26.857163+00	2025-11-08 02:01:26.857168+00	89	9
364	1521	1099	29.00	740	781	49.00	3	5.1	1.56	00:31:31	6.9	483	353	-3	-140	4	2025-11-08 02:01:26.86113+00	2025-11-08 02:01:26.861135+00	76	9
365	1678	957	28.00	853	825	51.00	4.3	5.1	1.67	00:31:14	9.6	686	457	0	-142	10	2025-11-08 02:01:26.865126+00	2025-11-08 02:01:26.865131+00	26	9
366	1501	1076	27.00	799	702	53.00	3.2	5.3	1.76	00:31:18	1.8	154	256	0	-33	-27	2025-11-08 02:01:26.869394+00	2025-11-08 02:01:26.869398+00	10	9
367	477	1709	27.00	259	218	54.00	3.1	3.7	1.4	00:31:24	5.1	426	344	-3	287	-6	2025-11-08 02:01:26.873476+00	2025-11-08 02:01:26.873481+00	79	9
368	877	1388	26.00	458	419	52.00	3.3	4.9	1.7	00:31:46	5.5	331	329	-6	-166	-118	2025-11-08 02:01:26.87775+00	2025-11-08 02:01:26.877755+00	9	9
369	1493	938	26.00	732	761	49.00	4.7	7.4	1.73	00:31:21	8.4	566	398	0	17	68	2025-11-08 02:01:26.881887+00	2025-11-08 02:01:26.881891+00	32	9
370	462	1623	25.00	242	220	52.00	3.7	3.6	1.34	00:32:24	8.2	547	415	5	313	49	2025-11-08 02:01:26.88592+00	2025-11-08 02:01:26.885924+00	69	9
371	968	1041	23.00	450	518	46.00	3	7.1	1.5	00:31:58	8.5	613	402	4	54	-46	2025-11-08 02:01:26.890365+00	2025-11-08 02:01:26.89037+00	62	9
372	504	1355	22.00	283	221	56.00	6.1	4.6	1.37	00:30:47	0.9	70	241	2	14	0	2025-11-08 02:01:26.894542+00	2025-11-08 02:01:26.894547+00	108	9
373	1312	761	22.00	686	626	52.00	2.6	7.8	1.61	00:31:54	8.4	533	402	1	51	64	2025-11-08 02:01:26.899021+00	2025-11-08 02:01:26.899026+00	53	9
374	1185	816	22.00	597	588	50.00	2.9	7.2	1.51	00:31:37	7.2	438	350	-7	-322	-95	2025-11-08 02:01:26.90319+00	2025-11-08 02:01:26.903194+00	30	9
375	779	972	20.00	388	391	50.00	3.2	7.5	1.52	00:31:15	7.9	509	396	-6	-115	-101	2025-11-08 02:01:26.907238+00	2025-11-08 02:01:26.907242+00	47	9
376	547	1126	20.00	286	261	52.00	2.4	6.1	1.43	00:31:13	8.6	539	416	2	21	-47	2025-11-08 02:01:26.911273+00	2025-11-08 02:01:26.911278+00	73	9
850	0	0	0.00	0	0	0.00	0	0	0	\N	0	0	0	0	0	0	2025-11-08 02:01:41.855096+00	2025-11-08 02:01:41.855101+00	64	7
377	1187	557	19.00	526	661	44.00	4.3	7.5	1.55	00:31:47	0.7	121	233	-3	-75	-72	2025-11-08 02:01:26.91543+00	2025-11-08 02:01:26.915435+00	66	9
378	454	1100	19.00	237	217	52.00	2.7	6.2	1.46	00:31:02	8.4	558	418	8	390	117	2025-11-08 02:01:26.919801+00	2025-11-08 02:01:26.919805+00	83	9
379	1084	629	18.00	516	568	48.00	3.5	6.7	1.61	00:31:17	5.9	325	362	6	224	203	2025-11-08 02:01:26.924023+00	2025-11-08 02:01:26.924027+00	54	9
380	562	961	18.00	257	305	46.00	6.3	4	1.3	00:31:06	0.2	254	231	-9	-165	359	2025-11-08 02:01:26.927986+00	2025-11-08 02:01:26.927991+00	142	9
381	522	1016	18.00	285	237	55.00	3.5	4.4	1.73	00:31:34	7.4	691	389	8	312	212	2025-11-08 02:01:26.932564+00	2025-11-08 02:01:26.932573+00	3	9
382	942	687	17.00	469	473	50.00	3.3	5.4	1.71	00:31:30	5.6	315	347	1	149	107	2025-11-08 02:01:26.936534+00	2025-11-08 02:01:26.936539+00	80	9
383	593	850	17.00	279	314	47.00	2.4	8	1.59	00:31:38	8.5	603	407	4	72	-22	2025-11-08 02:01:26.940677+00	2025-11-08 02:01:26.940682+00	5	9
384	668	740	17.00	288	380	43.00	3.4	5.1	1.35	00:31:57	1.6	276	254	-5	-117	-50	2025-11-08 02:01:26.944641+00	2025-11-08 02:01:26.944646+00	63	9
385	540	852	16.00	284	256	53.00	3.5	4.9	1.44	00:31:53	9.1	550	411	0	-66	-81	2025-11-08 02:01:26.948779+00	2025-11-08 02:01:26.948784+00	43	9
386	408	953	16.00	201	207	49.00	3.6	4.2	1.55	00:30:51	8.7	528	474	2	498	40	2025-11-08 02:01:26.952866+00	2025-11-08 02:01:26.95287+00	75	9
387	851	573	15.00	415	436	49.00	2.8	8	1.81	00:31:15	1	140	236	0	-58	-4	2025-11-08 02:01:26.956766+00	2025-11-08 02:01:26.95677+00	11	9
388	636	644	14.00	293	343	46.00	3.1	7.6	1.56	00:31:43	7.9	524	384	-2	-141	10	2025-11-08 02:01:26.961137+00	2025-11-08 02:01:26.961141+00	46	9
389	473	691	13.00	225	248	48.00	2.7	4.9	1.57	00:32:33	1	371	254	-4	269	-147	2025-11-08 02:01:26.965182+00	2025-11-08 02:01:26.965186+00	156	9
390	693	510	13.00	340	353	49.00	3.3	8.3	1.64	00:31:04	1.1	157	237	1	-48	41	2025-11-08 02:01:26.969387+00	2025-11-08 02:01:26.969396+00	24	9
391	331	790	13.00	173	158	52.00	5.4	3.9	1.66	00:31:01	4.9	211	323	-3	-91	20	2025-11-08 02:01:26.973585+00	2025-11-08 02:01:26.973589+00	59	9
392	951	248	13.00	465	486	49.00	4.6	4	1.4	00:31:41	0.5	172	238	-5	-86	39	2025-11-08 02:01:26.977416+00	2025-11-08 02:01:26.977421+00	92	9
393	801	364	13.00	401	400	50.00	3.5	7.8	1.61	00:30:53	6.9	417	339	-12	-601	-177	2025-11-08 02:01:26.981783+00	2025-11-08 02:01:26.981788+00	57	9
394	622	515	12.00	314	308	50.00	3.8	6.8	1.71	00:32:23	8.4	625	399	-4	-197	-79	2025-11-08 02:01:26.985886+00	2025-11-08 02:01:26.98589+00	7	9
395	892	245	11.00	449	443	50.00	4	6.5	1.73	00:30:34	9.6	631	454	-2	-114	-203	2025-11-08 02:01:26.989827+00	2025-11-08 02:01:26.989831+00	70	9
396	431	573	11.00	206	225	48.00	3.1	8.3	1.7	00:30:46	7.2	454	354	-11	-412	-93	2025-11-08 02:01:26.993927+00	2025-11-08 02:01:26.993932+00	102	9
397	451	553	11.00	247	204	55.00	2.5	6.8	1.79	00:31:37	8	622	399	13	632	294	2025-11-08 02:01:26.99815+00	2025-11-08 02:01:26.998154+00	103	9
398	451	492	10.00	236	215	52.00	2.9	7.2	1.67	00:31:49	9.1	533	423	2	138	155	2025-11-08 02:01:27.002527+00	2025-11-08 02:01:27.002531+00	18	9
399	656	271	10.00	298	358	45.00	3.2	8	1.47	00:31:51	8.6	727	396	2	-54	72	2025-11-08 02:01:27.006546+00	2025-11-08 02:01:27.006552+00	35	9
400	184	646	10.00	89	95	48.00	4.3	7.1	1.47	00:31:25	8.8	587	413	-4	-337	-9	2025-11-08 02:01:27.010657+00	2025-11-08 02:01:27.010661+00	153	9
401	653	255	10.00	290	363	44.00	3.7	7.9	1.58	00:31:30	9	731	421	-2	-249	-30	2025-11-08 02:01:27.014937+00	2025-11-08 02:01:27.014942+00	13	9
402	368	480	10.00	168	200	46.00	3.2	6.5	1.68	00:31:17	6	332	356	7	182	189	2025-11-08 02:01:27.0189+00	2025-11-08 02:01:27.018904+00	36	9
403	244	551	9.00	135	109	55.00	3.8	4.5	1.51	00:31:21	6.8	521	398	9	414	383	2025-11-08 02:01:27.023577+00	2025-11-08 02:01:27.023581+00	91	9
404	367	464	9.00	212	155	58.00	3.1	7.4	1.69	00:30:40	1.1	186	246	1	-2	-57	2025-11-08 02:01:27.027609+00	2025-11-08 02:01:27.027614+00	88	9
405	720	179	9.00	342	378	48.00	2.4	8.6	1.71	00:32:01	1.2	118	236	2	-50	-46	2025-11-08 02:01:27.031757+00	2025-11-08 02:01:27.031762+00	31	9
406	425	362	9.00	181	244	43.00	3	6.8	1.59	00:31:00	5.1	290	331	-1	-92	-67	2025-11-08 02:01:27.036056+00	2025-11-08 02:01:27.03606+00	51	9
407	553	221	9.00	271	282	49.00	4.1	7.8	1.52	00:31:58	9.8	665	439	-4	-240	-72	2025-11-08 02:01:27.040319+00	2025-11-08 02:01:27.040323+00	50	9
408	497	278	8.00	247	250	50.00	3.2	6.9	1.77	00:31:36	1.1	146	239	3	-8	-28	2025-11-08 02:01:27.044382+00	2025-11-08 02:01:27.044386+00	100	9
409	265	428	8.00	142	123	54.00	3.8	5.2	1.51	00:31:27	8.5	465	438	7	435	194	2025-11-08 02:01:27.048701+00	2025-11-08 02:01:27.048705+00	15	9
410	398	317	8.00	215	183	54.00	4.3	8.1	1.66	00:32:14	1	164	247	-3	11	37	2025-11-08 02:01:27.052742+00	2025-11-08 02:01:27.052747+00	55	9
411	313	312	7.00	163	150	52.00	3.2	7.1	1.62	00:31:14	8.5	531	401	3	-24	-111	2025-11-08 02:01:27.05701+00	2025-11-08 02:01:27.057014+00	85	9
412	390	239	7.00	192	198	49.00	4.2	7.3	1.53	00:32:10	8.6	568	397	3	8	44	2025-11-08 02:01:27.061205+00	2025-11-08 02:01:27.06121+00	22	9
413	402	235	7.00	188	214	47.00	2.4	5.9	1.84	00:31:11	8	518	390	0	-73	51	2025-11-08 02:01:27.065615+00	2025-11-08 02:01:27.065619+00	61	9
414	227	317	6.00	123	104	54.00	3.1	6.4	1.33	00:31:57	8.6	730	466	-6	195	-171	2025-11-08 02:01:27.070029+00	2025-11-08 02:01:27.070033+00	112	9
415	319	261	6.00	166	153	52.00	3.3	8	1.76	00:31:37	7.9	456	373	0	-26	-48	2025-11-08 02:01:27.07461+00	2025-11-08 02:01:27.074619+00	143	9
416	246	314	6.00	117	129	48.00	3.7	6.2	1.96	00:31:43	8.6	534	401	0	-93	21	2025-11-08 02:01:27.079026+00	2025-11-08 02:01:27.07903+00	148	9
417	205	293	6.00	103	102	50.00	2.1	7.2	1.5	00:31:40	8.9	480	422	10	243	52	2025-11-08 02:01:27.083659+00	2025-11-08 02:01:27.083663+00	93	9
418	237	273	6.00	110	127	46.00	4.2	5.8	1.65	00:32:37	8.7	843	422	-1	27	54	2025-11-08 02:01:27.087539+00	2025-11-08 02:01:27.087543+00	68	9
419	273	183	5.00	130	143	48.00	2.5	8.3	1.46	00:31:50	7.8	476	394	-5	-196	-48	2025-11-08 02:01:27.092088+00	2025-11-08 02:01:27.092093+00	72	9
420	265	154	5.00	133	132	50.00	2.9	7.5	1.54	00:30:53	6.5	420	386	7	218	241	2025-11-08 02:01:27.096202+00	2025-11-08 02:01:27.096206+00	141	9
421	334	77	4.00	154	180	46.00	5.2	7.8	1.42	00:32:53	7.7	504	391	-5	-285	-15	2025-11-08 02:01:27.100483+00	2025-11-08 02:01:27.100487+00	37	9
422	135	235	4.00	59	76	44.00	3.9	3.7	1.47	00:30:42	7.6	459	369	-8	-770	-166	2025-11-08 02:01:27.104654+00	2025-11-08 02:01:27.104658+00	97	9
423	124	240	4.00	68	56	55.00	2.7	6.2	1.37	00:30:47	7.9	436	404	7	271	13	2025-11-08 02:01:27.109036+00	2025-11-08 02:01:27.10904+00	95	9
424	216	141	4.00	117	99	54.00	2.6	7	1.33	00:31:55	3.7	294	299	4	56	31	2025-11-08 02:01:27.113616+00	2025-11-08 02:01:27.113622+00	113	9
425	130	179	4.00	63	67	48.00	2.7	6.8	1.25	00:30:49	8.7	394	414	1	144	-18	2025-11-08 02:01:27.117911+00	2025-11-08 02:01:27.117917+00	96	9
426	148	164	4.00	80	68	54.00	3.1	6.3	1.45	00:31:27	1.6	211	286	5	215	-68	2025-11-08 02:01:27.122262+00	2025-11-08 02:01:27.122266+00	84	9
427	182	122	4.00	85	97	47.00	3.4	5.2	1.32	00:31:25	7.3	478	397	14	448	436	2025-11-08 02:01:27.126483+00	2025-11-08 02:01:27.126487+00	152	9
428	163	159	3.00	82	81	50.00	3.9	6.6	1.83	00:31:37	6.9	386	348	-13	-422	-192	2025-11-08 02:01:27.130656+00	2025-11-08 02:01:27.13066+00	40	9
429	231	77	3.00	131	100	57.00	3.3	6.1	1.37	00:33:15	1.5	379	269	-3	204	25	2025-11-08 02:01:27.134977+00	2025-11-08 02:01:27.134981+00	114	9
430	124	155	3.00	59	65	48.00	4.5	6.1	1.72	00:31:34	9	707	426	-5	-265	-146	2025-11-08 02:01:27.139408+00	2025-11-08 02:01:27.139413+00	125	9
431	214	85	3.00	95	119	44.00	3.3	7.6	1.75	00:31:40	4.9	274	332	-4	-51	-132	2025-11-08 02:01:27.143673+00	2025-11-08 02:01:27.143677+00	39	9
432	216	66	3.00	77	139	36.00	2.1	7.3	1.69	00:30:29	5.5	364	335	0	-148	-38	2025-11-08 02:01:27.14857+00	2025-11-08 02:01:27.148574+00	16	9
433	118	137	3.00	59	59	50.00	3.3	7.4	1.58	00:30:24	8.6	506	447	0	276	53	2025-11-08 02:01:27.153142+00	2025-11-08 02:01:27.153147+00	167	9
434	132	113	3.00	58	74	44.00	3.1	7.1	1.47	00:31:33	7.2	561	359	-4	-88	-137	2025-11-08 02:01:27.157305+00	2025-11-08 02:01:27.15731+00	111	9
435	185	69	3.00	88	97	48.00	2.5	7.3	1.59	00:31:42	7.5	489	368	2	-5	25	2025-11-08 02:01:27.161689+00	2025-11-08 02:01:27.161694+00	87	9
436	95	123	2.00	46	49	48.00	3.6	4.7	1.55	00:30:43	6.1	556	376	8	514	284	2025-11-08 02:01:27.16578+00	2025-11-08 02:01:27.165785+00	71	9
437	126	90	2.00	56	70	44.00	3.4	7.1	1.5	00:31:32	6.7	548	367	12	209	351	2025-11-08 02:01:27.170026+00	2025-11-08 02:01:27.170031+00	65	9
438	103	103	2.00	44	59	43.00	3.5	4.3	1.5	00:30:06	1.4	443	298	-2	600	381	2025-11-08 02:01:27.174774+00	2025-11-08 02:01:27.174779+00	67	9
439	164	56	2.00	63	101	38.00	2.6	8.4	1.68	00:31:18	1.9	177	244	0	-146	5	2025-11-08 02:01:27.179344+00	2025-11-08 02:01:27.179349+00	122	9
440	72	113	2.00	28	44	39.00	2.2	4.2	1.26	00:30:40	6.9	488	351	10	-43	273	2025-11-08 02:01:27.183732+00	2025-11-08 02:01:27.183737+00	104	9
441	85	108	2.00	39	46	46.00	3	3.8	1.54	00:31:13	5.2	325	321	-3	-196	-26	2025-11-08 02:01:27.188399+00	2025-11-08 02:01:27.188403+00	105	9
442	67	120	2.00	23	44	34.00	2.3	3.9	1.51	00:31:01	7.7	876	410	17	318	671	2025-11-08 02:01:27.19295+00	2025-11-08 02:01:27.192954+00	115	9
443	73	86	2.00	39	34	53.00	2.8	4.9	1.27	00:32:06	5.7	381	366	0	139	23	2025-11-08 02:01:27.197765+00	2025-11-08 02:01:27.197769+00	116	9
444	72	84	2.00	37	35	51.00	3.8	6.5	1.5	00:30:59	7.2	656	376	-1	158	-146	2025-11-08 02:01:27.203164+00	2025-11-08 02:01:27.203169+00	94	9
445	102	47	2.00	47	55	46.00	3.4	6.7	1.17	00:31:23	7.4	599	398	1	-10	113	2025-11-08 02:01:27.207698+00	2025-11-08 02:01:27.207703+00	33	9
446	141	26	2.00	57	84	40.00	3.7	8.2	1.49	00:31:44	0.6	155	233	-7	-89	13	2025-11-08 02:01:27.212212+00	2025-11-08 02:01:27.212216+00	140	9
447	105	46	2.00	55	50	52.00	3.9	7.1	1.42	00:31:56	9	745	427	1	-191	-71	2025-11-08 02:01:27.216671+00	2025-11-08 02:01:27.216675+00	119	9
448	80	61	2.00	45	35	56.00	3.1	6.8	1.44	00:30:47	7.7	528	410	-2	269	-38	2025-11-08 02:01:27.221585+00	2025-11-08 02:01:27.221598+00	133	9
449	102	32	1.00	49	53	48.00	2.1	8.5	1.5	00:31:46	5.4	402	332	-1	10	-28	2025-11-08 02:01:27.226532+00	2025-11-08 02:01:27.226537+00	109	9
450	57	66	1.00	27	30	47.00	2.2	5.8	1.47	00:30:18	8.5	439	412	-8	-339	59	2025-11-08 02:01:27.231241+00	2025-11-08 02:01:27.231246+00	107	9
451	81	50	1.00	38	43	47.00	3.1	6.1	1.7	00:29:41	5.5	286	358	13	516	391	2025-11-08 02:01:27.23614+00	2025-11-08 02:01:27.236146+00	106	9
452	57	73	1.00	32	25	56.00	4.2	6.5	2.02	00:30:46	8.9	446	446	-3	-8	718	2025-11-08 02:01:27.240981+00	2025-11-08 02:01:27.240986+00	139	9
453	60	36	1.00	22	38	37.00	3.8	8.4	1.85	00:31:26	8	782	382	-5	-65	13	2025-11-08 02:01:27.245969+00	2025-11-08 02:01:27.245974+00	129	9
454	48	36	1.00	23	25	48.00	2.3	7.3	1.63	00:30:40	6.3	511	359	-6	-273	-445	2025-11-08 02:01:27.250399+00	2025-11-08 02:01:27.250404+00	6	9
455	46	32	1.00	20	26	43.00	2.5	7.7	1.39	00:29:41	5.5	310	334	-3	-126	-188	2025-11-08 02:01:27.255348+00	2025-11-08 02:01:27.255353+00	98	9
456	46	28	1.00	11	35	24.00	2.3	7.3	1.46	00:31:51	7.3	643	383	-11	-541	-340	2025-11-08 02:01:27.260059+00	2025-11-08 02:01:27.260064+00	135	9
457	52	26	1.00	29	23	56.00	4	7.6	1.65	00:31:57	8	480	414	-13	159	-356	2025-11-08 02:01:27.264623+00	2025-11-08 02:01:27.264627+00	101	9
458	25	42	1.00	11	14	44.00	2.1	4.8	1.48	00:31:37	8.4	466	404	8	410	328	2025-11-08 02:01:27.269009+00	2025-11-08 02:01:27.269014+00	123	9
459	30	38	1.00	15	15	50.00	6.1	4.5	1.93	00:33:53	3.4	246	277	-5	-131	376	2025-11-08 02:01:27.273822+00	2025-11-08 02:01:27.273827+00	145	9
460	31	33	1.00	17	14	55.00	3.4	3.9	1.52	00:31:01	6.1	405	387	3	449	193	2025-11-08 02:01:27.278391+00	2025-11-08 02:01:27.278397+00	144	9
461	52	12	1.00	22	30	42.00	3.4	7.6	1.4	00:31:56	9.3	764	446	0	199	-163	2025-11-08 02:01:27.283316+00	2025-11-08 02:01:27.283321+00	14	9
462	39	23	1.00	22	17	56.00	3.7	8.5	1.51	00:31:40	7.6	663	397	-1	93	-4	2025-11-08 02:01:27.287992+00	2025-11-08 02:01:27.287997+00	146	9
463	31	28	1.00	21	10	68.00	3.9	7.6	1.39	00:31:45	9	489	453	5	793	347	2025-11-08 02:01:27.292468+00	2025-11-08 02:01:27.292472+00	147	9
464	39	23	1.00	19	20	49.00	3.1	6.3	1.59	00:31:26	1.2	119	246	3	-90	201	2025-11-08 02:01:27.296899+00	2025-11-08 02:01:27.296904+00	124	9
465	39	23	1.00	21	18	54.00	2.7	4.7	1.56	00:30:56	7.9	591	379	-2	-267	-65	2025-11-08 02:01:27.301936+00	2025-11-08 02:01:27.301941+00	121	9
466	35	26	1.00	14	21	40.00	1.4	7.7	1.57	00:33:05	7.9	695	384	3	-152	10	2025-11-08 02:01:27.306344+00	2025-11-08 02:01:27.306349+00	157	9
467	47	9	1.00	25	22	53.00	3.9	8.2	1.21	00:30:47	0.5	205	251	0	113	-33	2025-11-08 02:01:27.310691+00	2025-11-08 02:01:27.310696+00	165	9
468	42	15	1.00	15	27	36.00	3.1	7.9	1.36	00:30:41	0.7	128	230	-10	-287	-167	2025-11-08 02:01:27.315392+00	2025-11-08 02:01:27.315397+00	128	9
469	26	24	1.00	16	10	62.00	4.9	4.3	1.58	00:31:10	1	237	261	-4	41	139	2025-11-08 02:01:27.319993+00	2025-11-08 02:01:27.319998+00	58	9
470	24	20	1.00	15	9	63.00	3.1	7.8	1.42	00:33:41	9.3	744	458	12	907	56	2025-11-08 02:01:27.324387+00	2025-11-08 02:01:27.324392+00	161	9
471	23	22	1.00	13	10	57.00	3.3	6.9	1.65	00:32:39	8.2	569	416	5	380	111	2025-11-08 02:01:27.32928+00	2025-11-08 02:01:27.329285+00	120	9
472	18	25	0.00	14	4	78.00	5	3.9	1.39	00:32:19	5.1	274	342	3	-227	22	2025-11-08 02:01:27.33387+00	2025-11-08 02:01:27.333876+00	131	9
473	38	17	0.00	17	21	45.00	3.4	7.4	2.26	00:32:03	8.9	533	437	-4	-163	-44	2025-11-08 02:01:27.338471+00	2025-11-08 02:01:27.338475+00	132	9
474	25	17	0.00	12	13	48.00	3.6	6.4	2	00:31:20	5	177	320	5	41	275	2025-11-08 02:01:27.343487+00	2025-11-08 02:01:27.343492+00	20	9
475	18	13	0.00	11	7	61.00	3.6	8.5	1.22	00:29:42	8.1	622	402	6	75	251	2025-11-08 02:01:27.348266+00	2025-11-08 02:01:27.348271+00	110	9
476	19	11	0.00	6	13	32.00	2.3	7	1.47	00:30:19	6.8	427	364	6	239	225	2025-11-08 02:01:27.352754+00	2025-11-08 02:01:27.352759+00	136	9
477	20	11	0.00	9	11	45.00	2.5	5.5	1.55	00:31:35	8.5	600	416	-6	-443	-251	2025-11-08 02:01:27.357502+00	2025-11-08 02:01:27.357507+00	86	9
478	19	10	0.00	11	8	58.00	3.1	8.2	1.37	00:32:26	8.4	513	418	5	-34	80	2025-11-08 02:01:27.362245+00	2025-11-08 02:01:27.36225+00	134	9
479	15	11	0.00	5	10	33.00	2.8	5.7	1.27	00:32:46	7.9	742	379	4	-108	187	2025-11-08 02:01:27.366696+00	2025-11-08 02:01:27.366701+00	149	9
480	14	11	0.00	5	9	36.00	3.5	7.3	1.21	00:31:32	6.1	479	370	10	148	301	2025-11-08 02:01:27.371342+00	2025-11-08 02:01:27.371347+00	118	9
481	18	8	0.00	6	12	33.00	3.3	8.3	1.61	00:30:24	2	284	261	-11	-229	-100	2025-11-08 02:01:27.376165+00	2025-11-08 02:01:27.37617+00	130	9
482	22	0	0.00	8	14	36.00	1.9	0	1.36	00:29:04	7.2	479	368	-14	-702	-323	2025-11-08 02:01:27.381434+00	2025-11-08 02:01:27.381443+00	163	9
483	12	8	0.00	3	9	25.00	2.3	7.3	1.17	00:29:21	5	450	348	3	220	32	2025-11-08 02:01:27.386331+00	2025-11-08 02:01:27.386336+00	117	9
484	22	1	0.00	10	12	45.00	3.1	7	1.45	00:30:34	7.7	519	421	-8	-114	-78	2025-11-08 02:01:27.391538+00	2025-11-08 02:01:27.391548+00	90	9
485	13	8	0.00	5	8	38.00	2	6.9	1.77	00:35:21	1.2	494	268	-2	372	185	2025-11-08 02:01:27.395916+00	2025-11-08 02:01:27.395921+00	49	9
486	12	4	0.00	7	5	58.00	1.9	3	1	00:28:43	7.8	524	376	-9	-1042	-633	2025-11-08 02:01:27.400485+00	2025-11-08 02:01:27.40049+00	99	9
487	15	5	0.00	8	7	53.00	3.5	9.4	1.67	00:28:27	9.6	600	445	8	269	78	2025-11-08 02:01:27.405319+00	2025-11-08 02:01:27.405324+00	162	9
488	12	5	0.00	5	7	42.00	3.4	6.4	1.33	00:32:04	8.4	639	431	1	240	129	2025-11-08 02:01:27.409781+00	2025-11-08 02:01:27.409787+00	154	9
489	14	4	0.00	5	9	36.00	2.4	7	1.79	00:30:45	6.5	429	377	12	34	367	2025-11-08 02:01:27.414297+00	2025-11-08 02:01:27.414302+00	159	9
490	11	4	0.00	4	7	36.00	2.6	6.8	1.45	00:32:59	8.1	691	395	8	155	451	2025-11-08 02:01:27.41892+00	2025-11-08 02:01:27.418925+00	151	9
491	6	6	0.00	3	3	50.00	1.9	3.2	1.17	00:34:27	5.6	344	347	1	101	97	2025-11-08 02:01:27.424009+00	2025-11-08 02:01:27.424016+00	155	9
492	8	3	0.00	4	4	50.00	3.2	8.3	1.38	00:32:09	4.6	313	322	9	-135	373	2025-11-08 02:01:27.429058+00	2025-11-08 02:01:27.429063+00	166	9
493	4	5	0.00	2	2	50.00	4	5	1	00:31:07	8.8	601	426	8	264	331	2025-11-08 02:01:27.433934+00	2025-11-08 02:01:27.433938+00	137	9
494	5	4	0.00	3	2	60.00	1.3	6.5	1.4	00:29:18	7.4	523	350	20	314	275	2025-11-08 02:01:27.438627+00	2025-11-08 02:01:27.438632+00	126	9
495	5	2	0.00	3	2	60.00	3.6	6	1.2	00:31:30	4.3	353	300	-16	-405	215	2025-11-08 02:01:27.443571+00	2025-11-08 02:01:27.443575+00	81	9
496	8	0	0.00	3	5	38.00	2.7	0	1.5	00:30:12	8.6	543	390	1	-322	109	2025-11-08 02:01:27.44833+00	2025-11-08 02:01:27.448335+00	164	9
497	4	2	0.00	2	2	50.00	3.8	7	1	00:29:46	8.2	405	396	12	96	226	2025-11-08 02:01:27.452902+00	2025-11-08 02:01:27.452907+00	171	9
498	5	0	0.00	0	5	0.00	1.1	0	1	00:26:09	6.7	367	324	-26	-1229	-737	2025-11-08 02:01:27.457643+00	2025-11-08 02:01:27.457648+00	158	9
499	4	1	0.00	0	4	0.00	1.1	6	1	00:28:50	6.3	424	350	-1	-546	-17	2025-11-08 02:01:27.461981+00	2025-11-08 02:01:27.461986+00	170	9
500	3	3	0.00	2	1	67.00	3.9	8	2	00:33:24	9.2	617	480	5	58	28	2025-11-08 02:01:27.46653+00	2025-11-08 02:01:27.466535+00	138	9
501	5	0	0.00	4	1	80.00	2.9	0	1.2	00:31:17	5.8	829	362	-13	-292	-378	2025-11-08 02:01:27.471085+00	2025-11-08 02:01:27.471089+00	127	9
502	3	1	0.00	1	2	33.00	1.6	10	1	00:26:48	8.7	641	435	3	357	453	2025-11-08 02:01:27.475552+00	2025-11-08 02:01:27.475557+00	56	9
503	1	2	0.00	0	1	0.00	0	6	1	00:19:42	7.8	312	313	-13	-1359	-700	2025-11-08 02:01:27.479943+00	2025-11-08 02:01:27.479948+00	34	9
504	3	0	0.00	1	2	33.00	1.5	0	1.33	00:28:43	5.6	339	328	6	267	-179	2025-11-08 02:01:27.484443+00	2025-11-08 02:01:27.484448+00	160	9
505	0	0	0.00	0	0	0.00	0	0	0	\N	0	0	0	0	0	0	2025-11-08 02:01:27.488999+00	2025-11-08 02:01:27.489004+00	169	9
506	0	0	0.00	0	0	0.00	0	0	0	\N	0	0	0	0	0	0	2025-11-08 02:01:27.493471+00	2025-11-08 02:01:27.493478+00	150	9
507	0	0	0.00	0	0	0.00	0	0	0	\N	0	0	0	0	0	0	2025-11-08 02:01:27.497956+00	2025-11-08 02:01:27.497961+00	168	9
508	0	0	0.00	0	0	0.00	0	0	0	\N	0	0	0	0	0	0	2025-11-08 02:01:27.50291+00	2025-11-08 02:01:27.502915+00	64	9
509	0	0	0.00	0	0	0.00	0	0	0	\N	0	0	0	0	0	0	2025-11-08 02:01:27.507234+00	2025-11-08 02:01:27.507239+00	77	9
510	0	0	0.00	0	0	0.00	0	0	0	\N	0	0	0	0	0	0	2025-11-08 02:01:27.51163+00	2025-11-08 02:01:27.511635+00	21	9
511	0	0	0.00	0	0	0.00	0	0	0	\N	0	0	0	0	0	0	2025-11-08 02:01:27.516429+00	2025-11-08 02:01:27.516434+00	8	9
512	0	0	0.00	0	0	0.00	0	0	0	\N	0	0	0	0	0	0	2025-11-08 02:01:27.521189+00	2025-11-08 02:01:27.5212+00	74	9
513	0	0	0.00	0	0	0.00	0	0	0	\N	0	0	0	0	0	0	2025-11-08 02:01:27.525593+00	2025-11-08 02:01:27.525598+00	45	9
514	1757	3292	61.00	939	818	53.00	4.8	3.8	1.57	00:32:13	9.6	613	450	0	-22	-9	2025-11-08 02:01:34.575781+00	2025-11-08 02:01:34.575788+00	78	8
515	1812	2883	57.00	934	878	52.00	2.7	5.1	1.41	00:32:00	8.2	494	398	0	-93	-39	2025-11-08 02:01:34.580728+00	2025-11-08 02:01:34.580733+00	5	8
516	2739	1357	47.00	1350	1389	49.00	2.4	7.3	1.48	00:31:47	1.1	139	232	3	-52	-58	2025-11-08 02:01:34.584389+00	2025-11-08 02:01:34.584394+00	17	8
517	1918	1855	44.00	1016	902	53.00	4.7	5.4	1.54	00:32:09	8.5	513	399	0	71	63	2025-11-08 02:01:34.588957+00	2025-11-08 02:01:34.588962+00	32	8
518	2599	1191	43.00	1319	1280	51.00	4.1	4.9	1.46	00:31:47	9.6	555	447	1	24	-99	2025-11-08 02:01:34.593104+00	2025-11-08 02:01:34.59311+00	70	8
519	2788	920	41.00	1393	1395	50.00	3.5	5.1	1.5	00:32:01	9.1	533	433	0	75	20	2025-11-08 02:01:34.597083+00	2025-11-08 02:01:34.597087+00	89	8
520	1912	1569	41.00	973	939	51.00	3.4	4.6	1.47	00:32:00	5.4	279	340	-2	18	-21	2025-11-08 02:01:34.601233+00	2025-11-08 02:01:34.601237+00	80	8
521	2468	1092	40.00	1184	1284	48.00	3.2	5.8	1.48	00:32:13	5.7	285	346	3	104	103	2025-11-08 02:01:34.604948+00	2025-11-08 02:01:34.604952+00	54	8
522	1744	1680	40.00	978	766	56.00	3.5	4.8	1.5	00:32:30	5.3	328	339	-6	-103	-188	2025-11-08 02:01:34.609449+00	2025-11-08 02:01:34.609453+00	25	8
523	2165	1142	38.00	1087	1078	50.00	2.7	6.7	1.46	00:32:07	8.2	498	396	4	162	96	2025-11-08 02:01:34.613228+00	2025-11-08 02:01:34.613232+00	53	8
524	1881	1165	36.00	921	960	49.00	2.7	5.5	1.4	00:32:13	5.4	311	330	-1	-89	-45	2025-11-08 02:01:34.617627+00	2025-11-08 02:01:34.617632+00	16	8
525	769	1973	34.00	407	362	53.00	3.9	3.7	1.41	00:31:37	9.2	448	450	9	494	214	2025-11-08 02:01:34.621934+00	2025-11-08 02:01:34.621939+00	15	8
526	804	1843	32.00	382	422	48.00	4	5.8	1.57	00:32:12	7.8	544	385	3	163	158	2025-11-08 02:01:34.626154+00	2025-11-08 02:01:34.626158+00	82	8
527	1198	1466	32.00	651	547	54.00	4	5.7	1.51	00:31:51	0.8	167	242	-4	9	21	2025-11-08 02:01:34.630554+00	2025-11-08 02:01:34.630559+00	55	8
528	835	1743	31.00	414	421	50.00	5.9	5.1	1.49	00:31:44	0.2	261	232	-11	-183	186	2025-11-08 02:01:34.635112+00	2025-11-08 02:01:34.635127+00	142	8
529	764	1761	31.00	403	361	53.00	3.6	4	1.55	00:32:32	9	594	434	5	169	68	2025-11-08 02:01:34.639181+00	2025-11-08 02:01:34.639186+00	41	8
530	1207	1376	30.00	604	603	50.00	3.4	5.2	1.56	00:32:29	9.1	646	417	6	173	222	2025-11-08 02:01:34.643446+00	2025-11-08 02:01:34.64345+00	4	8
531	1048	1440	30.00	541	507	52.00	4	4.9	1.35	00:32:57	9.3	752	444	2	165	-6	2025-11-08 02:01:34.647436+00	2025-11-08 02:01:34.647441+00	14	8
532	1119	1410	30.00	619	500	55.00	3.4	5.7	1.54	00:31:42	8.1	484	396	-5	-138	-84	2025-11-08 02:01:34.651591+00	2025-11-08 02:01:34.651596+00	47	8
533	899	1468	28.00	479	420	53.00	3.2	5.4	1.53	00:32:25	7.8	511	389	-2	-49	117	2025-11-08 02:01:34.655604+00	2025-11-08 02:01:34.65561+00	46	8
534	1779	694	28.00	902	877	51.00	2.4	7.8	1.52	00:32:10	1.2	109	232	2	-39	-60	2025-11-08 02:01:34.659665+00	2025-11-08 02:01:34.65967+00	31	8
535	901	1316	27.00	486	415	54.00	3.3	6	1.34	00:32:38	8.5	657	448	0	303	-72	2025-11-08 02:01:34.663858+00	2025-11-08 02:01:34.663863+00	112	8
536	1043	1225	27.00	475	568	46.00	3.4	5	1.48	00:31:33	9	421	406	2	58	-10	2025-11-08 02:01:34.667738+00	2025-11-08 02:01:34.667743+00	43	8
537	1401	870	27.00	675	726	48.00	3.4	6.8	1.42	00:32:33	8.8	663	406	2	-64	52	2025-11-08 02:01:34.672263+00	2025-11-08 02:01:34.672268+00	35	8
538	743	1376	25.00	405	338	55.00	4	4.2	1.52	00:32:28	8.5	609	408	-1	-51	15	2025-11-08 02:01:34.676402+00	2025-11-08 02:01:34.676408+00	7	8
539	801	1276	25.00	349	452	44.00	3.3	4.7	1.38	00:32:36	2	264	256	-10	-112	-186	2025-11-08 02:01:34.680692+00	2025-11-08 02:01:34.680696+00	63	8
540	1356	802	25.00	711	645	52.00	3.8	7.8	1.49	00:32:04	1.2	143	239	4	-10	-70	2025-11-08 02:01:34.685264+00	2025-11-08 02:01:34.68527+00	19	8
541	871	1160	24.00	448	423	51.00	2.5	7.4	1.49	00:31:39	7.5	443	388	-4	-121	-38	2025-11-08 02:01:34.689094+00	2025-11-08 02:01:34.689099+00	72	8
542	1218	858	24.00	620	598	51.00	3.3	7.2	1.5	00:32:06	7	372	337	-9	-472	-143	2025-11-08 02:01:34.693803+00	2025-11-08 02:01:34.693807+00	57	8
543	1126	949	24.00	538	588	48.00	3.3	5.9	1.57	00:32:26	4.7	253	315	-8	-246	-288	2025-11-08 02:01:34.697641+00	2025-11-08 02:01:34.697647+00	39	8
544	356	1536	24.00	185	171	52.00	4	3.7	1.32	00:32:56	9.2	518	439	7	401	48	2025-11-08 02:01:34.701854+00	2025-11-08 02:01:34.701859+00	69	8
545	784	1212	24.00	420	364	54.00	3.2	4.9	1.55	00:33:03	5	250	310	-2	-119	-96	2025-11-08 02:01:34.70595+00	2025-11-08 02:01:34.705955+00	9	8
546	414	1446	23.00	230	184	56.00	4.4	4.1	1.5	00:31:47	7.7	401	404	-8	247	-172	2025-11-08 02:01:34.709779+00	2025-11-08 02:01:34.709783+00	101	8
547	791	1141	23.00	410	381	52.00	2.6	6.7	1.51	00:32:01	8.5	665	418	9	330	-25	2025-11-08 02:01:34.713663+00	2025-11-08 02:01:34.713668+00	12	8
548	1047	868	23.00	528	519	50.00	3.2	5.1	1.38	00:31:42	5	277	320	-4	-116	-173	2025-11-08 02:01:34.717632+00	2025-11-08 02:01:34.717636+00	98	8
549	1222	782	23.00	618	604	51.00	2.9	6.7	1.51	00:32:05	2.3	176	253	0	-164	-10	2025-11-08 02:01:34.721622+00	2025-11-08 02:01:34.721626+00	122	8
550	822	1082	22.00	367	455	45.00	2.3	5.4	1.58	00:32:05	8.2	391	386	10	356	183	2025-11-08 02:01:34.725732+00	2025-11-08 02:01:34.725737+00	38	8
551	803	958	21.00	415	388	52.00	3.1	5.4	1.35	00:32:29	1.1	108	234	2	-5	-30	2025-11-08 02:01:34.729881+00	2025-11-08 02:01:34.729885+00	100	8
552	661	1069	21.00	342	319	52.00	4.4	3.9	1.32	00:32:09	2.4	450	318	-1	559	285	2025-11-08 02:01:34.733752+00	2025-11-08 02:01:34.733757+00	67	8
553	802	940	21.00	413	389	51.00	3.5	4.5	1.48	00:31:28	5.8	290	347	5	94	160	2025-11-08 02:01:34.737808+00	2025-11-08 02:01:34.737813+00	159	8
554	975	813	21.00	448	527	46.00	4.3	6.9	1.56	00:32:26	0.7	118	232	-2	-80	-70	2025-11-08 02:01:34.742114+00	2025-11-08 02:01:34.742118+00	66	8
555	499	1089	20.00	266	233	53.00	4.5	4.1	1.41	00:31:50	7.4	390	359	-6	-392	-142	2025-11-08 02:01:34.746586+00	2025-11-08 02:01:34.746591+00	97	8
556	998	616	19.00	472	526	47.00	2.8	5.5	1.36	00:31:57	8.6	493	411	6	225	164	2025-11-08 02:01:34.750284+00	2025-11-08 02:01:34.750289+00	152	8
557	795	775	18.00	387	408	49.00	3.3	6.3	1.49	00:32:05	4.9	249	323	-4	-140	-185	2025-11-08 02:01:34.75452+00	2025-11-08 02:01:34.754525+00	51	8
558	1083	453	18.00	472	611	44.00	3.4	6.8	1.34	00:32:27	9	686	422	0	-169	-30	2025-11-08 02:01:34.758051+00	2025-11-08 02:01:34.758056+00	13	8
559	455	999	18.00	229	226	50.00	2.9	5.8	1.46	00:31:48	8.9	394	431	4	328	179	2025-11-08 02:01:34.762063+00	2025-11-08 02:01:34.762067+00	147	8
560	414	961	17.00	197	217	48.00	2.8	4	1.35	00:30:53	6.7	416	375	14	356	511	2025-11-08 02:01:34.765422+00	2025-11-08 02:01:34.765426+00	136	8
561	564	717	15.00	277	287	49.00	3.2	6.9	1.47	00:31:58	7.7	497	376	-4	-137	-185	2025-11-08 02:01:34.769601+00	2025-11-08 02:01:34.769605+00	146	8
562	509	666	14.00	218	291	43.00	2.8	7	1.35	00:32:10	8.3	515	383	4	15	-58	2025-11-08 02:01:34.773933+00	2025-11-08 02:01:34.773945+00	62	8
563	859	435	14.00	402	457	47.00	3.1	6.9	1.68	00:32:04	6.6	385	340	-7	-208	-84	2025-11-08 02:01:34.777577+00	2025-11-08 02:01:34.777582+00	29	8
564	358	716	13.00	183	175	51.00	2.6	5.5	1.54	00:31:34	8.4	492	407	3	100	-4	2025-11-08 02:01:34.781762+00	2025-11-08 02:01:34.781767+00	73	8
565	327	725	13.00	167	160	51.00	3.5	4.1	1.53	00:31:55	8.7	540	476	5	675	123	2025-11-08 02:01:34.785338+00	2025-11-08 02:01:34.785342+00	75	8
566	832	306	13.00	385	447	46.00	2.6	7.5	1.53	00:32:21	6.7	406	336	-11	-427	-145	2025-11-08 02:01:34.79031+00	2025-11-08 02:01:34.790314+00	76	8
567	710	366	12.00	345	365	49.00	4.3	7.8	1.46	00:32:24	8.8	486	401	5	47	77	2025-11-08 02:01:34.793825+00	2025-11-08 02:01:34.79383+00	22	8
568	684	381	12.00	309	375	45.00	3.1	8.3	1.49	00:31:59	1.1	155	230	1	-33	39	2025-11-08 02:01:34.797813+00	2025-11-08 02:01:34.797818+00	24	8
569	727	413	12.00	400	327	55.00	4.7	5.3	1.83	00:32:29	10.1	683	459	-1	-60	-24	2025-11-08 02:01:34.802269+00	2025-11-08 02:01:34.802273+00	50	8
570	717	390	12.00	349	368	49.00	3.9	6.1	1.69	00:32:17	9.3	585	430	1	2	139	2025-11-08 02:01:34.805676+00	2025-11-08 02:01:34.80568+00	44	8
571	653	412	12.00	346	307	53.00	2.7	7.3	1.6	00:31:36	8.1	479	391	7	251	268	2025-11-08 02:01:34.809849+00	2025-11-08 02:01:34.809854+00	61	8
572	774	197	12.00	363	411	47.00	5.2	6.6	1.25	00:32:30	8.7	463	412	-3	-275	-11	2025-11-08 02:01:34.813391+00	2025-11-08 02:01:34.813396+00	37	8
573	499	463	11.00	257	242	52.00	3.2	7.3	1.55	00:32:23	8.2	453	378	0	-18	-31	2025-11-08 02:01:34.817207+00	2025-11-08 02:01:34.817212+00	143	8
574	389	475	10.00	207	182	53.00	2.3	7.5	1.64	00:31:42	8.2	410	402	-2	-17	-104	2025-11-08 02:01:34.820831+00	2025-11-08 02:01:34.820836+00	42	8
575	338	466	10.00	155	183	46.00	3.5	6.4	1.37	00:32:10	8.5	456	401	-1	-102	-60	2025-11-08 02:01:34.82461+00	2025-11-08 02:01:34.824614+00	148	8
576	265	528	10.00	144	121	54.00	2.1	6.4	1.38	00:31:30	8.9	456	421	12	219	33	2025-11-08 02:01:34.828381+00	2025-11-08 02:01:34.828385+00	93	8
577	339	457	10.00	160	179	47.00	4.2	6	1.39	00:32:23	7.8	552	374	0	22	-80	2025-11-08 02:01:34.832292+00	2025-11-08 02:01:34.832296+00	94	8
578	511	277	9.00	247	264	48.00	4.1	6.9	1.38	00:31:37	9.1	548	445	1	-14	48	2025-11-08 02:01:34.835999+00	2025-11-08 02:01:34.836006+00	26	8
579	398	376	9.00	209	189	53.00	3.7	6.2	1.45	00:31:39	7.7	546	370	-4	-125	-109	2025-11-08 02:01:34.839684+00	2025-11-08 02:01:34.839689+00	111	8
580	369	405	9.00	186	183	50.00	3.7	6.4	1.55	00:31:04	6.5	364	342	-12	-349	-208	2025-11-08 02:01:34.843435+00	2025-11-08 02:01:34.84344+00	40	8
581	517	247	9.00	249	268	48.00	2.8	8.3	1.55	00:32:06	1	129	231	0	-73	-70	2025-11-08 02:01:34.847211+00	2025-11-08 02:01:34.847215+00	11	8
582	346	364	8.00	172	174	50.00	2.7	6.3	1.45	00:31:41	8.8	495	418	0	64	120	2025-11-08 02:01:34.851049+00	2025-11-08 02:01:34.851054+00	18	8
583	408	348	8.00	192	216	47.00	2.5	6.2	1.82	00:32:05	5.2	269	327	-1	-140	-62	2025-11-08 02:01:34.854532+00	2025-11-08 02:01:34.854537+00	2	8
584	381	292	8.00	179	202	47.00	2.2	8.1	1.62	00:31:55	7.7	535	379	3	83	33	2025-11-08 02:01:34.859427+00	2025-11-08 02:01:34.859431+00	103	8
585	272	322	7.00	138	134	51.00	2.5	6.3	1.25	00:32:33	7.2	448	379	10	327	245	2025-11-08 02:01:34.863198+00	2025-11-08 02:01:34.863203+00	83	8
586	627	52	7.00	334	293	53.00	4.8	7	1.58	00:32:43	0.5	197	250	-8	-8	-6	2025-11-08 02:01:34.867072+00	2025-11-08 02:01:34.867076+00	92	8
587	316	253	7.00	154	162	49.00	3.4	5.4	1.31	00:32:32	8.2	592	412	-9	-260	-115	2025-11-08 02:01:34.870649+00	2025-11-08 02:01:34.870653+00	135	8
588	247	282	6.00	116	131	47.00	2.6	6	1.35	00:31:12	8.5	354	407	1	-3	-35	2025-11-08 02:01:34.87437+00	2025-11-08 02:01:34.874374+00	96	8
589	345	187	6.00	167	178	48.00	2.1	7.6	1.37	00:31:48	4.4	328	313	-1	18	-40	2025-11-08 02:01:34.878746+00	2025-11-08 02:01:34.87875+00	109	8
590	189	305	6.00	81	108	43.00	3	4.1	1.27	00:31:23	7	508	367	10	181	296	2025-11-08 02:01:34.882331+00	2025-11-08 02:01:34.882335+00	65	8
591	387	153	6.00	187	200	48.00	2.8	7.7	1.56	00:32:11	7.3	372	350	-9	-444	-101	2025-11-08 02:01:34.886186+00	2025-11-08 02:01:34.886191+00	30	8
592	187	294	6.00	91	96	49.00	2.9	7.1	1.29	00:32:52	9.4	513	433	-3	-230	-35	2025-11-08 02:01:34.889536+00	2025-11-08 02:01:34.88954+00	162	8
593	304	171	5.00	150	154	49.00	2.4	7.2	1.44	00:31:41	1.1	178	235	3	-45	-77	2025-11-08 02:01:34.893745+00	2025-11-08 02:01:34.893751+00	113	8
594	200	232	5.00	109	91	55.00	2.5	6.2	1.27	00:32:19	1.6	198	283	6	237	-40	2025-11-08 02:01:34.897307+00	2025-11-08 02:01:34.897312+00	84	8
595	292	145	5.00	124	168	42.00	3	7.1	1.32	00:31:08	9.2	475	443	0	290	75	2025-11-08 02:01:34.901482+00	2025-11-08 02:01:34.901487+00	60	8
596	222	201	5.00	100	122	45.00	4.5	6.5	1.5	00:32:23	4	230	281	-3	-230	192	2025-11-08 02:01:34.905316+00	2025-11-08 02:01:34.90532+00	145	8
597	163	213	5.00	86	77	53.00	3	8.7	1.45	00:31:13	6.7	398	338	-18	-809	-174	2025-11-08 02:01:34.909072+00	2025-11-08 02:01:34.909076+00	102	8
598	111	248	4.00	55	56	50.00	2.7	5.4	1.23	00:31:28	8.2	458	405	4	315	26	2025-11-08 02:01:34.913143+00	2025-11-08 02:01:34.913148+00	120	8
599	222	122	4.00	115	107	52.00	2.6	6.6	1.32	00:32:07	1.1	136	233	2	-47	-69	2025-11-08 02:01:34.916711+00	2025-11-08 02:01:34.916716+00	10	8
600	129	208	4.00	68	61	53.00	3.4	5.2	1.47	00:30:39	8.6	464	441	-1	37	16	2025-11-08 02:01:34.920726+00	2025-11-08 02:01:34.920731+00	167	8
601	199	168	4.00	102	97	51.00	3.1	5.8	1.78	00:31:43	5.8	295	342	4	86	137	2025-11-08 02:01:34.924372+00	2025-11-08 02:01:34.924376+00	36	8
602	116	217	4.00	54	62	47.00	3.7	3.2	1.43	00:31:35	6.5	484	382	11	439	439	2025-11-08 02:01:34.928443+00	2025-11-08 02:01:34.928447+00	71	8
603	232	121	4.00	112	120	48.00	3.7	6.8	1.62	00:32:19	8.7	641	418	1	7	18	2025-11-08 02:01:34.931793+00	2025-11-08 02:01:34.931796+00	33	8
604	259	91	4.00	116	143	45.00	3.3	6.9	1.53	00:32:13	8.7	544	411	2	33	33	2025-11-08 02:01:34.936109+00	2025-11-08 02:01:34.936113+00	1	8
605	99	203	4.00	44	55	44.00	2.5	2.9	1.32	00:31:57	7.6	798	410	12	147	429	2025-11-08 02:01:34.940081+00	2025-11-08 02:01:34.940085+00	115	8
606	105	186	4.00	55	50	52.00	3.4	4.2	1.32	00:30:22	6.5	344	382	10	463	302	2025-11-08 02:01:34.944079+00	2025-11-08 02:01:34.944083+00	106	8
607	196	95	3.00	108	88	55.00	3.4	5.8	1.32	00:32:44	1.5	344	266	-7	287	68	2025-11-08 02:01:34.948458+00	2025-11-08 02:01:34.948463+00	114	8
608	208	79	3.00	98	110	47.00	3.9	7.3	1.46	00:32:03	6	454	349	-3	-63	-29	2025-11-08 02:01:34.952092+00	2025-11-08 02:01:34.952097+00	48	8
609	91	168	3.00	53	38	58.00	2.8	6.1	1.37	00:32:41	8	429	412	10	571	79	2025-11-08 02:01:34.956748+00	2025-11-08 02:01:34.956752+00	95	8
610	153	110	3.00	55	98	36.00	2.3	5.4	1.31	00:31:37	6.3	224	338	14	90	336	2025-11-08 02:01:34.960478+00	2025-11-08 02:01:34.960488+00	104	8
611	137	102	3.00	56	81	41.00	3.3	5.8	1.49	00:32:17	8.7	680	409	-5	-46	-45	2025-11-08 02:01:34.964565+00	2025-11-08 02:01:34.96457+00	68	8
612	105	108	3.00	48	57	46.00	2.4	4.8	1.47	00:31:19	5.6	317	352	1	311	69	2025-11-08 02:01:34.969088+00	2025-11-08 02:01:34.969093+00	116	8
613	97	97	2.00	50	47	52.00	3.5	6.1	1.58	00:32:04	6.6	605	376	2	360	247	2025-11-08 02:01:34.973328+00	2025-11-08 02:01:34.973332+00	3	8
614	139	52	2.00	63	76	45.00	3	7	1.38	00:32:23	8.1	572	387	0	-243	178	2025-11-08 02:01:34.978307+00	2025-11-08 02:01:34.978312+00	151	8
615	88	90	2.00	45	43	51.00	2.9	6.1	1.5	00:31:57	6.8	433	383	7	327	277	2025-11-08 02:01:34.982532+00	2025-11-08 02:01:34.982545+00	91	8
616	103	66	2.00	43	60	42.00	3.1	6.6	1.19	00:33:13	9.1	674	416	-1	-188	-104	2025-11-08 02:01:34.986711+00	2025-11-08 02:01:34.986716+00	119	8
617	98	65	2.00	46	52	47.00	3.3	7.9	1.23	00:32:56	8.2	587	394	6	142	288	2025-11-08 02:01:34.991628+00	2025-11-08 02:01:34.991632+00	110	8
618	103	56	2.00	60	43	58.00	2.7	7.8	1.2	00:31:20	1.1	171	240	2	3	-103	2025-11-08 02:01:34.995785+00	2025-11-08 02:01:34.995789+00	88	8
619	77	82	2.00	32	45	42.00	2.4	5.8	1.52	00:31:59	8.2	399	398	-1	-104	-50	2025-11-08 02:01:34.999814+00	2025-11-08 02:01:34.999819+00	134	8
620	71	75	2.00	25	46	35.00	4	7	1.13	00:33:19	8	781	397	-5	45	54	2025-11-08 02:01:35.004064+00	2025-11-08 02:01:35.004069+00	129	8
621	89	67	2.00	45	44	51.00	3.1	5.9	1.46	00:32:24	8.7	550	412	6	94	-39	2025-11-08 02:01:35.008101+00	2025-11-08 02:01:35.008106+00	85	8
622	104	52	2.00	43	61	41.00	3.7	6.4	1.56	00:31:02	2.7	169	258	-14	-405	-108	2025-11-08 02:01:35.012549+00	2025-11-08 02:01:35.012553+00	140	8
623	52	75	2.00	18	34	35.00	2.1	5.3	1.25	00:31:42	8.2	351	393	-4	-216	-259	2025-11-08 02:01:35.017014+00	2025-11-08 02:01:35.017022+00	123	8
624	102	33	2.00	51	51	50.00	3.7	7.6	1.46	00:32:36	1	217	243	-8	-126	-134	2025-11-08 02:01:35.021396+00	2025-11-08 02:01:35.021403+00	58	8
625	40	82	2.00	18	22	45.00	3.5	5.5	1.25	00:31:32	8.7	545	414	-4	-422	-62	2025-11-08 02:01:35.025854+00	2025-11-08 02:01:35.025859+00	153	8
626	52	72	1.00	25	27	48.00	2.8	4.3	1.4	00:31:39	6.8	420	391	3	29	200	2025-11-08 02:01:35.030461+00	2025-11-08 02:01:35.030467+00	138	8
627	59	55	1.00	28	31	47.00	2.8	4.4	1.36	00:31:11	4.5	395	297	-11	-435	-341	2025-11-08 02:01:35.035225+00	2025-11-08 02:01:35.03523+00	27	8
628	71	41	1.00	33	38	46.00	2.2	8	1.55	00:31:05	7.9	502	384	8	357	303	2025-11-08 02:01:35.040041+00	2025-11-08 02:01:35.040046+00	121	8
629	58	47	1.00	28	30	48.00	4	6.1	1.22	00:33:36	0.6	95	232	-21	-560	-770	2025-11-08 02:01:35.044315+00	2025-11-08 02:01:35.04432+00	128	8
630	47	53	1.00	27	20	57.00	3.6	4.5	1.19	00:31:14	6	426	370	0	-52	-68	2025-11-08 02:01:35.048814+00	2025-11-08 02:01:35.048819+00	141	8
631	82	29	1.00	35	47	43.00	2.7	8.4	1.56	00:30:06	8.5	488	421	0	-203	-87	2025-11-08 02:01:35.053653+00	2025-11-08 02:01:35.053658+00	132	8
632	45	60	1.00	23	22	51.00	2.8	4.3	1.73	00:30:34	5.5	383	354	4	255	147	2025-11-08 02:01:35.057874+00	2025-11-08 02:01:35.057879+00	6	8
633	52	45	1.00	22	30	42.00	2.9	3.9	1.19	00:32:42	6.5	445	376	0	83	99	2025-11-08 02:01:35.062947+00	2025-11-08 02:01:35.062952+00	90	8
634	53	38	1.00	23	30	43.00	3.7	5.8	1.55	00:31:31	5.3	288	318	-11	-502	-131	2025-11-08 02:01:35.067242+00	2025-11-08 02:01:35.067247+00	81	8
635	54	32	1.00	27	27	50.00	3.3	7.9	1.43	00:34:12	4.8	170	304	-1	-182	-120	2025-11-08 02:01:35.071299+00	2025-11-08 02:01:35.071304+00	20	8
636	36	43	1.00	20	16	56.00	5	5.2	1.28	00:33:36	8.2	740	408	4	141	66	2025-11-08 02:01:35.076029+00	2025-11-08 02:01:35.076034+00	149	8
637	52	26	1.00	20	32	38.00	2.9	8.1	1.27	00:31:24	1.3	111	236	4	-107	179	2025-11-08 02:01:35.080613+00	2025-11-08 02:01:35.080618+00	124	8
638	27	50	1.00	8	19	30.00	2.3	5.4	1.37	00:30:10	8.5	502	427	1	342	237	2025-11-08 02:01:35.084773+00	2025-11-08 02:01:35.084777+00	154	8
639	16	55	1.00	10	6	63.00	3	2.9	1.19	00:28:00	5.9	471	364	2	49	536	2025-11-08 02:01:35.089398+00	2025-11-08 02:01:35.089403+00	160	8
640	43	31	1.00	24	19	56.00	3.2	6.7	1.3	00:32:48	7.1	431	392	4	163	411	2025-11-08 02:01:35.094061+00	2025-11-08 02:01:35.094066+00	86	8
641	45	29	1.00	23	22	51.00	3.2	5.3	1.33	00:32:17	5.4	337	324	-7	-342	-164	2025-11-08 02:01:35.098094+00	2025-11-08 02:01:35.098098+00	105	8
642	25	46	1.00	13	12	52.00	2.8	3.2	1.32	00:31:05	6.3	453	380	5	242	235	2025-11-08 02:01:35.102858+00	2025-11-08 02:01:35.102864+00	144	8
643	58	20	1.00	26	32	45.00	3.3	7.5	1.62	00:32:32	2.4	306	272	-2	219	205	2025-11-08 02:01:35.108003+00	2025-11-08 02:01:35.108014+00	130	8
644	40	30	1.00	17	23	43.00	2.6	7.5	1.45	00:32:33	7.6	549	363	-1	-192	-4	2025-11-08 02:01:35.112135+00	2025-11-08 02:01:35.11214+00	99	8
645	39	26	1.00	14	25	36.00	2.2	3.7	1.28	00:31:29	6.6	439	378	4	-19	54	2025-11-08 02:01:35.117104+00	2025-11-08 02:01:35.117108+00	118	8
646	42	36	1.00	17	25	40.00	3	5.4	2.33	00:33:24	9.2	398	430	-4	101	764	2025-11-08 02:01:35.121238+00	2025-11-08 02:01:35.121244+00	139	8
647	29	32	1.00	16	13	55.00	4.2	3.2	1.14	00:29:17	5.1	188	298	-23	-919	-505	2025-11-08 02:01:35.125811+00	2025-11-08 02:01:35.125817+00	59	8
648	49	10	1.00	24	25	49.00	3.7	7.7	1.31	00:32:17	0.7	169	238	-4	-84	33	2025-11-08 02:01:35.130523+00	2025-11-08 02:01:35.130528+00	165	8
649	37	21	1.00	16	21	43.00	2.1	7.5	1.3	00:30:13	6.2	443	354	-19	-965	-400	2025-11-08 02:01:35.135534+00	2025-11-08 02:01:35.135547+00	163	8
650	12	37	1.00	7	5	58.00	3.7	3.9	1.67	00:31:01	7.3	569	382	4	25	-278	2025-11-08 02:01:35.140237+00	2025-11-08 02:01:35.140243+00	52	8
651	21	25	1.00	9	12	43.00	2.7	7	1.1	00:30:31	8.4	479	382	3	289	143	2025-11-08 02:01:35.145342+00	2025-11-08 02:01:35.145347+00	137	8
652	41	9	1.00	21	20	51.00	2.4	7.9	1.41	00:32:15	7.2	365	358	-5	-284	-153	2025-11-08 02:01:35.149874+00	2025-11-08 02:01:35.149879+00	87	8
653	22	23	1.00	6	16	27.00	1.7	3.8	1.32	00:32:42	5.2	510	321	0	-26	209	2025-11-08 02:01:35.154804+00	2025-11-08 02:01:35.154811+00	156	8
654	13	23	0.00	8	5	62.00	3.7	5.4	1.31	00:34:50	7.6	444	393	-9	-201	-76	2025-11-08 02:01:35.159543+00	2025-11-08 02:01:35.159563+00	133	8
655	11	19	0.00	3	8	27.00	1.7	4.3	1.82	00:32:36	5.4	360	315	2	-301	128	2025-11-08 02:01:35.16441+00	2025-11-08 02:01:35.164415+00	117	8
656	11	17	0.00	6	5	55.00	3.5	4.9	2.09	00:32:09	5.4	359	348	-4	137	-159	2025-11-08 02:01:35.168575+00	2025-11-08 02:01:35.16858+00	155	8
657	17	10	0.00	10	7	59.00	2.4	6.5	1.94	00:31:14	5.1	289	312	-14	-546	-388	2025-11-08 02:01:35.173031+00	2025-11-08 02:01:35.173036+00	166	8
658	4	13	0.00	3	1	75.00	7.4	2.1	1.5	00:32:27	8.2	557	417	-20	-508	-422	2025-11-08 02:01:35.177603+00	2025-11-08 02:01:35.17761+00	125	8
659	15	5	0.00	8	7	53.00	3.2	8.2	1.8	00:31:03	7.9	412	378	-7	-332	272	2025-11-08 02:01:35.181742+00	2025-11-08 02:01:35.181747+00	164	8
660	7	6	0.00	4	3	57.00	4.3	7.5	1.29	00:35:58	5.1	378	325	-9	357	-380	2025-11-08 02:01:35.186407+00	2025-11-08 02:01:35.186412+00	79	8
661	7	6	0.00	1	6	14.00	1.6	5	1.57	00:31:05	4.9	439	314	4	30	141	2025-11-08 02:01:35.191143+00	2025-11-08 02:01:35.191149+00	23	8
662	8	2	0.00	3	5	38.00	1.2	9.5	1.13	00:26:39	8.4	459	393	-2	107	19	2025-11-08 02:01:35.195167+00	2025-11-08 02:01:35.195172+00	56	8
663	5	4	0.00	1	4	20.00	1.4	9.3	1.4	00:28:59	8.1	393	398	-4	-82	-56	2025-11-08 02:01:35.199703+00	2025-11-08 02:01:35.199708+00	107	8
664	7	1	0.00	1	6	14.00	1.8	6	1	00:29:35	7.4	692	404	6	613	452	2025-11-08 02:01:35.204091+00	2025-11-08 02:01:35.204096+00	150	8
665	3	5	0.00	1	2	33.00	3.4	7.6	1.33	00:34:45	6.9	430	373	-16	-546	-75	2025-11-08 02:01:35.208609+00	2025-11-08 02:01:35.208614+00	158	8
666	3	4	0.00	1	2	33.00	2.3	6.5	1.33	00:30:46	9.2	723	385	17	-154	391	2025-11-08 02:01:35.213569+00	2025-11-08 02:01:35.213574+00	127	8
667	3	3	0.00	1	2	33.00	1.6	4.3	1.33	00:26:56	4.7	377	335	-5	-372	-476	2025-11-08 02:01:35.217894+00	2025-11-08 02:01:35.2179+00	131	8
668	2	3	0.00	1	1	50.00	6.7	5.3	1	00:32:19	5.1	278	329	-16	-238	-906	2025-11-08 02:01:35.222146+00	2025-11-08 02:01:35.222151+00	169	8
669	1	2	0.00	0	1	0.00	0.4	4	1	00:25:43	7.5	398	305	-18	-1635	-316	2025-11-08 02:01:35.226521+00	2025-11-08 02:01:35.226527+00	157	8
670	2	1	0.00	0	2	0.00	1	8	2	00:28:52	7.7	488	360	-22	-1255	-964	2025-11-08 02:01:35.230651+00	2025-11-08 02:01:35.230656+00	161	8
671	2	0	0.00	0	2	0.00	1.9	0	1	00:32:14	6.3	265	359	-18	-1124	-696	2025-11-08 02:01:35.235513+00	2025-11-08 02:01:35.235518+00	171	8
672	2	0	0.00	1	1	50.00	1.9	0	1	00:29:05	4.3	579	373	-32	-1744	-962	2025-11-08 02:01:35.240587+00	2025-11-08 02:01:35.240592+00	170	8
673	1	1	0.00	1	0	100.00	2.4	8	1	00:26:14	5.6	553	405	23	1880	1078	2025-11-08 02:01:35.244653+00	2025-11-08 02:01:35.244657+00	126	8
674	3	0	0.00	1	2	33.00	2.6	0	1.67	00:33:41	0.8	353	256	-6	132	690	2025-11-08 02:01:35.249585+00	2025-11-08 02:01:35.24959+00	49	8
675	0	0	0.00	0	0	0.00	0	0	0	\N	0	0	0	0	0	0	2025-11-08 02:01:35.254518+00	2025-11-08 02:01:35.254523+00	28	8
676	0	0	0.00	0	0	0.00	0	0	0	\N	0	0	0	0	0	0	2025-11-08 02:01:35.258441+00	2025-11-08 02:01:35.258446+00	108	8
677	0	0	0.00	0	0	0.00	0	0	0	\N	0	0	0	0	0	0	2025-11-08 02:01:35.263197+00	2025-11-08 02:01:35.263202+00	34	8
678	0	0	0.00	0	0	0.00	0	0	0	\N	0	0	0	0	0	0	2025-11-08 02:01:35.267442+00	2025-11-08 02:01:35.267456+00	168	8
679	0	0	0.00	0	0	0.00	0	0	0	\N	0	0	0	0	0	0	2025-11-08 02:01:35.271733+00	2025-11-08 02:01:35.271738+00	64	8
680	0	0	0.00	0	0	0.00	0	0	0	\N	0	0	0	0	0	0	2025-11-08 02:01:35.276326+00	2025-11-08 02:01:35.27633+00	77	8
681	0	0	0.00	0	0	0.00	0	0	0	\N	0	0	0	0	0	0	2025-11-08 02:01:35.280576+00	2025-11-08 02:01:35.280581+00	21	8
682	0	0	0.00	0	0	0.00	0	0	0	\N	0	0	0	0	0	0	2025-11-08 02:01:35.284758+00	2025-11-08 02:01:35.284762+00	8	8
683	0	0	0.00	0	0	0.00	0	0	0	\N	0	0	0	0	0	0	2025-11-08 02:01:35.289774+00	2025-11-08 02:01:35.289779+00	74	8
684	0	0	0.00	0	0	0.00	0	0	0	\N	0	0	0	0	0	0	2025-11-08 02:01:35.294019+00	2025-11-08 02:01:35.294024+00	45	8
685	1805	3336	65.00	922	883	51.00	3.3	4.3	1.46	00:32:03	1.1	112	233	2	38	12	2025-11-08 02:01:41.161299+00	2025-11-08 02:01:41.161307+00	100	7
686	1872	2849	59.00	956	916	51.00	2.8	4.8	1.46	00:31:50	8	376	385	7	321	152	2025-11-08 02:01:41.165773+00	2025-11-08 02:01:41.165778+00	38	7
687	2602	1135	45.00	1327	1275	51.00	4.1	5.5	1.43	00:31:42	9.2	464	440	1	-43	19	2025-11-08 02:01:41.169832+00	2025-11-08 02:01:41.169837+00	26	7
688	2354	1080	41.00	1200	1154	51.00	2.6	8	1.48	00:31:47	1.2	121	233	1	-25	-61	2025-11-08 02:01:41.173965+00	2025-11-08 02:01:41.17397+00	31	7
689	1133	2070	40.00	618	515	55.00	2.7	5.4	1.52	00:31:27	7.6	446	393	-2	-15	-34	2025-11-08 02:01:41.17848+00	2025-11-08 02:01:41.178485+00	72	7
690	1837	1422	39.00	964	873	52.00	3	6.6	1.55	00:32:19	7.8	466	380	4	154	150	2025-11-08 02:01:41.182734+00	2025-11-08 02:01:41.182739+00	53	7
691	1029	2010	39.00	494	535	48.00	3.1	5.2	1.49	00:31:51	8.9	518	420	7	304	41	2025-11-08 02:01:41.18699+00	2025-11-08 02:01:41.186995+00	41	7
692	1198	1887	38.00	620	578	52.00	2.9	4.2	1.55	00:31:49	5.6	372	343	-1	-103	-85	2025-11-08 02:01:41.190933+00	2025-11-08 02:01:41.190938+00	16	7
693	1764	1405	38.00	956	808	54.00	3.7	4.3	1.51	00:31:44	6.4	351	364	-3	-16	-75	2025-11-08 02:01:41.19498+00	2025-11-08 02:01:41.194984+00	80	7
694	1348	1533	35.00	658	690	49.00	3.8	4.2	1.54	00:31:47	6.3	212	344	6	190	278	2025-11-08 02:01:41.199266+00	2025-11-08 02:01:41.199271+00	104	7
695	1691	1224	35.00	863	828	51.00	4.3	7.5	1.51	00:32:24	8.7	479	395	4	-1	61	2025-11-08 02:01:41.203281+00	2025-11-08 02:01:41.203285+00	22	7
696	1423	1424	35.00	739	684	52.00	3.6	4.2	1.51	00:32:01	6.7	361	375	0	77	13	2025-11-08 02:01:41.207666+00	2025-11-08 02:01:41.207671+00	54	7
697	642	1952	34.00	333	309	52.00	4.6	3.9	1.4	00:31:22	5.6	330	326	-8	-266	-134	2025-11-08 02:01:41.211705+00	2025-11-08 02:01:41.21171+00	97	7
698	1537	1167	32.00	797	740	52.00	2.5	5.5	1.56	00:31:43	1.1	151	232	0	-80	-63	2025-11-08 02:01:41.216026+00	2025-11-08 02:01:41.216031+00	10	7
699	1099	1496	32.00	553	546	50.00	3.1	4.5	1.54	00:31:49	6	368	350	0	-14	-13	2025-11-08 02:01:41.220418+00	2025-11-08 02:01:41.220424+00	83	7
700	1771	918	32.00	904	867	51.00	3	7.5	1.51	00:31:44	1.1	144	232	0	-60	-40	2025-11-08 02:01:41.224495+00	2025-11-08 02:01:41.224499+00	11	7
701	1258	1296	31.00	638	620	51.00	3.8	5.5	1.58	00:32:20	8.6	612	407	4	115	34	2025-11-08 02:01:41.228681+00	2025-11-08 02:01:41.228686+00	1	7
702	1380	1197	31.00	705	675	51.00	3.7	5.3	1.59	00:31:07	9.2	485	441	-1	239	106	2025-11-08 02:01:41.232793+00	2025-11-08 02:01:41.232798+00	60	7
703	781	1612	30.00	407	374	52.00	2.8	4.3	1.43	00:31:36	7.7	472	390	0	-74	-51	2025-11-08 02:01:41.236893+00	2025-11-08 02:01:41.236897+00	5	7
704	1567	870	30.00	729	838	47.00	2.4	8.2	1.42	00:31:40	1.2	152	231	0	-79	-50	2025-11-08 02:01:41.241099+00	2025-11-08 02:01:41.241105+00	17	7
705	1291	1158	30.00	581	710	45.00	3	6.6	1.56	00:32:48	8.4	506	383	3	5	-50	2025-11-08 02:01:41.245253+00	2025-11-08 02:01:41.245257+00	62	7
706	1326	1036	29.00	651	675	49.00	2.3	6.2	1.42	00:31:33	5.7	359	333	-4	-106	-124	2025-11-08 02:01:41.249525+00	2025-11-08 02:01:41.24953+00	109	7
707	1020	1336	29.00	529	491	52.00	2.6	6.8	1.58	00:31:44	8.4	628	405	10	291	2	2025-11-08 02:01:41.253446+00	2025-11-08 02:01:41.25345+00	12	7
708	786	1491	29.00	397	389	51.00	4.5	4.7	1.54	00:31:59	7.8	567	387	2	151	220	2025-11-08 02:01:41.257705+00	2025-11-08 02:01:41.257709+00	82	7
709	1484	873	28.00	790	694	53.00	3.6	5.4	1.5	00:31:58	9.3	517	434	4	267	25	2025-11-08 02:01:41.261926+00	2025-11-08 02:01:41.261932+00	89	7
710	668	1496	28.00	351	317	53.00	3	4.3	1.44	00:31:39	7	356	368	-1	18	-36	2025-11-08 02:01:41.266302+00	2025-11-08 02:01:41.266307+00	36	7
711	1497	818	28.00	781	716	52.00	4.4	6.2	1.5	00:31:59	8.9	677	414	-2	-252	-7	2025-11-08 02:01:41.270362+00	2025-11-08 02:01:41.270366+00	13	7
712	710	1451	28.00	372	338	52.00	3.4	4.5	1.42	00:31:50	7.6	492	386	-3	-111	25	2025-11-08 02:01:41.274199+00	2025-11-08 02:01:41.274204+00	46	7
713	1125	1067	27.00	538	587	48.00	3.4	4.5	1.44	00:32:11	6.4	397	347	3	39	108	2025-11-08 02:01:41.278468+00	2025-11-08 02:01:41.278473+00	65	7
714	684	1419	26.00	382	302	56.00	4.1	5.1	1.58	00:31:47	7.8	428	406	-7	307	-134	2025-11-08 02:01:41.282618+00	2025-11-08 02:01:41.282623+00	101	7
715	1107	974	25.00	555	552	50.00	3.7	4.6	1.49	00:31:59	5.9	298	341	-3	-52	-124	2025-11-08 02:01:41.28694+00	2025-11-08 02:01:41.286945+00	159	7
716	521	1354	24.00	261	260	50.00	2.3	5.1	1.56	00:31:23	8.7	420	416	13	326	28	2025-11-08 02:01:41.291021+00	2025-11-08 02:01:41.291025+00	93	7
717	1235	707	23.00	634	601	51.00	2.9	6.3	1.47	00:31:56	4.8	345	304	-7	-264	-121	2025-11-08 02:01:41.29536+00	2025-11-08 02:01:41.295364+00	76	7
718	1051	842	23.00	524	527	50.00	3.4	6.3	1.51	00:32:01	8.9	540	403	3	33	147	2025-11-08 02:01:41.299569+00	2025-11-08 02:01:41.299573+00	4	7
719	628	1096	22.00	327	301	52.00	4.5	4.2	1.29	00:31:52	3.2	486	332	-6	500	329	2025-11-08 02:01:41.304305+00	2025-11-08 02:01:41.30431+00	67	7
720	948	809	22.00	479	469	51.00	3.5	6.4	1.46	00:31:33	3.8	275	287	-5	-188	-64	2025-11-08 02:01:41.308304+00	2025-11-08 02:01:41.308308+00	40	7
721	701	977	21.00	299	402	43.00	3.7	4.9	1.31	00:32:00	4.2	274	287	-8	-293	-106	2025-11-08 02:01:41.312481+00	2025-11-08 02:01:41.312485+00	63	7
722	1019	797	21.00	482	537	47.00	3.2	6.3	1.64	00:31:33	9.2	461	420	7	160	142	2025-11-08 02:01:41.316561+00	2025-11-08 02:01:41.316565+00	43	7
723	871	878	21.00	450	421	52.00	3.2	7.4	1.59	00:31:04	7.6	465	386	-8	-257	-125	2025-11-08 02:01:41.320706+00	2025-11-08 02:01:41.320711+00	47	7
724	1021	730	21.00	492	529	48.00	3.4	8.2	1.59	00:31:58	1.1	163	230	1	-72	-14	2025-11-08 02:01:41.324766+00	2025-11-08 02:01:41.324772+00	24	7
725	674	962	20.00	328	346	49.00	4.5	5.3	1.48	00:32:15	7.9	545	375	0	85	-4	2025-11-08 02:01:41.328749+00	2025-11-08 02:01:41.328754+00	94	7
726	669	960	20.00	338	331	51.00	3.7	5.3	1.46	00:31:34	9.3	404	430	11	416	248	2025-11-08 02:01:41.332848+00	2025-11-08 02:01:41.332852+00	15	7
727	895	719	20.00	453	442	51.00	2.9	5	1.43	00:31:24	6.6	421	371	9	209	327	2025-11-08 02:01:41.336999+00	2025-11-08 02:01:41.337004+00	136	7
728	578	992	20.00	282	296	49.00	3.8	4.2	1.52	00:32:44	8.7	686	406	-5	-57	-107	2025-11-08 02:01:41.341071+00	2025-11-08 02:01:41.341075+00	68	7
729	717	871	20.00	365	352	51.00	4.1	4.4	1.46	00:31:56	6.5	420	364	4	176	190	2025-11-08 02:01:41.345078+00	2025-11-08 02:01:41.345084+00	71	7
730	1075	583	19.00	586	489	55.00	3.9	7.8	1.63	00:31:59	1.2	150	239	-1	-18	-33	2025-11-08 02:01:41.349253+00	2025-11-08 02:01:41.349257+00	19	7
731	1018	492	18.00	436	582	43.00	2.8	6.7	1.44	00:31:36	5.6	311	328	-7	-259	-330	2025-11-08 02:01:41.353456+00	2025-11-08 02:01:41.35346+00	98	7
732	902	594	18.00	432	470	48.00	3.4	4.8	1.45	00:32:01	7.3	407	384	6	141	187	2025-11-08 02:01:41.357603+00	2025-11-08 02:01:41.357608+00	152	7
733	939	496	17.00	461	478	49.00	3.6	7.7	1.48	00:32:45	8.7	635	397	0	-183	15	2025-11-08 02:01:41.361721+00	2025-11-08 02:01:41.361725+00	35	7
734	989	438	17.00	493	496	50.00	3.8	7.4	1.51	00:32:15	9.4	524	434	0	63	24	2025-11-08 02:01:41.365926+00	2025-11-08 02:01:41.365932+00	44	7
735	514	725	16.00	229	285	45.00	4.4	4.8	1.39	00:31:25	3.5	193	275	-7	-313	-111	2025-11-08 02:01:41.370044+00	2025-11-08 02:01:41.370048+00	66	7
736	797	467	16.00	397	400	50.00	3.7	5	1.32	00:32:00	6.2	481	356	2	141	93	2025-11-08 02:01:41.374497+00	2025-11-08 02:01:41.374502+00	3	7
737	697	532	15.00	353	344	51.00	3.1	6.1	1.52	00:31:47	4	206	282	-7	-257	-109	2025-11-08 02:01:41.37846+00	2025-11-08 02:01:41.378465+00	122	7
738	695	512	15.00	339	356	49.00	2.9	7.8	1.47	00:31:49	7.6	458	376	1	25	114	2025-11-08 02:01:41.382647+00	2025-11-08 02:01:41.382651+00	61	7
739	575	564	14.00	264	311	46.00	2.9	7.4	1.54	00:32:59	8.1	599	420	2	294	-46	2025-11-08 02:01:41.386673+00	2025-11-08 02:01:41.386678+00	112	7
740	337	672	13.00	190	147	56.00	3.5	4.2	1.22	00:31:38	6.7	433	370	5	241	353	2025-11-08 02:01:41.390603+00	2025-11-08 02:01:41.390607+00	7	7
741	209	743	12.00	107	102	51.00	2.8	4.1	1.31	00:31:24	5.4	355	338	-5	21	-259	2025-11-08 02:01:41.395137+00	2025-11-08 02:01:41.395142+00	6	7
742	615	357	12.00	290	325	47.00	3.1	7.6	1.53	00:31:58	6.7	361	330	-12	-548	-179	2025-11-08 02:01:41.399314+00	2025-11-08 02:01:41.399318+00	57	7
743	466	450	11.00	226	240	48.00	3.4	5.5	1.45	00:31:29	8.8	406	425	0	51	16	2025-11-08 02:01:41.403415+00	2025-11-08 02:01:41.403419+00	167	7
744	722	288	11.00	342	380	47.00	3.8	6.1	1.69	00:31:18	9.6	554	441	4	158	-76	2025-11-08 02:01:41.407666+00	2025-11-08 02:01:41.407671+00	70	7
745	624	305	11.00	285	339	46.00	2.8	7.5	1.54	00:32:00	6.9	359	335	-11	-487	-121	2025-11-08 02:01:41.412032+00	2025-11-08 02:01:41.412037+00	30	7
746	321	483	10.00	139	182	43.00	2.7	7	1.4	00:30:24	8.5	440	403	-3	-121	-15	2025-11-08 02:01:41.416316+00	2025-11-08 02:01:41.416321+00	18	7
747	703	167	10.00	314	389	45.00	4.7	7.4	1.47	00:32:11	8.6	449	406	-3	-247	-50	2025-11-08 02:01:41.420376+00	2025-11-08 02:01:41.420381+00	37	7
748	550	327	10.00	275	275	50.00	3.7	5.9	1.82	00:32:11	4.4	244	312	-8	-240	-327	2025-11-08 02:01:41.424694+00	2025-11-08 02:01:41.424699+00	39	7
749	404	324	9.00	205	199	51.00	2.7	8.4	1.47	00:31:44	7	388	371	-10	-330	-198	2025-11-08 02:01:41.428946+00	2025-11-08 02:01:41.428952+00	25	7
750	368	355	8.00	195	173	53.00	2.6	7.3	1.82	00:32:24	7.4	516	375	0	-6	26	2025-11-08 02:01:41.433117+00	2025-11-08 02:01:41.433123+00	103	7
751	419	197	8.00	209	210	50.00	3.7	6.7	1.41	00:32:22	9.1	504	427	2	58	7	2025-11-08 02:01:41.437431+00	2025-11-08 02:01:41.437436+00	33	7
752	408	188	7.00	178	230	44.00	3.6	7.8	1.54	00:32:06	8.5	460	393	-1	-179	-3	2025-11-08 02:01:41.441466+00	2025-11-08 02:01:41.44147+00	48	7
753	228	325	7.00	111	117	49.00	3	8.3	1.52	00:31:23	6.3	376	329	-18	-609	-230	2025-11-08 02:01:41.445669+00	2025-11-08 02:01:41.445674+00	102	7
754	406	161	7.00	181	225	45.00	3.1	7.4	1.52	00:31:28	7	493	358	-1	-106	-40	2025-11-08 02:01:41.450157+00	2025-11-08 02:01:41.450161+00	99	7
755	329	209	6.00	152	177	46.00	3.3	6.5	1.69	00:32:05	4.9	281	323	-8	-257	-351	2025-11-08 02:01:41.454127+00	2025-11-08 02:01:41.454132+00	51	7
756	212	214	5.00	110	102	52.00	3.5	4.6	1.45	00:32:24	5.2	170	312	-11	-511	-583	2025-11-08 02:01:41.458374+00	2025-11-08 02:01:41.458378+00	20	7
757	198	171	4.00	88	110	44.00	2.8	6.1	1.5	00:31:33	6.9	411	380	1	1	7	2025-11-08 02:01:41.462236+00	2025-11-08 02:01:41.46224+00	91	7
758	180	192	4.00	91	89	51.00	2.2	8	1.65	00:31:06	7.8	422	401	-1	36	-42	2025-11-08 02:01:41.466522+00	2025-11-08 02:01:41.466526+00	42	7
759	187	162	4.00	72	115	39.00	3	7	1.28	00:32:01	9	615	413	0	-214	-164	2025-11-08 02:01:41.470924+00	2025-11-08 02:01:41.47093+00	119	7
760	105	239	4.00	49	56	47.00	5.6	4.5	1.41	00:31:15	0.3	332	242	-13	21	168	2025-11-08 02:01:41.475152+00	2025-11-08 02:01:41.475157+00	142	7
761	180	178	4.00	82	98	46.00	3.4	4.6	1.67	00:31:55	8.9	564	433	8	348	-41	2025-11-08 02:01:41.47948+00	2025-11-08 02:01:41.479485+00	69	7
762	243	116	4.00	115	128	47.00	3.1	7.8	1.54	00:31:22	8.5	470	421	-2	-154	-22	2025-11-08 02:01:41.483483+00	2025-11-08 02:01:41.483488+00	132	7
763	141	196	4.00	69	72	49.00	3	4.3	1.5	00:31:14	7.4	702	396	11	237	459	2025-11-08 02:01:41.487776+00	2025-11-08 02:01:41.487781+00	115	7
764	129	204	4.00	70	59	54.00	3.8	5.6	1.56	00:31:11	8.8	519	462	6	440	29	2025-11-08 02:01:41.492402+00	2025-11-08 02:01:41.492406+00	75	7
765	150	163	4.00	74	76	49.00	2.7	6.7	1.39	00:31:07	8.5	365	413	0	35	-55	2025-11-08 02:01:41.49672+00	2025-11-08 02:01:41.496725+00	96	7
766	139	172	4.00	57	82	41.00	2.2	5.7	1.5	00:31:35	8.2	459	405	7	307	113	2025-11-08 02:01:41.500789+00	2025-11-08 02:01:41.500794+00	73	7
767	146	130	3.00	65	81	45.00	3.3	7.1	1.37	00:31:40	5.4	259	312	-12	-661	-96	2025-11-08 02:01:41.505051+00	2025-11-08 02:01:41.505058+00	81	7
768	172	116	3.00	91	81	53.00	4	7.2	1.49	00:32:00	9.3	669	430	0	-21	-138	2025-11-08 02:01:41.509167+00	2025-11-08 02:01:41.509172+00	14	7
769	148	126	3.00	58	90	39.00	3.1	6.3	1.36	00:31:03	3.3	295	285	-5	40	88	2025-11-08 02:01:41.513394+00	2025-11-08 02:01:41.513399+00	130	7
770	141	119	3.00	73	68	52.00	3.2	6.1	1.33	00:31:55	8	420	396	-7	-149	22	2025-11-08 02:01:41.517302+00	2025-11-08 02:01:41.517307+00	154	7
771	131	114	3.00	53	78	40.00	2.6	6.1	1.73	00:31:27	7.8	414	397	-6	-95	-140	2025-11-08 02:01:41.521595+00	2025-11-08 02:01:41.5216+00	134	7
772	138	101	3.00	55	83	40.00	2.7	8	1.54	00:31:22	8.6	477	402	2	-142	-62	2025-11-08 02:01:41.526193+00	2025-11-08 02:01:41.526199+00	85	7
773	140	79	3.00	79	61	56.00	3.4	7.6	1.41	00:31:53	7.8	445	371	-2	-88	-199	2025-11-08 02:01:41.530381+00	2025-11-08 02:01:41.530385+00	143	7
774	149	76	2.00	88	61	59.00	4.5	7.1	1.84	00:31:52	1.2	215	246	-4	-53	174	2025-11-08 02:01:41.534747+00	2025-11-08 02:01:41.534752+00	58	7
775	150	54	2.00	57	93	38.00	3.1	7.2	1.55	00:31:39	5.3	294	318	-11	-476	-387	2025-11-08 02:01:41.538665+00	2025-11-08 02:01:41.538669+00	29	7
776	140	54	2.00	63	77	45.00	4.1	7.9	1.41	00:33:01	9.7	550	432	0	-88	6	2025-11-08 02:01:41.54279+00	2025-11-08 02:01:41.542794+00	50	7
777	71	108	2.00	39	32	55.00	4.2	6.4	1.52	00:30:45	8.5	570	423	-2	-65	29	2025-11-08 02:01:41.547082+00	2025-11-08 02:01:41.547088+00	153	7
778	99	66	2.00	50	49	51.00	2.6	8.3	1.29	00:31:52	1.1	173	236	1	-107	-147	2025-11-08 02:01:41.551313+00	2025-11-08 02:01:41.551318+00	88	7
779	88	79	2.00	40	48	45.00	2.5	6	1.56	00:30:39	6.5	430	363	-8	-175	-256	2025-11-08 02:01:41.555612+00	2025-11-08 02:01:41.555616+00	90	7
780	133	44	2.00	66	67	50.00	2.4	8.6	1.66	00:32:07	7.1	378	358	-5	-305	-188	2025-11-08 02:01:41.559618+00	2025-11-08 02:01:41.559623+00	87	7
781	83	76	2.00	50	33	60.00	3.8	5.8	1.42	00:32:01	6.2	415	368	0	-35	-89	2025-11-08 02:01:41.564005+00	2025-11-08 02:01:41.564009+00	141	7
782	41	94	2.00	26	15	63.00	3.4	4.9	1.15	00:30:41	6.1	387	351	4	-18	217	2025-11-08 02:01:41.568129+00	2025-11-08 02:01:41.568135+00	117	7
783	52	93	2.00	31	21	60.00	3.1	3.8	1.75	00:30:10	6.6	432	392	5	266	264	2025-11-08 02:01:41.572324+00	2025-11-08 02:01:41.572329+00	138	7
784	103	42	2.00	60	43	58.00	2.8	7.7	1.34	00:32:49	2.1	432	249	-3	-167	-156	2025-11-08 02:01:41.576594+00	2025-11-08 02:01:41.576599+00	27	7
785	65	74	2.00	36	29	55.00	2.5	4.3	1.38	00:32:29	5.4	316	344	-6	-43	-178	2025-11-08 02:01:41.580429+00	2025-11-08 02:01:41.580434+00	116	7
786	52	83	2.00	28	24	54.00	3.1	7	1.5	00:31:47	7.9	435	404	17	685	400	2025-11-08 02:01:41.58467+00	2025-11-08 02:01:41.584674+00	95	7
787	98	42	2.00	46	52	47.00	2.5	6.5	1.44	00:31:00	6.7	375	368	0	84	47	2025-11-08 02:01:41.58892+00	2025-11-08 02:01:41.588927+00	118	7
788	72	58	2.00	29	43	40.00	3.1	7.4	1.31	00:29:50	1.3	96	234	0	-94	99	2025-11-08 02:01:41.592988+00	2025-11-08 02:01:41.592992+00	124	7
789	83	53	2.00	42	41	51.00	2.6	7	1.48	00:31:53	4.9	288	307	-9	-337	-270	2025-11-08 02:01:41.597104+00	2025-11-08 02:01:41.597109+00	9	7
790	71	59	2.00	34	37	48.00	4.2	6.3	1.46	00:32:50	8.1	487	381	-1	-25	102	2025-11-08 02:01:41.601225+00	2025-11-08 02:01:41.601229+00	32	7
791	70	59	2.00	35	35	50.00	3.2	5.5	1.46	00:30:10	7.2	542	407	2	349	245	2025-11-08 02:01:41.605444+00	2025-11-08 02:01:41.605449+00	86	7
792	35	79	2.00	16	19	46.00	3.4	3.1	1.06	00:32:12	4.8	181	292	-19	-712	-768	2025-11-08 02:01:41.609882+00	2025-11-08 02:01:41.609888+00	59	7
793	63	63	1.00	31	32	49.00	5	6.9	1.78	00:31:55	3.9	287	291	-4	-51	332	2025-11-08 02:01:41.614001+00	2025-11-08 02:01:41.614005+00	145	7
794	39	72	1.00	22	17	56.00	2.9	3.1	1.41	00:32:48	7.5	588	379	0	75	78	2025-11-08 02:01:41.618203+00	2025-11-08 02:01:41.618207+00	156	7
795	28	79	1.00	17	11	61.00	4.2	3.8	1.18	00:30:54	5.9	542	378	2	669	717	2025-11-08 02:01:41.622141+00	2025-11-08 02:01:41.622145+00	160	7
796	63	49	1.00	37	26	59.00	2.5	6.8	1.52	00:31:24	1.5	199	303	0	431	-168	2025-11-08 02:01:41.626314+00	2025-11-08 02:01:41.62632+00	84	7
797	85	32	1.00	48	37	56.00	2.3	8.8	1.58	00:32:09	7.5	489	379	2	79	174	2025-11-08 02:01:41.630388+00	2025-11-08 02:01:41.630394+00	121	7
798	64	47	1.00	33	31	52.00	4	6.6	1.64	00:31:38	5.3	290	324	-9	-438	-132	2025-11-08 02:01:41.634503+00	2025-11-08 02:01:41.634509+00	105	7
799	37	61	1.00	11	26	30.00	2	5.8	1.08	00:30:43	8.1	387	372	-2	-175	-100	2025-11-08 02:01:41.638649+00	2025-11-08 02:01:41.638654+00	137	7
800	39	60	1.00	17	22	44.00	2.3	5.8	1.31	00:31:32	5	343	323	-13	-275	-491	2025-11-08 02:01:41.64265+00	2025-11-08 02:01:41.642655+00	79	7
801	44	60	1.00	23	21	52.00	3.6	5.2	1.75	00:30:08	7.3	595	381	-6	-92	-138	2025-11-08 02:01:41.647016+00	2025-11-08 02:01:41.647021+00	146	7
802	72	36	1.00	30	42	42.00	3.5	5	1.69	00:30:53	0.5	182	240	-10	-124	-91	2025-11-08 02:01:41.651592+00	2025-11-08 02:01:41.651598+00	92	7
803	33	55	1.00	17	16	52.00	3.5	5.9	1.48	00:32:51	9.1	425	451	5	521	284	2025-11-08 02:01:41.655683+00	2025-11-08 02:01:41.655687+00	147	7
804	30	51	1.00	17	13	57.00	2.7	5.8	1.33	00:30:46	7.8	394	404	-6	-187	-355	2025-11-08 02:01:41.65997+00	2025-11-08 02:01:41.659974+00	123	7
805	48	30	1.00	21	27	44.00	3	7	1.38	00:31:35	8.1	515	384	0	-6	-17	2025-11-08 02:01:41.663845+00	2025-11-08 02:01:41.66385+00	110	7
806	37	40	1.00	18	19	49.00	1.9	5.8	1.73	00:30:45	1.2	179	240	0	46	108	2025-11-08 02:01:41.667873+00	2025-11-08 02:01:41.667877+00	113	7
807	39	28	1.00	19	20	49.00	4.9	6.5	1.67	00:34:55	8.1	758	384	-1	-96	74	2025-11-08 02:01:41.672002+00	2025-11-08 02:01:41.672008+00	129	7
808	25	35	1.00	13	12	52.00	2.9	7.3	1.44	00:32:03	8.4	627	423	8	578	-27	2025-11-08 02:01:41.676184+00	2025-11-08 02:01:41.676188+00	161	7
809	22	34	1.00	9	13	41.00	2.3	4.1	1.32	00:31:44	9.1	419	413	1	-302	-103	2025-11-08 02:01:41.680735+00	2025-11-08 02:01:41.680739+00	162	7
810	43	19	1.00	18	25	42.00	2.5	6.9	1.65	00:32:05	7.4	373	366	-8	-392	-397	2025-11-08 02:01:41.684872+00	2025-11-08 02:01:41.684877+00	133	7
811	38	21	1.00	22	16	58.00	3.3	7.5	2.08	00:32:35	8	547	390	-7	-363	-15	2025-11-08 02:01:41.688874+00	2025-11-08 02:01:41.688879+00	164	7
812	38	15	1.00	19	19	50.00	3.9	6.1	1.5	00:32:11	3.7	470	301	-3	98	184	2025-11-08 02:01:41.693381+00	2025-11-08 02:01:41.693386+00	114	7
813	9	36	1.00	2	7	22.00	2.6	4.1	1.22	00:32:34	6.8	456	368	-20	-45	-108	2025-11-08 02:01:41.697419+00	2025-11-08 02:01:41.697424+00	158	7
814	29	16	1.00	13	16	45.00	4.2	7.4	1.31	00:34:12	8.1	596	378	1	148	160	2025-11-08 02:01:41.701508+00	2025-11-08 02:01:41.701513+00	149	7
815	37	8	1.00	14	23	38.00	2	8.4	1.32	00:32:31	5.1	386	309	-5	-186	-160	2025-11-08 02:01:41.705313+00	2025-11-08 02:01:41.705317+00	23	7
816	18	27	1.00	11	7	61.00	4.9	5.7	2	00:31:20	6.7	466	366	-1	4	-26	2025-11-08 02:01:41.709477+00	2025-11-08 02:01:41.709481+00	52	7
817	10	26	0.00	8	2	80.00	4.2	3.7	1.9	00:34:58	7.3	507	376	-2	-204	-5	2025-11-08 02:01:41.713555+00	2025-11-08 02:01:41.713562+00	125	7
818	8	26	0.00	1	7	13.00	1.8	3.2	1.25	00:31:23	4.7	295	284	-10	-613	-215	2025-11-08 02:01:41.717502+00	2025-11-08 02:01:41.717506+00	131	7
819	27	12	0.00	8	19	30.00	2.7	6.8	1.7	00:31:02	7.5	359	369	-6	29	-96	2025-11-08 02:01:41.721529+00	2025-11-08 02:01:41.721534+00	148	7
820	26	9	0.00	12	14	46.00	2.4	4.1	1.62	00:30:32	7.4	504	385	-7	-458	-132	2025-11-08 02:01:41.725678+00	2025-11-08 02:01:41.725682+00	163	7
821	10	19	0.00	7	3	70.00	5.7	4.2	1	00:32:43	5.2	330	333	-13	-203	-416	2025-11-08 02:01:41.729788+00	2025-11-08 02:01:41.729793+00	155	7
822	25	9	0.00	9	16	36.00	2.4	7.6	1.64	00:31:45	0.7	149	233	-12	-47	23	2025-11-08 02:01:41.733575+00	2025-11-08 02:01:41.73358+00	128	7
823	18	11	0.00	10	8	56.00	4	6.8	1.17	00:31:59	3.5	203	267	-18	-530	-127	2025-11-08 02:01:41.738353+00	2025-11-08 02:01:41.738357+00	140	7
824	20	11	0.00	12	8	60.00	4.8	7.8	1.55	00:33:12	7.2	657	382	-3	-112	288	2025-11-08 02:01:41.742644+00	2025-11-08 02:01:41.742649+00	111	7
825	27	6	0.00	13	14	48.00	3.3	5.7	1.59	00:30:37	8.1	626	422	-2	171	30	2025-11-08 02:01:41.746783+00	2025-11-08 02:01:41.746789+00	135	7
826	3	20	0.00	1	2	33.00	3	4.4	1	00:27:42	7.2	437	417	10	987	1038	2025-11-08 02:01:41.7509+00	2025-11-08 02:01:41.750905+00	120	7
827	11	9	0.00	6	5	55.00	3.5	5.8	1.36	00:30:10	7.1	485	388	-6	280	148	2025-11-08 02:01:41.755117+00	2025-11-08 02:01:41.755123+00	171	7
828	6	10	0.00	0	6	0.00	0.9	5.2	1	00:32:17	8.4	424	385	-5	-329	-68	2025-11-08 02:01:41.759511+00	2025-11-08 02:01:41.759515+00	56	7
829	4	12	0.00	0	4	0.00	0.4	3.9	1	00:28:01	7.9	448	363	11	-690	220	2025-11-08 02:01:41.763631+00	2025-11-08 02:01:41.763636+00	157	7
830	15	5	0.00	9	6	60.00	3.8	5.2	1.87	00:30:47	6.2	482	392	-5	-346	-253	2025-11-08 02:01:41.767509+00	2025-11-08 02:01:41.767514+00	107	7
831	13	3	0.00	5	8	38.00	2.5	7.7	1.15	00:30:33	6.3	496	351	0	-207	-234	2025-11-08 02:01:41.77203+00	2025-11-08 02:01:41.772035+00	151	7
832	6	7	0.00	1	5	17.00	1.7	4.4	1	00:30:45	5.9	330	338	0	289	-202	2025-11-08 02:01:41.776652+00	2025-11-08 02:01:41.776657+00	144	7
833	7	5	0.00	5	2	71.00	2.6	5.4	1.71	00:30:01	5	517	346	-23	78	-253	2025-11-08 02:01:41.780604+00	2025-11-08 02:01:41.780608+00	127	7
834	6	1	0.00	3	3	50.00	5.7	8	1	00:32:35	5.5	230	327	-16	-163	-684	2025-11-08 02:01:41.78482+00	2025-11-08 02:01:41.784824+00	2	7
835	4	4	0.00	1	3	25.00	1.3	3.8	2.5	00:35:58	0.9	501	253	-16	-168	-339	2025-11-08 02:01:41.789056+00	2025-11-08 02:01:41.78906+00	49	7
836	3	4	0.00	3	0	100.00	3.4	5.5	1.67	00:29:01	8.1	577	432	27	1112	758	2025-11-08 02:01:41.793396+00	2025-11-08 02:01:41.7934+00	150	7
837	1	2	0.00	0	1	0.00	0.6	5.5	1	00:24:10	3.8	369	270	-9	-1629	-512	2025-11-08 02:01:41.797813+00	2025-11-08 02:01:41.797818+00	126	7
838	0	2	0.00	0	0	0.00	0	6	0	\N	0	0	0	0	0	0	2025-11-08 02:01:41.802143+00	2025-11-08 02:01:41.802147+00	170	7
839	1	1	0.00	0	1	0.00	0.4	6	1	00:18:13	4	140	259	-47	-2342	-2862	2025-11-08 02:01:41.806264+00	2025-11-08 02:01:41.806269+00	169	7
840	3	0	0.00	2	1	67.00	4.7	0	2	00:29:02	6.5	463	373	-25	-3	557	2025-11-08 02:01:41.810795+00	2025-11-08 02:01:41.810801+00	166	7
841	0	1	0.00	0	0	0.00	0	8	0	\N	0	0	0	0	0	0	2025-11-08 02:01:41.814829+00	2025-11-08 02:01:41.814834+00	165	7
842	0	0	0.00	0	0	0.00	0	0	0	\N	0	0	0	0	0	0	2025-11-08 02:01:41.819081+00	2025-11-08 02:01:41.819086+00	78	7
843	0	0	0.00	0	0	0.00	0	0	0	\N	0	0	0	0	0	0	2025-11-08 02:01:41.823312+00	2025-11-08 02:01:41.823317+00	55	7
844	0	0	0.00	0	0	0.00	0	0	0	\N	0	0	0	0	0	0	2025-11-08 02:01:41.827631+00	2025-11-08 02:01:41.827635+00	106	7
845	0	0	0.00	0	0	0.00	0	0	0	\N	0	0	0	0	0	0	2025-11-08 02:01:41.832513+00	2025-11-08 02:01:41.832526+00	139	7
846	0	0	0.00	0	0	0.00	0	0	0	\N	0	0	0	0	0	0	2025-11-08 02:01:41.836794+00	2025-11-08 02:01:41.836799+00	28	7
847	0	0	0.00	0	0	0.00	0	0	0	\N	0	0	0	0	0	0	2025-11-08 02:01:41.841267+00	2025-11-08 02:01:41.841272+00	108	7
848	0	0	0.00	0	0	0.00	0	0	0	\N	0	0	0	0	0	0	2025-11-08 02:01:41.845881+00	2025-11-08 02:01:41.845887+00	34	7
849	0	0	0.00	0	0	0.00	0	0	0	\N	0	0	0	0	0	0	2025-11-08 02:01:41.850237+00	2025-11-08 02:01:41.850242+00	168	7
851	0	0	0.00	0	0	0.00	0	0	0	\N	0	0	0	0	0	0	2025-11-08 02:01:41.85926+00	2025-11-08 02:01:41.859267+00	77	7
852	0	0	0.00	0	0	0.00	0	0	0	\N	0	0	0	0	0	0	2025-11-08 02:01:41.863561+00	2025-11-08 02:01:41.863566+00	21	7
853	0	0	0.00	0	0	0.00	0	0	0	\N	0	0	0	0	0	0	2025-11-08 02:01:41.868032+00	2025-11-08 02:01:41.868037+00	8	7
854	0	0	0.00	0	0	0.00	0	0	0	\N	0	0	0	0	0	0	2025-11-08 02:01:41.87202+00	2025-11-08 02:01:41.872024+00	74	7
855	0	0	0.00	0	0	0.00	0	0	0	\N	0	0	0	0	0	0	2025-11-08 02:01:41.876173+00	2025-11-08 02:01:41.876178+00	45	7
856	1908	2376	66.00	976	932	51.00	2.6	4.2	1.5	00:32:44	5.6	330	329	-1	5	-110	2025-11-08 02:01:46.364593+00	2025-11-08 02:01:46.364601+00	109	6
857	2000	1843	59.00	1103	897	55.00	4	4.1	1.42	00:33:05	9.4	547	433	1	192	26	2025-11-08 02:01:46.36898+00	2025-11-08 02:01:46.368985+00	89	6
858	1910	1891	58.00	958	952	50.00	3.2	5.5	1.51	00:33:04	6.8	359	335	-8	-399	-97	2025-11-08 02:01:46.373396+00	2025-11-08 02:01:46.373402+00	57	6
859	1249	2318	56.00	654	595	52.00	3.5	4.6	1.47	00:33:21	8.6	537	392	8	163	80	2025-11-08 02:01:46.377625+00	2025-11-08 02:01:46.37763+00	62	6
860	1705	1674	51.00	883	822	52.00	3.5	6	1.49	00:33:04	1.1	122	232	0	49	-43	2025-11-08 02:01:46.381965+00	2025-11-08 02:01:46.381969+00	100	6
861	1197	1721	45.00	595	602	50.00	4.9	4.1	1.46	00:32:51	5	435	338	-5	36	103	2025-11-08 02:01:46.386306+00	2025-11-08 02:01:46.386311+00	67	6
862	752	1985	44.00	400	352	53.00	4.6	6	1.45	00:33:41	7.8	530	382	0	26	126	2025-11-08 02:01:46.39041+00	2025-11-08 02:01:46.390416+00	82	6
863	2073	925	44.00	1006	1067	49.00	2.3	7.7	1.54	00:32:42	1.3	148	232	0	-60	-102	2025-11-08 02:01:46.394742+00	2025-11-08 02:01:46.394746+00	17	6
864	939	1842	43.00	495	444	53.00	3.9	3.9	1.54	00:31:59	9.4	428	434	10	431	186	2025-11-08 02:01:46.398693+00	2025-11-08 02:01:46.398697+00	15	6
865	1093	1563	41.00	560	533	51.00	4.5	5.3	1.52	00:32:59	7.9	569	374	0	47	-5	2025-11-08 02:01:46.40282+00	2025-11-08 02:01:46.402824+00	94	6
866	994	1517	39.00	507	487	51.00	3.6	3.8	1.49	00:33:00	9	571	417	7	223	83	2025-11-08 02:01:46.407106+00	2025-11-08 02:01:46.407111+00	1	6
867	1313	1251	38.00	697	616	53.00	2.6	6.2	1.59	00:32:47	7.9	362	385	10	436	260	2025-11-08 02:01:46.411075+00	2025-11-08 02:01:46.41108+00	38	6
868	1607	915	38.00	777	830	48.00	3.1	6	1.44	00:32:54	5.1	233	321	-4	-48	-155	2025-11-08 02:01:46.415797+00	2025-11-08 02:01:46.415802+00	80	6
869	1682	784	37.00	831	851	49.00	3.9	5.2	1.45	00:32:50	9	640	416	-2	-263	-58	2025-11-08 02:01:46.419683+00	2025-11-08 02:01:46.419687+00	13	6
870	1174	1034	33.00	540	634	46.00	3	6.4	1.52	00:32:53	9.1	520	409	4	55	107	2025-11-08 02:01:46.424045+00	2025-11-08 02:01:46.424049+00	4	6
871	1308	881	32.00	649	659	50.00	4	5.2	1.52	00:32:46	4.7	176	306	-7	-206	-391	2025-11-08 02:01:46.428409+00	2025-11-08 02:01:46.428421+00	39	6
872	772	1239	31.00	376	396	49.00	2.8	5.6	1.54	00:32:53	5.6	296	332	7	176	266	2025-11-08 02:01:46.43283+00	2025-11-08 02:01:46.432836+00	83	6
873	1046	954	30.00	521	525	50.00	3.8	4.8	1.51	00:32:38	6.7	370	366	9	205	370	2025-11-08 02:01:46.437264+00	2025-11-08 02:01:46.437268+00	152	6
874	1053	892	29.00	504	549	48.00	3.4	5.6	1.45	00:33:01	4.7	179	303	-4	-193	-285	2025-11-08 02:01:46.441087+00	2025-11-08 02:01:46.441092+00	51	6
875	931	895	28.00	477	454	51.00	3.2	4.5	1.48	00:32:48	5.7	283	331	-3	-88	-136	2025-11-08 02:01:46.445368+00	2025-11-08 02:01:46.445373+00	98	6
876	552	1194	27.00	255	297	46.00	3	4.7	1.56	00:32:35	9	518	420	9	393	81	2025-11-08 02:01:46.449613+00	2025-11-08 02:01:46.449618+00	41	6
877	1460	437	27.00	733	727	50.00	4.2	5.7	1.52	00:32:59	9.7	508	434	3	40	72	2025-11-08 02:01:46.453303+00	2025-11-08 02:01:46.453307+00	33	6
878	743	977	27.00	331	412	45.00	3.7	4.5	1.39	00:32:16	3.5	265	274	-3	-125	-120	2025-11-08 02:01:46.457484+00	2025-11-08 02:01:46.457488+00	63	6
879	1219	558	26.00	590	629	48.00	2.6	7.5	1.46	00:33:00	7.7	384	372	3	56	171	2025-11-08 02:01:46.461453+00	2025-11-08 02:01:46.461457+00	61	6
880	1049	694	26.00	534	515	51.00	4.4	6.8	1.5	00:33:06	8.8	497	401	4	-67	68	2025-11-08 02:01:46.465848+00	2025-11-08 02:01:46.465853+00	22	6
881	784	869	26.00	394	390	50.00	3.4	6.6	1.44	00:33:46	8.3	585	423	0	228	-93	2025-11-08 02:01:46.470001+00	2025-11-08 02:01:46.470006+00	112	6
882	1210	477	25.00	580	630	48.00	3.4	8.3	1.46	00:33:04	1	138	225	1	-67	-14	2025-11-08 02:01:46.47361+00	2025-11-08 02:01:46.473614+00	24	6
883	603	974	24.00	348	255	58.00	3.9	4.5	1.61	00:31:44	6.6	393	368	12	390	621	2025-11-08 02:01:46.477862+00	2025-11-08 02:01:46.477867+00	71	6
884	548	984	24.00	261	287	48.00	2.9	4.6	1.51	00:32:59	5.1	317	320	-5	-63	-158	2025-11-08 02:01:46.482016+00	2025-11-08 02:01:46.482021+00	79	6
885	448	1067	24.00	241	207	54.00	3.3	4.2	1.61	00:32:21	8	461	391	-1	-12	27	2025-11-08 02:01:46.486252+00	2025-11-08 02:01:46.486256+00	46	6
886	525	947	23.00	252	273	48.00	6.1	5	1.42	00:32:37	0.5	265	225	-8	-290	88	2025-11-08 02:01:46.490025+00	2025-11-08 02:01:46.490029+00	142	6
887	765	783	23.00	375	390	49.00	2.1	7.2	1.55	00:32:49	7.6	456	374	-3	-219	8	2025-11-08 02:01:46.49403+00	2025-11-08 02:01:46.494034+00	121	6
888	460	1023	23.00	267	193	58.00	4.5	4.4	1.56	00:32:10	8.4	431	425	-5	426	-6	2025-11-08 02:01:46.498241+00	2025-11-08 02:01:46.498247+00	101	6
889	1187	465	23.00	575	612	48.00	3.7	5	1.63	00:32:31	8.9	478	409	0	-57	-10	2025-11-08 02:01:46.502089+00	2025-11-08 02:01:46.502094+00	48	6
890	512	956	23.00	255	257	50.00	2.5	4.7	1.61	00:32:34	4.7	305	315	-4	86	-155	2025-11-08 02:01:46.506359+00	2025-11-08 02:01:46.506364+00	6	6
891	923	590	22.00	466	457	50.00	3	7.2	1.49	00:33:07	1.9	137	242	-1	-94	-38	2025-11-08 02:01:46.510373+00	2025-11-08 02:01:46.510377+00	122	6
892	1023	502	22.00	507	516	50.00	2.4	8.1	1.57	00:32:37	1.1	120	230	0	19	-81	2025-11-08 02:01:46.514537+00	2025-11-08 02:01:46.514542+00	31	6
893	746	639	21.00	389	357	52.00	3.3	5.6	1.43	00:33:38	4.9	329	308	-3	-121	-80	2025-11-08 02:01:46.518632+00	2025-11-08 02:01:46.518638+00	76	6
894	641	722	21.00	336	305	52.00	2.8	6.3	1.4	00:31:59	7.4	367	379	-6	-111	-112	2025-11-08 02:01:46.522831+00	2025-11-08 02:01:46.52284+00	25	6
895	604	722	20.00	330	274	55.00	2.7	6.8	1.57	00:31:55	8	429	405	-1	77	-74	2025-11-08 02:01:46.52719+00	2025-11-08 02:01:46.527195+00	72	6
896	730	606	20.00	419	311	57.00	4.7	6.6	1.56	00:32:44	1.3	189	241	1	-29	200	2025-11-08 02:01:46.531181+00	2025-11-08 02:01:46.531185+00	58	6
897	664	557	18.00	338	326	51.00	2.9	6.3	1.52	00:32:49	5.3	253	329	2	165	169	2025-11-08 02:01:46.535466+00	2025-11-08 02:01:46.53547+00	116	6
1183	0	0	0.00	0	0	0.00	0	0	0	\N	0	0	0	0	0	0	2025-11-08 02:01:52.733549+00	2025-11-08 02:01:52.733554+00	146	5
898	576	610	18.00	296	280	51.00	3.7	5.7	1.56	00:31:51	6.8	363	350	-12	-394	-193	2025-11-08 02:01:46.539497+00	2025-11-08 02:01:46.539503+00	40	6
899	476	631	18.00	255	221	54.00	3.3	5.8	1.31	00:32:44	8.6	461	404	4	-44	-79	2025-11-08 02:01:46.544001+00	2025-11-08 02:01:46.544005+00	85	6
900	429	614	16.00	194	235	45.00	3.2	5.1	1.51	00:33:19	6.8	525	350	-6	-186	-154	2025-11-08 02:01:46.54814+00	2025-11-08 02:01:46.548144+00	3	6
901	375	645	15.00	202	173	54.00	4.1	4.4	1.73	00:33:02	9.4	559	440	6	389	48	2025-11-08 02:01:46.551813+00	2025-11-08 02:01:46.551817+00	69	6
902	631	435	15.00	296	335	47.00	2.8	7.6	1.63	00:32:25	7.3	448	371	-6	-167	-69	2025-11-08 02:01:46.556006+00	2025-11-08 02:01:46.55601+00	47	6
903	295	611	14.00	139	156	47.00	2.2	6	1.55	00:32:31	8.7	378	408	12	307	14	2025-11-08 02:01:46.56045+00	2025-11-08 02:01:46.56046+00	93	6
904	584	327	14.00	277	307	47.00	3.5	6.5	1.47	00:33:00	5	224	307	-3	-173	-157	2025-11-08 02:01:46.56458+00	2025-11-08 02:01:46.564584+00	29	6
905	476	422	13.00	223	253	47.00	2.6	7.1	1.61	00:32:17	8.4	611	402	8	348	-51	2025-11-08 02:01:46.569342+00	2025-11-08 02:01:46.569347+00	12	6
906	588	238	12.00	312	276	53.00	4.1	7.1	1.48	00:33:05	1.2	140	234	0	-22	-84	2025-11-08 02:01:46.573703+00	2025-11-08 02:01:46.573708+00	19	6
907	418	320	11.00	209	209	50.00	3.5	6.7	1.43	00:32:17	7.7	417	388	-1	69	263	2025-11-08 02:01:46.57789+00	2025-11-08 02:01:46.577894+00	154	6
908	221	466	11.00	111	110	50.00	3.1	4.6	1.46	00:33:13	7.2	632	383	20	539	1010	2025-11-08 02:01:46.582644+00	2025-11-08 02:01:46.582649+00	115	6
909	451	251	11.00	213	238	47.00	4	7.5	1.42	00:33:27	9.5	628	433	2	161	43	2025-11-08 02:01:46.586708+00	2025-11-08 02:01:46.586713+00	14	6
910	450	258	10.00	219	231	49.00	3.5	6.8	1.53	00:31:51	1.2	95	232	0	-161	15	2025-11-08 02:01:46.590924+00	2025-11-08 02:01:46.590929+00	124	6
911	239	387	10.00	134	105	56.00	3.3	5.3	1.45	00:32:42	6.9	421	371	-8	-62	-198	2025-11-08 02:01:46.59484+00	2025-11-08 02:01:46.594844+00	90	6
912	214	352	9.00	104	110	49.00	4.3	7.8	1.53	00:30:17	8.8	503	420	-5	-372	-46	2025-11-08 02:01:46.599231+00	2025-11-08 02:01:46.599236+00	153	6
913	146	372	8.00	78	68	53.00	4.5	4.2	1.16	00:32:50	4.3	219	276	-15	-594	-307	2025-11-08 02:01:46.603557+00	2025-11-08 02:01:46.603562+00	140	6
914	265	294	8.00	152	113	57.00	3.9	7.7	1.63	00:33:15	1.6	209	250	-5	23	-11	2025-11-08 02:01:46.607725+00	2025-11-08 02:01:46.607729+00	130	6
915	265	265	8.00	135	130	51.00	3.6	5.6	1.63	00:32:28	5.9	298	330	-7	-409	-65	2025-11-08 02:01:46.612042+00	2025-11-08 02:01:46.612047+00	81	6
916	333	217	8.00	162	171	49.00	2.2	7.9	1.58	00:33:07	7.7	469	369	4	95	20	2025-11-08 02:01:46.616153+00	2025-11-08 02:01:46.616159+00	103	6
917	360	173	8.00	156	204	43.00	3.4	5.5	1.5	00:33:28	9.5	475	427	-1	-55	21	2025-11-08 02:01:46.620261+00	2025-11-08 02:01:46.620266+00	44	6
918	261	253	8.00	130	131	50.00	2.8	6.4	1.51	00:33:10	1	164	233	-1	10	-134	2025-11-08 02:01:46.624775+00	2025-11-08 02:01:46.624779+00	88	6
919	261	259	7.00	121	140	46.00	3.5	4.8	1.83	00:32:21	6.5	475	355	5	76	165	2025-11-08 02:01:46.629004+00	2025-11-08 02:01:46.629008+00	65	6
920	279	207	7.00	132	147	47.00	2.8	6.9	1.49	00:31:28	9.4	503	423	6	9	71	2025-11-08 02:01:46.632964+00	2025-11-08 02:01:46.632968+00	43	6
921	281	220	7.00	137	144	49.00	3	6.8	1.69	00:32:08	6.2	347	354	0	60	21	2025-11-08 02:01:46.637579+00	2025-11-08 02:01:46.637584+00	91	6
922	233	233	7.00	120	113	52.00	3	6.9	1.5	00:32:31	8.4	556	394	1	-193	34	2025-11-08 02:01:46.641674+00	2025-11-08 02:01:46.641678+00	110	6
923	422	101	7.00	179	243	42.00	3.6	8	1.73	00:31:50	9.2	477	431	0	-94	-8	2025-11-08 02:01:46.645786+00	2025-11-08 02:01:46.645791+00	26	6
924	146	289	7.00	70	76	48.00	2.6	6	1.34	00:32:20	8.5	362	404	3	163	128	2025-11-08 02:01:46.649839+00	2025-11-08 02:01:46.649844+00	96	6
925	241	212	7.00	110	131	46.00	3.7	4.8	1.4	00:33:31	8.8	721	400	0	128	77	2025-11-08 02:01:46.654204+00	2025-11-08 02:01:46.654208+00	68	6
926	430	83	7.00	215	215	50.00	5.7	7	1.83	00:32:28	8.8	495	417	-1	-22	-10	2025-11-08 02:01:46.658516+00	2025-11-08 02:01:46.65852+00	37	6
927	197	214	6.00	106	91	54.00	3.1	8.4	1.45	00:31:56	6.9	404	349	-11	-465	-87	2025-11-08 02:01:46.662556+00	2025-11-08 02:01:46.66256+00	102	6
928	189	226	6.00	98	91	52.00	3.1	4.3	1.69	00:31:23	6.4	350	367	-1	45	20	2025-11-08 02:01:46.666778+00	2025-11-08 02:01:46.666783+00	159	6
929	264	128	6.00	118	146	45.00	4.3	6.8	1.29	00:32:16	1.8	129	244	-1	-135	-41	2025-11-08 02:01:46.671228+00	2025-11-08 02:01:46.671234+00	66	6
930	311	94	6.00	153	158	49.00	2.7	8.1	1.66	00:32:32	6	417	315	-14	-536	-267	2025-11-08 02:01:46.675254+00	2025-11-08 02:01:46.675259+00	27	6
931	235	103	5.00	110	125	47.00	3.3	8	1.32	00:34:04	8.8	599	396	1	-99	25	2025-11-08 02:01:46.679606+00	2025-11-08 02:01:46.679611+00	35	6
932	141	186	5.00	66	75	47.00	3.5	5.3	1.33	00:32:36	6.7	489	362	-1	46	186	2025-11-08 02:01:46.683465+00	2025-11-08 02:01:46.68347+00	7	6
933	156	160	5.00	83	73	53.00	3.3	5.2	1.38	00:32:10	5.7	354	341	-1	-132	-19	2025-11-08 02:01:46.687715+00	2025-11-08 02:01:46.68772+00	141	6
934	112	184	5.00	49	63	44.00	2	6.4	1.57	00:31:23	9	450	429	9	406	69	2025-11-08 02:01:46.69157+00	2025-11-08 02:01:46.691575+00	73	6
935	135	143	4.00	63	72	47.00	2.2	8	1.57	00:31:58	8.1	421	406	2	204	105	2025-11-08 02:01:46.695762+00	2025-11-08 02:01:46.695766+00	42	6
936	129	136	4.00	58	71	45.00	2.5	6.8	1.34	00:31:58	8.1	447	388	-2	-78	50	2025-11-08 02:01:46.700217+00	2025-11-08 02:01:46.700221+00	136	6
937	146	132	4.00	74	72	51.00	2.4	6.1	1.58	00:31:08	6.3	306	355	3	84	164	2025-11-08 02:01:46.704097+00	2025-11-08 02:01:46.704101+00	36	6
938	172	113	4.00	87	85	51.00	3.8	5.6	1.62	00:32:31	1.9	243	255	1	-17	19	2025-11-08 02:01:46.708308+00	2025-11-08 02:01:46.708313+00	114	6
939	184	65	4.00	88	96	48.00	2.7	8.1	1.52	00:33:15	7.1	362	344	-4	-263	-122	2025-11-08 02:01:46.712583+00	2025-11-08 02:01:46.712587+00	30	6
940	41	182	4.00	21	20	51.00	3.3	2.7	1.32	00:32:56	8.2	641	388	-7	-264	-3	2025-11-08 02:01:46.716293+00	2025-11-08 02:01:46.716297+00	156	6
941	123	111	4.00	56	67	46.00	2.9	6	1.49	00:32:47	8.8	443	424	0	493	19	2025-11-08 02:01:46.720506+00	2025-11-08 02:01:46.720515+00	60	6
942	165	57	3.00	79	86	48.00	3	8.4	1.53	00:32:17	1	134	229	0	-53	-78	2025-11-08 02:01:46.724418+00	2025-11-08 02:01:46.724427+00	11	6
943	118	88	3.00	62	56	53.00	3.2	8.5	1.51	00:31:58	8.9	531	424	6	347	199	2025-11-08 02:01:46.729014+00	2025-11-08 02:01:46.729019+00	162	6
944	126	84	3.00	72	54	57.00	3.5	8.4	1.59	00:33:16	8	443	377	0	60	43	2025-11-08 02:01:46.732737+00	2025-11-08 02:01:46.732741+00	143	6
945	163	49	3.00	71	92	44.00	2.1	7.7	1.58	00:33:20	7.7	463	370	3	44	-17	2025-11-08 02:01:46.737271+00	2025-11-08 02:01:46.737275+00	53	6
946	112	88	3.00	58	54	52.00	3.6	4.8	1.75	00:31:12	5.1	173	314	-3	-244	-226	2025-11-08 02:01:46.741846+00	2025-11-08 02:01:46.741851+00	20	6
947	90	95	3.00	49	41	54.00	4.4	6.8	1.39	00:32:35	8.1	639	386	1	126	187	2025-11-08 02:01:46.745765+00	2025-11-08 02:01:46.74577+00	149	6
948	93	91	3.00	46	47	49.00	2.9	5.1	1.49	00:31:17	7.2	601	388	14	383	632	2025-11-08 02:01:46.749921+00	2025-11-08 02:01:46.749925+00	151	6
949	99	86	3.00	47	52	47.00	5.5	7.4	1.52	00:34:39	5.4	325	310	-9	-195	225	2025-11-08 02:01:46.753646+00	2025-11-08 02:01:46.753651+00	145	6
950	123	61	3.00	59	64	48.00	2.4	7.6	1.51	00:32:04	6	332	326	-9	-250	-163	2025-11-08 02:01:46.757783+00	2025-11-08 02:01:46.757787+00	9	6
951	108	55	2.00	57	51	53.00	3.3	6.4	1.35	00:32:08	5.2	277	309	-5	-184	-122	2025-11-08 02:01:46.762376+00	2025-11-08 02:01:46.762383+00	105	6
952	48	98	2.00	26	22	54.00	4	3.6	1.13	00:32:13	3	272	288	-64	-1395	-916	2025-11-08 02:01:46.767005+00	2025-11-08 02:01:46.76701+00	165	6
953	100	50	2.00	48	52	48.00	2.4	5.9	1.24	00:33:59	7.1	378	350	0	-273	-144	2025-11-08 02:01:46.771562+00	2025-11-08 02:01:46.771567+00	87	6
954	73	73	2.00	40	33	55.00	3.5	6.1	1.45	00:31:44	7.4	365	382	-5	47	-123	2025-11-08 02:01:46.776252+00	2025-11-08 02:01:46.776257+00	133	6
955	46	94	2.00	22	24	48.00	2.5	5.6	1.39	00:31:30	5.7	376	320	-1	-133	50	2025-11-08 02:01:46.780356+00	2025-11-08 02:01:46.780361+00	117	6
956	91	51	2.00	45	46	49.00	2.8	6.5	1.37	00:31:46	7.8	386	403	-2	6	-125	2025-11-08 02:01:46.784783+00	2025-11-08 02:01:46.784788+00	134	6
957	114	45	2.00	53	61	46.00	2.9	6.9	1.69	00:31:17	7.7	448	371	2	-5	-43	2025-11-08 02:01:46.788861+00	2025-11-08 02:01:46.788866+00	23	6
958	58	60	2.00	30	28	52.00	3.8	5.6	1.43	00:32:39	8.8	480	455	7	539	116	2025-11-08 02:01:46.793151+00	2025-11-08 02:01:46.793156+00	75	6
959	87	36	2.00	27	60	31.00	2.2	7.5	1.45	00:32:33	1.6	174	287	0	276	-279	2025-11-08 02:01:46.797514+00	2025-11-08 02:01:46.797519+00	84	6
960	53	68	2.00	25	28	47.00	2.3	8	1.68	00:31:59	8.4	598	408	10	443	142	2025-11-08 02:01:46.801622+00	2025-11-08 02:01:46.801627+00	161	6
961	86	24	2.00	38	48	44.00	3.7	8	1.16	00:32:50	9.8	511	430	-5	-190	-161	2025-11-08 02:01:46.806198+00	2025-11-08 02:01:46.806203+00	50	6
962	36	76	2.00	16	20	44.00	2.6	4	1.81	00:31:16	5.7	451	355	1	148	456	2025-11-08 02:01:46.810762+00	2025-11-08 02:01:46.810774+00	160	6
963	78	30	2.00	27	51	35.00	3	6.4	1.47	00:31:55	8.8	683	401	-1	-130	-124	2025-11-08 02:01:46.815365+00	2025-11-08 02:01:46.81537+00	119	6
964	74	27	2.00	32	42	43.00	2.8	7.7	1.35	00:31:36	8.1	498	402	-1	-87	18	2025-11-08 02:01:46.819918+00	2025-11-08 02:01:46.819923+00	132	6
965	51	35	1.00	17	34	33.00	2.7	6.7	1.16	00:32:36	8	441	378	-10	-411	-154	2025-11-08 02:01:46.825119+00	2025-11-08 02:01:46.825124+00	148	6
966	27	58	1.00	9	18	33.00	1.6	5.2	1.22	00:34:26	7.7	610	370	3	-123	11	2025-11-08 02:01:46.829596+00	2025-11-08 02:01:46.829602+00	157	6
967	39	43	1.00	15	24	38.00	1.8	3.4	1.38	00:31:38	6.2	356	344	-6	-206	-158	2025-11-08 02:01:46.834057+00	2025-11-08 02:01:46.834062+00	118	6
968	27	50	1.00	10	17	37.00	1.7	6.9	1.26	00:30:32	7.5	381	373	6	42	-216	2025-11-08 02:01:46.838414+00	2025-11-08 02:01:46.838421+00	95	6
969	25	50	1.00	13	12	52.00	3.3	4.1	1.36	00:30:28	8.1	445	414	10	606	358	2025-11-08 02:01:46.843017+00	2025-11-08 02:01:46.843022+00	167	6
970	31	42	1.00	13	18	42.00	2.9	6.2	1.58	00:32:12	8.1	497	395	-10	-476	-341	2025-11-08 02:01:46.847623+00	2025-11-08 02:01:46.847628+00	135	6
971	52	13	1.00	19	33	37.00	3.3	6.7	1.37	00:32:12	9.9	515	430	-1	-129	-222	2025-11-08 02:01:46.852218+00	2025-11-08 02:01:46.852223+00	70	6
972	12	45	1.00	8	4	67.00	4	4.7	1.25	00:32:23	8.5	423	417	0	-214	-48	2025-11-08 02:01:46.856751+00	2025-11-08 02:01:46.856756+00	123	6
973	35	22	1.00	13	22	37.00	2.5	7.2	1.43	00:32:14	7.8	484	391	0	149	190	2025-11-08 02:01:46.8614+00	2025-11-08 02:01:46.861405+00	86	6
974	18	38	1.00	10	8	56.00	3.7	3.4	2.06	00:33:21	8.6	630	442	-7	-239	-207	2025-11-08 02:01:46.866196+00	2025-11-08 02:01:46.866201+00	18	6
975	23	29	1.00	7	16	30.00	1.4	6.6	1.35	00:30:58	9	397	413	6	169	42	2025-11-08 02:01:46.870531+00	2025-11-08 02:01:46.870536+00	56	6
976	9	39	1.00	1	8	11.00	1.8	2.4	1.22	00:31:10	7.4	322	356	-10	-888	-428	2025-11-08 02:01:46.874891+00	2025-11-08 02:01:46.874895+00	138	6
977	26	21	1.00	17	9	65.00	3.2	7.8	1.5	00:33:13	8.6	450	402	-2	-217	129	2025-11-08 02:01:46.879264+00	2025-11-08 02:01:46.879269+00	164	6
978	38	7	1.00	19	19	50.00	4.6	7.9	1.45	00:32:12	1.6	203	250	-13	-347	-405	2025-11-08 02:01:46.883606+00	2025-11-08 02:01:46.883611+00	128	6
979	16	23	1.00	6	10	38.00	4.1	6.5	1.19	00:33:14	8.1	520	393	-5	17	115	2025-11-08 02:01:46.888043+00	2025-11-08 02:01:46.88805+00	32	6
980	17	21	1.00	7	10	41.00	5.5	5.8	1.12	00:32:37	8.1	686	376	3	106	185	2025-11-08 02:01:46.892941+00	2025-11-08 02:01:46.892947+00	129	6
981	21	17	1.00	10	11	48.00	2.7	5	1.38	00:32:01	5.5	269	329	-2	-208	-69	2025-11-08 02:01:46.897676+00	2025-11-08 02:01:46.89768+00	131	6
982	16	19	1.00	7	9	44.00	2.4	5.6	1.06	00:32:46	5.7	478	338	-2	193	167	2025-11-08 02:01:46.902464+00	2025-11-08 02:01:46.902469+00	111	6
983	10	24	1.00	6	4	60.00	2.9	3.3	1.1	00:31:44	6.7	398	389	10	492	278	2025-11-08 02:01:46.906669+00	2025-11-08 02:01:46.906674+00	144	6
984	22	9	0.00	7	15	32.00	2	6.7	1.27	00:33:53	0.9	385	237	-10	162	64	2025-11-08 02:01:46.910922+00	2025-11-08 02:01:46.910926+00	49	6
985	22	11	0.00	11	11	50.00	2.6	5.7	1.55	00:32:30	5.2	295	324	2	94	151	2025-11-08 02:01:46.915659+00	2025-11-08 02:01:46.915664+00	16	6
986	17	17	0.00	7	10	41.00	3.2	6.8	1.71	00:31:53	7.6	425	357	-3	-261	-48	2025-11-08 02:01:46.91994+00	2025-11-08 02:01:46.919945+00	125	6
987	6	23	0.00	2	4	33.00	2.3	4.1	1.33	00:31:15	5.2	371	305	-2	-744	-239	2025-11-08 02:01:46.924503+00	2025-11-08 02:01:46.924507+00	52	6
988	16	11	0.00	4	12	25.00	2.8	6.3	1.06	00:31:17	4.3	147	274	-12	-621	-456	2025-11-08 02:01:46.929124+00	2025-11-08 02:01:46.92913+00	59	6
989	13	12	0.00	6	7	46.00	2.3	7	1.38	00:29:37	9.6	391	458	13	679	444	2025-11-08 02:01:46.933465+00	2025-11-08 02:01:46.93347+00	147	6
990	14	8	0.00	9	5	64.00	4	7.5	1	00:35:43	7.6	471	385	13	166	431	2025-11-08 02:01:46.937886+00	2025-11-08 02:01:46.937891+00	99	6
991	7	11	0.00	2	5	29.00	2.3	5.4	1	00:32:37	6.7	347	364	-19	-194	-223	2025-11-08 02:01:46.942074+00	2025-11-08 02:01:46.942079+00	158	6
992	4	14	0.00	1	3	25.00	1.3	5.8	1.5	00:30:25	4.8	295	302	-23	-1320	-1344	2025-11-08 02:01:46.947008+00	2025-11-08 02:01:46.947013+00	113	6
993	8	9	0.00	3	5	38.00	1.7	7.2	1.13	00:31:07	8.5	339	365	-5	-679	-123	2025-11-08 02:01:46.951568+00	2025-11-08 02:01:46.951574+00	137	6
994	5	9	0.00	3	2	60.00	4.1	3.1	1	00:28:31	4.3	259	311	-17	-344	-572	2025-11-08 02:01:46.955966+00	2025-11-08 02:01:46.95597+00	155	6
995	8	4	0.00	3	5	38.00	2.8	8.3	1.25	00:32:27	7.5	467	375	-5	-101	-64	2025-11-08 02:01:46.96059+00	2025-11-08 02:01:46.960595+00	166	6
996	5	6	0.00	1	4	20.00	1.7	9	1.6	00:28:53	7.6	311	340	2	-189	198	2025-11-08 02:01:46.965492+00	2025-11-08 02:01:46.965497+00	171	6
997	7	2	0.00	3	4	43.00	2	8.5	1	00:32:32	7.5	490	386	-1	91	368	2025-11-08 02:01:46.969949+00	2025-11-08 02:01:46.969954+00	163	6
998	6	2	0.00	0	6	0.00	0.8	3	1	00:27:46	7.9	284	344	27	193	327	2025-11-08 02:01:46.974491+00	2025-11-08 02:01:46.974496+00	170	6
999	8	1	0.00	1	7	13.00	1.7	5	1.38	00:29:48	2.9	545	282	-9	-629	-817	2025-11-08 02:01:46.978976+00	2025-11-08 02:01:46.978981+00	127	6
1000	8	1	0.00	4	4	50.00	2.4	8	1.63	00:30:40	5	249	311	-11	-614	-726	2025-11-08 02:01:46.983451+00	2025-11-08 02:01:46.983456+00	2	6
1001	8	0	0.00	3	5	38.00	4.3	0	1.13	00:31:27	0.7	114	212	-6	-395	-126	2025-11-08 02:01:46.988377+00	2025-11-08 02:01:46.988382+00	92	6
1002	1	5	0.00	0	1	0.00	2.2	3.2	1	00:32:49	6.5	444	370	20	-321	770	2025-11-08 02:01:46.992869+00	2025-11-08 02:01:46.992874+00	104	6
1003	4	1	0.00	1	3	25.00	2	8	1.25	00:28:23	7.1	351	372	-14	-304	-68	2025-11-08 02:01:46.997173+00	2025-11-08 02:01:46.997178+00	107	6
1004	1	1	0.00	0	1	0.00	0.7	1	1	00:25:15	8	795	393	37	1127	-102	2025-11-08 02:01:47.002242+00	2025-11-08 02:01:47.002247+00	150	6
1005	2	0	0.00	1	1	50.00	2.9	0	1	00:32:36	5.2	262	366	-18	216	-496	2025-11-08 02:01:47.006792+00	2025-11-08 02:01:47.006799+00	126	6
1006	1	0	0.00	1	0	100.00	4.5	0	1	00:33:07	4.6	188	309	-8	619	703	2025-11-08 02:01:47.011379+00	2025-11-08 02:01:47.011384+00	169	6
1007	0	0	0.00	0	0	0.00	0	0	0	\N	0	0	0	0	0	0	2025-11-08 02:01:47.015971+00	2025-11-08 02:01:47.015977+00	97	6
1008	0	0	0.00	0	0	0.00	0	0	0	\N	0	0	0	0	0	0	2025-11-08 02:01:47.020659+00	2025-11-08 02:01:47.020664+00	10	6
1009	0	0	0.00	0	0	0.00	0	0	0	\N	0	0	0	0	0	0	2025-11-08 02:01:47.025161+00	2025-11-08 02:01:47.025166+00	54	6
1010	0	0	0.00	0	0	0.00	0	0	0	\N	0	0	0	0	0	0	2025-11-08 02:01:47.030039+00	2025-11-08 02:01:47.030045+00	5	6
1011	0	0	0.00	0	0	0.00	0	0	0	\N	0	0	0	0	0	0	2025-11-08 02:01:47.034536+00	2025-11-08 02:01:47.034541+00	120	6
1012	0	0	0.00	0	0	0.00	0	0	0	\N	0	0	0	0	0	0	2025-11-08 02:01:47.038932+00	2025-11-08 02:01:47.038937+00	146	6
1013	0	0	0.00	0	0	0.00	0	0	0	\N	0	0	0	0	0	0	2025-11-08 02:01:47.043409+00	2025-11-08 02:01:47.043413+00	78	6
1014	0	0	0.00	0	0	0.00	0	0	0	\N	0	0	0	0	0	0	2025-11-08 02:01:47.047992+00	2025-11-08 02:01:47.047997+00	55	6
1015	0	0	0.00	0	0	0.00	0	0	0	\N	0	0	0	0	0	0	2025-11-08 02:01:47.052244+00	2025-11-08 02:01:47.052249+00	106	6
1016	0	0	0.00	0	0	0.00	0	0	0	\N	0	0	0	0	0	0	2025-11-08 02:01:47.05655+00	2025-11-08 02:01:47.056555+00	139	6
1017	0	0	0.00	0	0	0.00	0	0	0	\N	0	0	0	0	0	0	2025-11-08 02:01:47.060925+00	2025-11-08 02:01:47.06093+00	28	6
1018	0	0	0.00	0	0	0.00	0	0	0	\N	0	0	0	0	0	0	2025-11-08 02:01:47.065399+00	2025-11-08 02:01:47.065404+00	108	6
1019	0	0	0.00	0	0	0.00	0	0	0	\N	0	0	0	0	0	0	2025-11-08 02:01:47.070072+00	2025-11-08 02:01:47.070079+00	34	6
1020	0	0	0.00	0	0	0.00	0	0	0	\N	0	0	0	0	0	0	2025-11-08 02:01:47.074988+00	2025-11-08 02:01:47.074994+00	168	6
1021	0	0	0.00	0	0	0.00	0	0	0	\N	0	0	0	0	0	0	2025-11-08 02:01:47.079561+00	2025-11-08 02:01:47.079566+00	64	6
1022	0	0	0.00	0	0	0.00	0	0	0	\N	0	0	0	0	0	0	2025-11-08 02:01:47.084089+00	2025-11-08 02:01:47.084094+00	77	6
1023	0	0	0.00	0	0	0.00	0	0	0	\N	0	0	0	0	0	0	2025-11-08 02:01:47.088319+00	2025-11-08 02:01:47.088325+00	21	6
1024	0	0	0.00	0	0	0.00	0	0	0	\N	0	0	0	0	0	0	2025-11-08 02:01:47.093111+00	2025-11-08 02:01:47.093116+00	8	6
1025	0	0	0.00	0	0	0.00	0	0	0	\N	0	0	0	0	0	0	2025-11-08 02:01:47.097852+00	2025-11-08 02:01:47.097857+00	74	6
1026	0	0	0.00	0	0	0.00	0	0	0	\N	0	0	0	0	0	0	2025-11-08 02:01:47.102498+00	2025-11-08 02:01:47.102505+00	45	6
1027	1503	1742	58.00	774	729	51.00	2.8	4.5	1.52	00:32:39	8	370	382	1	2	132	2025-11-08 02:01:52.077765+00	2025-11-08 02:01:52.077773+00	61	5
1028	811	2240	56.00	386	425	48.00	2.5	4.6	1.5	00:32:03	8.8	356	410	8	213	-56	2025-11-08 02:01:52.082117+00	2025-11-08 02:01:52.082123+00	93	5
1029	1254	1577	51.00	646	608	52.00	4	4.8	1.5	00:32:42	9.3	466	429	7	179	135	2025-11-08 02:01:52.086248+00	2025-11-08 02:01:52.086253+00	41	5
1030	1213	1560	49.00	646	567	53.00	3.1	4.3	1.52	00:32:17	7.1	402	373	-1	-24	55	2025-11-08 02:01:52.090556+00	2025-11-08 02:01:52.090561+00	47	5
1031	866	1705	47.00	432	434	50.00	2.8	4.7	1.48	00:32:38	8.4	532	399	8	330	25	2025-11-08 02:01:52.094408+00	2025-11-08 02:01:52.094413+00	12	5
1032	1680	940	45.00	796	884	47.00	3.5	6.1	1.5	00:32:47	5	207	322	-3	-87	-138	2025-11-08 02:01:52.098343+00	2025-11-08 02:01:52.098348+00	51	5
1033	915	1530	44.00	468	447	51.00	3.4	4.7	1.53	00:32:59	8.2	411	392	1	25	93	2025-11-08 02:01:52.102322+00	2025-11-08 02:01:52.102329+00	46	5
1034	1184	1255	44.00	549	635	46.00	3.6	5.3	1.44	00:32:36	4.8	220	314	-4	-197	-139	2025-11-08 02:01:52.10626+00	2025-11-08 02:01:52.106264+00	29	5
1035	1641	817	43.00	771	870	47.00	4.1	6.1	1.42	00:33:14	9.2	659	431	-3	51	-110	2025-11-08 02:01:52.110032+00	2025-11-08 02:01:52.110037+00	13	5
1036	581	1474	38.00	310	271	53.00	6.3	3.9	1.39	00:31:35	0.5	363	259	-14	92	366	2025-11-08 02:01:52.113835+00	2025-11-08 02:01:52.11384+00	142	5
1037	760	1269	37.00	393	367	52.00	3.2	5.7	1.47	00:32:39	5.3	284	337	6	243	139	2025-11-08 02:01:52.117767+00	2025-11-08 02:01:52.117771+00	83	5
1038	907	1106	36.00	410	497	45.00	2.5	5.1	1.44	00:32:37	9.1	443	407	2	-103	-30	2025-11-08 02:01:52.121531+00	2025-11-08 02:01:52.121535+00	43	5
1039	1580	543	36.00	775	805	49.00	3.3	7.1	1.51	00:33:15	2	137	263	6	-38	-12	2025-11-08 02:01:52.12541+00	2025-11-08 02:01:52.125415+00	24	5
1040	1689	467	35.00	823	866	49.00	4.1	7.3	1.59	00:32:14	9.4	457	438	-1	-157	-43	2025-11-08 02:01:52.129599+00	2025-11-08 02:01:52.129603+00	26	5
1041	715	1181	34.00	371	344	52.00	4.3	5.2	1.48	00:33:12	8.1	573	381	0	83	20	2025-11-08 02:01:52.13329+00	2025-11-08 02:01:52.133294+00	94	5
1042	575	1280	34.00	277	298	48.00	4	6.2	1.5	00:33:07	7.8	490	378	-1	-5	111	2025-11-08 02:01:52.137758+00	2025-11-08 02:01:52.137764+00	82	5
1043	1234	747	34.00	617	617	50.00	2.9	5.3	1.51	00:33:09	2.3	126	268	12	95	133	2025-11-08 02:01:52.141632+00	2025-11-08 02:01:52.14164+00	122	5
1044	1256	726	34.00	668	588	53.00	4.2	4.9	1.55	00:32:57	9.7	495	445	3	78	116	2025-11-08 02:01:52.1457+00	2025-11-08 02:01:52.145705+00	44	5
1045	1074	817	33.00	553	521	51.00	3	5.9	1.55	00:32:45	4.3	310	311	-4	-147	-91	2025-11-08 02:01:52.149704+00	2025-11-08 02:01:52.149708+00	76	5
1046	547	1178	32.00	248	299	45.00	3.5	3.9	1.54	00:32:18	5.6	344	322	-7	-140	-106	2025-11-08 02:01:52.153649+00	2025-11-08 02:01:52.153654+00	63	5
1047	894	891	31.00	462	432	52.00	3.4	5.1	1.53	00:32:44	8.4	428	385	1	99	68	2025-11-08 02:01:52.158057+00	2025-11-08 02:01:52.158069+00	143	5
1048	883	825	31.00	459	424	52.00	3.2	5.7	1.42	00:33:17	0.8	131	248	-9	-18	-124	2025-11-08 02:01:52.162424+00	2025-11-08 02:01:52.162432+00	100	5
1049	804	863	29.00	411	393	51.00	3.1	6.1	1.53	00:32:31	8.4	502	393	-4	-358	-68	2025-11-08 02:01:52.166405+00	2025-11-08 02:01:52.16641+00	110	5
1050	1127	600	29.00	633	494	56.00	3.9	6	1.56	00:32:37	0.5	152	249	-14	-71	-65	2025-11-08 02:01:52.170002+00	2025-11-08 02:01:52.170007+00	19	5
1051	1025	660	29.00	508	517	50.00	2.7	6.9	1.49	00:32:34	1.7	124	256	3	-52	-70	2025-11-08 02:01:52.174532+00	2025-11-08 02:01:52.174541+00	11	5
1052	971	696	29.00	484	487	50.00	3.1	5	1.53	00:32:44	3.4	233	283	1	-53	26	2025-11-08 02:01:52.179122+00	2025-11-08 02:01:52.179132+00	40	5
1053	961	589	28.00	455	506	47.00	4.1	6.8	1.37	00:32:43	10.1	530	440	2	-37	46	2025-11-08 02:01:52.183172+00	2025-11-08 02:01:52.183177+00	50	5
1054	1010	503	26.00	492	518	49.00	3.1	6.8	1.47	00:32:35	4.9	224	328	-2	-5	-62	2025-11-08 02:01:52.186929+00	2025-11-08 02:01:52.186934+00	80	5
1055	636	793	26.00	306	330	48.00	2.7	5.1	1.42	00:32:47	7.9	399	371	2	44	-18	2025-11-08 02:01:52.190963+00	2025-11-08 02:01:52.190967+00	23	5
1056	348	1025	26.00	175	173	50.00	3.1	4	1.38	00:33:03	8.7	453	399	3	-36	-94	2025-11-08 02:01:52.195202+00	2025-11-08 02:01:52.195207+00	85	5
1057	426	947	25.00	225	201	53.00	2.6	4.7	1.42	00:31:58	8.8	347	413	3	62	56	2025-11-08 02:01:52.19881+00	2025-11-08 02:01:52.198815+00	96	5
1058	916	550	25.00	474	442	52.00	3.9	6.2	1.53	00:33:07	9.4	592	435	4	230	111	2025-11-08 02:01:52.202787+00	2025-11-08 02:01:52.202791+00	14	5
1059	758	677	25.00	383	375	51.00	2.8	5.8	1.6	00:32:46	5.2	265	341	3	245	234	2025-11-08 02:01:52.207002+00	2025-11-08 02:01:52.207015+00	116	5
1060	874	463	23.00	461	413	53.00	3.2	4.7	1.37	00:33:13	7.9	372	384	0	107	26	2025-11-08 02:01:52.21093+00	2025-11-08 02:01:52.210935+00	134	5
1061	727	600	23.00	356	371	49.00	2.6	7.5	1.49	00:32:59	7.7	442	383	2	235	-13	2025-11-08 02:01:52.214963+00	2025-11-08 02:01:52.214968+00	103	5
1062	777	494	22.00	350	427	45.00	2.2	6.5	1.54	00:32:34	2.1	153	250	9	-86	-108	2025-11-08 02:01:52.218533+00	2025-11-08 02:01:52.218537+00	17	5
1063	640	626	22.00	319	321	50.00	2.6	6.5	1.62	00:32:08	8.2	347	392	6	376	231	2025-11-08 02:01:52.222463+00	2025-11-08 02:01:52.222467+00	38	5
1064	627	597	22.00	309	318	49.00	3.2	6	1.49	00:32:54	9.2	506	410	4	9	126	2025-11-08 02:01:52.226266+00	2025-11-08 02:01:52.22627+00	4	5
1065	563	633	21.00	294	269	52.00	2.6	6.5	1.47	00:32:32	7.1	345	377	-6	-134	-148	2025-11-08 02:01:52.230406+00	2025-11-08 02:01:52.230411+00	72	5
1066	511	687	21.00	267	244	52.00	3.5	6.4	1.61	00:33:00	1.6	231	265	-9	-17	10	2025-11-08 02:01:52.23452+00	2025-11-08 02:01:52.234529+00	130	5
1067	541	584	20.00	259	282	48.00	3.2	6.9	1.55	00:34:10	8.6	490	391	6	103	14	2025-11-08 02:01:52.238561+00	2025-11-08 02:01:52.238565+00	62	5
1068	443	651	20.00	229	214	52.00	3.7	5.3	1.51	00:32:23	9.4	381	432	6	182	21	2025-11-08 02:01:52.243049+00	2025-11-08 02:01:52.243053+00	15	5
1069	310	658	18.00	157	153	51.00	3	4.4	1.35	00:33:40	6.4	543	370	15	333	572	2025-11-08 02:01:52.246861+00	2025-11-08 02:01:52.246865+00	115	5
1070	480	530	18.00	265	215	55.00	2.8	6.2	1.54	00:31:53	4.9	314	331	-3	48	-128	2025-11-08 02:01:52.251458+00	2025-11-08 02:01:52.251462+00	79	5
1071	526	417	17.00	276	250	52.00	4	4.7	1.31	00:32:35	1.1	231	256	-10	-38	-97	2025-11-08 02:01:52.255212+00	2025-11-08 02:01:52.255218+00	114	5
1072	266	642	17.00	164	102	62.00	3.5	4.2	1.59	00:32:23	7.1	458	387	-5	22	-79	2025-11-08 02:01:52.25908+00	2025-11-08 02:01:52.259084+00	90	5
1073	321	528	16.00	152	169	47.00	2.8	6.6	1.44	00:33:24	5.2	248	327	0	-13	63	2025-11-08 02:01:52.262812+00	2025-11-08 02:01:52.262817+00	36	5
1074	457	424	15.00	250	207	55.00	3.7	7.3	1.64	00:33:19	8.3	562	423	-4	47	-85	2025-11-08 02:01:52.266693+00	2025-11-08 02:01:52.266698+00	112	5
1075	401	452	15.00	239	162	60.00	3.6	6.2	1.63	00:33:21	4.7	142	314	0	-97	23	2025-11-08 02:01:52.270834+00	2025-11-08 02:01:52.270839+00	20	5
1076	622	240	15.00	311	311	50.00	3.1	6.4	1.4	00:33:23	7.1	307	337	-8	-436	-149	2025-11-08 02:01:52.27461+00	2025-11-08 02:01:52.274614+00	30	5
1077	436	341	14.00	186	250	43.00	2.2	7.5	1.43	00:32:56	4.9	253	319	0	-101	-81	2025-11-08 02:01:52.27883+00	2025-11-08 02:01:52.278834+00	16	5
1078	251	483	13.00	131	120	52.00	2.1	6.6	1.45	00:32:19	8.7	442	403	0	-127	27	2025-11-08 02:01:52.283187+00	2025-11-08 02:01:52.283197+00	56	5
1079	473	280	12.00	231	242	49.00	3.4	7.6	1.73	00:33:06	9.3	493	424	7	125	-22	2025-11-08 02:01:52.287138+00	2025-11-08 02:01:52.287143+00	1	5
1080	167	479	12.00	107	60	64.00	4.7	4.1	1.38	00:32:21	9	488	475	8	732	96	2025-11-08 02:01:52.291212+00	2025-11-08 02:01:52.291218+00	75	5
1081	198	412	11.00	104	94	53.00	4.3	3.9	1.28	00:31:33	4.8	380	373	-70	-964	-692	2025-11-08 02:01:52.295244+00	2025-11-08 02:01:52.295249+00	165	5
1082	357	212	10.00	152	205	43.00	2.6	6.4	1.36	00:33:41	8.6	575	390	-4	-196	-135	2025-11-08 02:01:52.299416+00	2025-11-08 02:01:52.29942+00	35	5
1083	368	228	10.00	184	184	50.00	3.7	6.5	1.58	00:32:38	8.8	468	422	-2	-274	-48	2025-11-08 02:01:52.303343+00	2025-11-08 02:01:52.303348+00	132	5
1084	376	206	10.00	174	202	46.00	3.5	6.3	1.55	00:32:39	9.3	461	436	1	191	95	2025-11-08 02:01:52.307318+00	2025-11-08 02:01:52.307322+00	60	5
1085	317	224	10.00	154	163	49.00	2.9	5.9	1.37	00:32:09	2.7	197	305	0	97	-131	2025-11-08 02:01:52.311557+00	2025-11-08 02:01:52.311562+00	84	5
1086	262	237	9.00	122	140	47.00	2.9	5.7	1.38	00:32:17	7.2	474	355	-2	-177	-47	2025-11-08 02:01:52.31562+00	2025-11-08 02:01:52.315626+00	3	5
1087	277	237	9.00	139	138	50.00	3.3	5.6	1.56	00:32:20	6.8	439	369	-2	38	32	2025-11-08 02:01:52.319806+00	2025-11-08 02:01:52.319811+00	7	5
1088	226	259	9.00	111	115	49.00	2.8	6.3	1.43	00:31:23	5.7	340	358	5	217	209	2025-11-08 02:01:52.323973+00	2025-11-08 02:01:52.323982+00	91	5
1089	299	172	8.00	148	151	49.00	2.9	7.7	1.51	00:32:15	6.6	326	340	-7	-285	-66	2025-11-08 02:01:52.328263+00	2025-11-08 02:01:52.328267+00	9	5
1090	320	151	8.00	163	157	51.00	3.9	7.7	1.5	00:33:29	9.2	506	414	0	-60	-112	2025-11-08 02:01:52.333047+00	2025-11-08 02:01:52.333052+00	48	5
1091	231	212	8.00	123	108	53.00	3	7.2	1.4	00:33:11	5.3	314	340	0	-2	-30	2025-11-08 02:01:52.337435+00	2025-11-08 02:01:52.33744+00	141	5
1092	269	177	8.00	121	148	45.00	3.5	7.2	1.47	00:32:27	9.3	522	433	9	225	1	2025-11-08 02:01:52.341547+00	2025-11-08 02:01:52.341551+00	69	5
1093	174	200	7.00	80	94	46.00	2.3	7.6	1.51	00:32:35	8.1	338	396	-2	-45	-28	2025-11-08 02:01:52.345981+00	2025-11-08 02:01:52.345987+00	42	5
1094	140	201	6.00	68	72	49.00	2	7.6	1.43	00:31:30	9.1	428	418	9	355	170	2025-11-08 02:01:52.350152+00	2025-11-08 02:01:52.350157+00	73	5
1095	272	94	6.00	134	138	49.00	2.8	7.7	1.58	00:33:20	7.7	383	371	-1	-78	-31	2025-11-08 02:01:52.354368+00	2025-11-08 02:01:52.354373+00	53	5
1096	114	171	5.00	55	59	48.00	4.1	4.1	1.26	00:31:16	3.1	87	273	31	145	83	2025-11-08 02:01:52.358417+00	2025-11-08 02:01:52.358422+00	124	5
1097	222	71	5.00	105	117	47.00	2.9	7.5	1.54	00:32:47	5.8	293	321	-7	-428	-151	2025-11-08 02:01:52.362622+00	2025-11-08 02:01:52.362627+00	57	5
1098	208	71	5.00	102	106	49.00	4	8.1	1.46	00:33:30	8.8	465	394	3	-25	0	2025-11-08 02:01:52.366975+00	2025-11-08 02:01:52.366979+00	22	5
1099	100	160	5.00	51	49	51.00	2.5	5.3	1.5	00:32:18	7.5	415	381	-6	-183	3	2025-11-08 02:01:52.370739+00	2025-11-08 02:01:52.370744+00	121	5
1100	148	124	5.00	75	73	51.00	3.1	7.2	1.59	00:31:31	7.5	337	374	-9	-210	-154	2025-11-08 02:01:52.375225+00	2025-11-08 02:01:52.37523+00	133	5
1101	95	149	5.00	51	44	54.00	3.9	5.6	1.17	00:31:25	8.2	412	433	-5	479	-109	2025-11-08 02:01:52.379377+00	2025-11-08 02:01:52.379382+00	101	5
1102	137	127	5.00	71	66	52.00	2.6	6.6	1.58	00:32:17	6.7	356	373	-2	72	52	2025-11-08 02:01:52.38353+00	2025-11-08 02:01:52.383536+00	159	5
1103	193	75	4.00	100	93	52.00	3.5	8	1.54	00:33:17	4.5	166	310	-1	-138	-172	2025-11-08 02:01:52.388167+00	2025-11-08 02:01:52.388178+00	39	5
1104	49	171	4.00	18	31	37.00	1.9	3.1	1.47	00:29:49	5	300	317	11	82	-183	2025-11-08 02:01:52.392463+00	2025-11-08 02:01:52.392468+00	6	5
1105	86	144	4.00	45	41	52.00	3.1	5	1.66	00:31:27	8.5	463	418	-6	-158	-83	2025-11-08 02:01:52.396662+00	2025-11-08 02:01:52.396667+00	162	5
1106	123	105	4.00	60	63	49.00	3.6	7.7	1.54	00:33:47	4.5	188	302	-9	-256	-191	2025-11-08 02:01:52.400661+00	2025-11-08 02:01:52.400665+00	105	5
1107	104	95	4.00	48	56	46.00	4.8	7	1.36	00:32:49	4.3	323	304	-10	-148	302	2025-11-08 02:01:52.4049+00	2025-11-08 02:01:52.404904+00	145	5
1108	88	107	4.00	42	46	48.00	2.9	5.8	1.4	00:32:03	8	319	393	0	-79	34	2025-11-08 02:01:52.408828+00	2025-11-08 02:01:52.408832+00	123	5
1109	162	46	3.00	88	74	54.00	4.3	7.7	1.54	00:32:15	10	560	454	5	198	-119	2025-11-08 02:01:52.412459+00	2025-11-08 02:01:52.412463+00	70	5
1110	105	85	3.00	55	50	52.00	2.7	7.3	1.54	00:31:01	8.1	470	402	0	129	80	2025-11-08 02:01:52.416596+00	2025-11-08 02:01:52.416601+00	86	5
1111	57	121	3.00	38	19	67.00	4.1	3.8	1.3	00:33:57	8.1	603	384	-4	-141	44	2025-11-08 02:01:52.420377+00	2025-11-08 02:01:52.420381+00	156	5
1112	118	56	3.00	53	65	45.00	3.3	6.1	1.36	00:31:59	7.7	505	374	-1	-61	51	2025-11-08 02:01:52.424567+00	2025-11-08 02:01:52.424571+00	111	5
1113	90	74	3.00	52	38	58.00	3.2	4.6	1.2	00:32:35	4.9	191	320	0	-185	-118	2025-11-08 02:01:52.428304+00	2025-11-08 02:01:52.428308+00	131	5
1114	145	49	3.00	68	77	47.00	2.6	7.8	1.75	00:32:23	1.9	123	261	10	136	94	2025-11-08 02:01:52.432301+00	2025-11-08 02:01:52.432306+00	31	5
1115	68	99	3.00	31	37	46.00	3	4.7	1.63	00:30:28	6	398	372	16	641	814	2025-11-08 02:01:52.43601+00	2025-11-08 02:01:52.436016+00	71	5
1116	133	41	3.00	67	66	50.00	3.2	7.8	1.76	00:32:03	3.6	163	298	-2	-354	-152	2025-11-08 02:01:52.440263+00	2025-11-08 02:01:52.440268+00	81	5
1117	51	88	3.00	30	21	59.00	5.6	5.6	1.2	00:33:05	4.4	149	300	0	-122	2	2025-11-08 02:01:52.444582+00	2025-11-08 02:01:52.444587+00	59	5
1118	90	55	3.00	45	45	50.00	4.4	6.7	1.49	00:34:22	8	580	377	-3	-16	-2	2025-11-08 02:01:52.448325+00	2025-11-08 02:01:52.448329+00	149	5
1119	66	71	2.00	30	36	45.00	3.4	7.6	1.59	00:31:53	8.8	488	416	-5	-460	-129	2025-11-08 02:01:52.452454+00	2025-11-08 02:01:52.452458+00	153	5
1120	88	58	2.00	37	51	42.00	2.4	6.6	1.82	00:31:51	2.2	160	259	11	59	-179	2025-11-08 02:01:52.456871+00	2025-11-08 02:01:52.456883+00	98	5
1121	50	60	2.00	24	26	48.00	2.9	5.7	1.3	00:30:45	5.1	399	351	-1	2	240	2025-11-08 02:01:52.461202+00	2025-11-08 02:01:52.461207+00	160	5
1122	36	74	2.00	16	20	44.00	2.4	4.8	1.58	00:31:22	8.1	424	388	-10	-232	-307	2025-11-08 02:01:52.465538+00	2025-11-08 02:01:52.465543+00	138	5
1123	60	43	2.00	30	30	50.00	3.6	5.7	1.33	00:31:39	7.8	441	389	0	-218	63	2025-11-08 02:01:52.469455+00	2025-11-08 02:01:52.469459+00	148	5
1124	68	34	2.00	26	42	38.00	3.5	7.4	1.37	00:31:23	4.9	248	309	-7	-233	-119	2025-11-08 02:01:52.47375+00	2025-11-08 02:01:52.473755+00	66	5
1125	51	37	2.00	22	29	43.00	3.3	4.9	1.51	00:31:04	7.9	426	371	-5	-355	-155	2025-11-08 02:01:52.478477+00	2025-11-08 02:01:52.478483+00	32	5
1126	60	26	2.00	28	32	47.00	2.4	7.1	1.35	00:32:41	5.5	326	349	6	67	193	2025-11-08 02:01:52.482626+00	2025-11-08 02:01:52.48263+00	118	5
1127	44	38	1.00	20	24	45.00	2.3	7.1	1.48	00:32:55	0.7	230	238	-6	-370	-222	2025-11-08 02:01:52.487085+00	2025-11-08 02:01:52.48709+00	117	5
1128	66	20	1.00	32	34	48.00	2.2	6.4	1.67	00:32:19	7	335	352	-4	-335	-132	2025-11-08 02:01:52.49088+00	2025-11-08 02:01:52.490884+00	87	5
1129	21	42	1.00	10	11	48.00	2.8	2.9	1.05	00:33:27	5.9	302	355	11	321	167	2025-11-08 02:01:52.495273+00	2025-11-08 02:01:52.495278+00	144	5
1130	49	28	1.00	27	22	55.00	3.7	7	1.84	00:31:47	9.3	622	440	7	40	-60	2025-11-08 02:01:52.499641+00	2025-11-08 02:01:52.499646+00	119	5
1131	50	18	1.00	27	23	54.00	2.7	6.4	1.34	00:32:22	7.7	375	382	-9	-46	124	2025-11-08 02:01:52.503878+00	2025-11-08 02:01:52.503883+00	154	5
1132	34	30	1.00	17	17	50.00	2.4	5.8	1.21	00:33:08	7.7	460	369	-13	-532	-201	2025-11-08 02:01:52.508676+00	2025-11-08 02:01:52.508681+00	164	5
1133	62	11	1.00	26	36	42.00	2.2	6.5	1.66	00:31:04	5	236	325	0	-124	5	2025-11-08 02:01:52.513467+00	2025-11-08 02:01:52.513472+00	2	5
1134	35	28	1.00	17	18	49.00	2.5	8.5	1.54	00:32:20	1.3	163	256	-1	254	100	2025-11-08 02:01:52.517805+00	2025-11-08 02:01:52.517809+00	88	5
1135	40	19	1.00	23	17	58.00	3.1	6.8	1.3	00:32:11	6.3	381	377	10	373	413	2025-11-08 02:01:52.522067+00	2025-11-08 02:01:52.522072+00	152	5
1136	24	30	1.00	9	15	38.00	2	7.3	1.42	00:30:16	8.1	321	388	12	330	199	2025-11-08 02:01:52.526644+00	2025-11-08 02:01:52.526657+00	95	5
1137	37	15	1.00	20	17	54.00	3.1	7	1.32	00:32:09	0.7	271	261	-13	54	-54	2025-11-08 02:01:52.531333+00	2025-11-08 02:01:52.531338+00	58	5
1138	35	15	1.00	19	16	54.00	4.1	6.5	1.4	00:31:55	8.7	605	431	6	179	79	2025-11-08 02:01:52.535753+00	2025-11-08 02:01:52.535758+00	33	5
1139	33	17	1.00	15	18	45.00	3.3	7.6	1.42	00:31:38	0.8	208	244	-16	-204	-106	2025-11-08 02:01:52.539684+00	2025-11-08 02:01:52.539692+00	140	5
1140	22	26	1.00	7	15	32.00	2.3	4.8	1.64	00:30:30	8	447	351	-18	-756	-550	2025-11-08 02:01:52.544307+00	2025-11-08 02:01:52.544312+00	125	5
1141	29	16	1.00	13	16	45.00	2.9	8.4	1.41	00:32:17	6.3	363	338	-18	-717	-296	2025-11-08 02:01:52.549459+00	2025-11-08 02:01:52.549464+00	102	5
1142	24	17	1.00	12	12	50.00	4	7.6	1.67	00:35:02	7.8	719	379	0	-106	-4	2025-11-08 02:01:52.553638+00	2025-11-08 02:01:52.553643+00	129	5
1143	34	7	1.00	21	13	62.00	4.3	8.1	1.44	00:33:29	6.9	227	372	-16	-615	-424	2025-11-08 02:01:52.55818+00	2025-11-08 02:01:52.558186+00	107	5
1144	16	21	1.00	6	10	38.00	3	6.3	1.25	00:34:50	8.8	299	385	-1	-195	250	2025-11-08 02:01:52.562581+00	2025-11-08 02:01:52.562586+00	137	5
1145	24	12	1.00	11	13	46.00	3.8	6.7	1.38	00:32:56	8.8	670	400	-2	-149	-323	2025-11-08 02:01:52.566652+00	2025-11-08 02:01:52.566657+00	68	5
1146	28	6	1.00	13	15	46.00	4.3	8.2	1.29	00:32:57	9.1	535	427	1	87	-16	2025-11-08 02:01:52.571236+00	2025-11-08 02:01:52.571241+00	37	5
1147	25	8	1.00	12	13	48.00	3.2	8.5	1.4	00:31:53	0.5	202	246	-17	-86	-4	2025-11-08 02:01:52.575823+00	2025-11-08 02:01:52.575829+00	128	5
1148	23	6	1.00	10	13	43.00	3.4	7	1.3	00:32:11	0.7	169	234	-10	-317	-155	2025-11-08 02:01:52.579851+00	2025-11-08 02:01:52.579855+00	92	5
1149	13	13	0.00	5	8	38.00	1.7	6.1	1.23	00:36:42	8	624	395	10	391	177	2025-11-08 02:01:52.584283+00	2025-11-08 02:01:52.584288+00	157	5
1150	21	3	0.00	8	13	38.00	1.6	7.3	1.14	00:31:12	6.2	365	305	-20	-916	-385	2025-11-08 02:01:52.588465+00	2025-11-08 02:01:52.58847+00	27	5
1151	16	9	0.00	5	11	31.00	2.5	8.1	1.38	00:34:09	7	365	362	-14	-286	-125	2025-11-08 02:01:52.59293+00	2025-11-08 02:01:52.592934+00	171	5
1152	8	14	0.00	1	7	13.00	1.3	4.9	1	00:24:03	5.4	281	329	-33	-1611	-1022	2025-11-08 02:01:52.59758+00	2025-11-08 02:01:52.597585+00	158	5
1153	12	10	0.00	4	8	33.00	2	4.9	1.17	00:35:01	0.9	340	259	-12	3	100	2025-11-08 02:01:52.601783+00	2025-11-08 02:01:52.601787+00	49	5
1154	9	11	0.00	3	6	33.00	1.9	6.9	1.11	00:32:21	7.9	457	372	-15	-481	-141	2025-11-08 02:01:52.606302+00	2025-11-08 02:01:52.606307+00	136	5
1155	12	11	0.00	5	7	42.00	2.6	5.7	1.92	00:31:34	8.2	527	415	4	29	-99	2025-11-08 02:01:52.61088+00	2025-11-08 02:01:52.610885+00	161	5
1156	14	2	0.00	11	3	79.00	6.1	9.5	1.29	00:28:25	8.1	649	464	10	942	416	2025-11-08 02:01:52.614933+00	2025-11-08 02:01:52.614938+00	135	5
1157	9	5	0.00	3	6	33.00	2.6	5.6	1.44	00:27:38	6.6	530	353	0	-102	299	2025-11-08 02:01:52.619093+00	2025-11-08 02:01:52.619098+00	151	5
1158	1	11	0.00	0	1	0.00	0.7	4.7	1	00:30:46	6.6	161	322	-9	-511	-859	2025-11-08 02:01:52.623767+00	2025-11-08 02:01:52.623773+00	104	5
1159	6	4	0.00	3	3	50.00	1.9	7	1.5	00:29:37	5.6	355	336	-5	-133	77	2025-11-08 02:01:52.628069+00	2025-11-08 02:01:52.628074+00	52	5
1160	9	1	0.00	2	7	22.00	2.3	10	1.33	00:33:43	7.4	385	342	-10	-374	-171	2025-11-08 02:01:52.632532+00	2025-11-08 02:01:52.632537+00	99	5
1161	0	8	0.00	0	0	0.00	0	5	0	\N	0	0	0	0	0	0	2025-11-08 02:01:52.636473+00	2025-11-08 02:01:52.636478+00	113	5
1162	3	4	0.00	1	2	33.00	2	5.5	1	00:25:55	7.9	359	384	11	367	345	2025-11-08 02:01:52.641065+00	2025-11-08 02:01:52.64107+00	147	5
1163	7	0	0.00	3	4	43.00	1.9	0	1.29	00:27:21	4.5	247	335	-8	-172	-404	2025-11-08 02:01:52.645465+00	2025-11-08 02:01:52.645472+00	126	5
1164	5	1	0.00	1	4	20.00	1.8	7	1.2	00:25:19	0.7	301	240	-6	-52	126	2025-11-08 02:01:52.649767+00	2025-11-08 02:01:52.649779+00	127	5
1165	5	1	0.00	2	3	40.00	1.4	3	1.2	00:28:51	8.3	497	400	7	44	-76	2025-11-08 02:01:52.654681+00	2025-11-08 02:01:52.654686+00	150	5
1166	4	1	0.00	2	2	50.00	0.9	7	1	00:29:04	8.9	408	388	-2	-730	-368	2025-11-08 02:01:52.65931+00	2025-11-08 02:01:52.659317+00	163	5
1167	3	2	0.00	0	3	0.00	1.9	6.5	2.33	00:35:00	3.8	396	317	0	-242	-301	2025-11-08 02:01:52.663854+00	2025-11-08 02:01:52.663864+00	155	5
1168	2	1	0.00	0	2	0.00	0.7	6	1	00:30:59	6.2	339	360	-20	-1736	-1122	2025-11-08 02:01:52.668381+00	2025-11-08 02:01:52.668386+00	170	5
1169	3	0	0.00	3	0	100.00	4	0	1	00:30:34	4.1	244	330	-14	-36	-168	2025-11-08 02:01:52.672985+00	2025-11-08 02:01:52.67299+00	169	5
1170	2	1	0.00	2	0	100.00	3.3	6	1	00:30:08	8.1	444	420	4	471	127	2025-11-08 02:01:52.677578+00	2025-11-08 02:01:52.677583+00	166	5
1171	3	0	0.00	1	2	33.00	1.9	0	1.33	00:26:37	6.6	591	373	-13	-275	-244	2025-11-08 02:01:52.68207+00	2025-11-08 02:01:52.682075+00	25	5
1172	0	0	0.00	0	0	0.00	0	0	0	\N	0	0	0	0	0	0	2025-11-08 02:01:52.686269+00	2025-11-08 02:01:52.686277+00	67	5
1173	0	0	0.00	0	0	0.00	0	0	0	\N	0	0	0	0	0	0	2025-11-08 02:01:52.690463+00	2025-11-08 02:01:52.690468+00	89	5
1174	0	0	0.00	0	0	0.00	0	0	0	\N	0	0	0	0	0	0	2025-11-08 02:01:52.694632+00	2025-11-08 02:01:52.694637+00	109	5
1175	0	0	0.00	0	0	0.00	0	0	0	\N	0	0	0	0	0	0	2025-11-08 02:01:52.698544+00	2025-11-08 02:01:52.698549+00	65	5
1176	0	0	0.00	0	0	0.00	0	0	0	\N	0	0	0	0	0	0	2025-11-08 02:01:52.702732+00	2025-11-08 02:01:52.702737+00	18	5
1177	0	0	0.00	0	0	0.00	0	0	0	\N	0	0	0	0	0	0	2025-11-08 02:01:52.707111+00	2025-11-08 02:01:52.707117+00	167	5
1178	0	0	0.00	0	0	0.00	0	0	0	\N	0	0	0	0	0	0	2025-11-08 02:01:52.711475+00	2025-11-08 02:01:52.71148+00	97	5
1179	0	0	0.00	0	0	0.00	0	0	0	\N	0	0	0	0	0	0	2025-11-08 02:01:52.715879+00	2025-11-08 02:01:52.715884+00	10	5
1180	0	0	0.00	0	0	0.00	0	0	0	\N	0	0	0	0	0	0	2025-11-08 02:01:52.719905+00	2025-11-08 02:01:52.71991+00	54	5
1181	0	0	0.00	0	0	0.00	0	0	0	\N	0	0	0	0	0	0	2025-11-08 02:01:52.724376+00	2025-11-08 02:01:52.724381+00	5	5
1182	0	0	0.00	0	0	0.00	0	0	0	\N	0	0	0	0	0	0	2025-11-08 02:01:52.728805+00	2025-11-08 02:01:52.72881+00	120	5
1184	0	0	0.00	0	0	0.00	0	0	0	\N	0	0	0	0	0	0	2025-11-08 02:01:52.737827+00	2025-11-08 02:01:52.737832+00	78	5
1185	0	0	0.00	0	0	0.00	0	0	0	\N	0	0	0	0	0	0	2025-11-08 02:01:52.742197+00	2025-11-08 02:01:52.742209+00	55	5
1186	0	0	0.00	0	0	0.00	0	0	0	\N	0	0	0	0	0	0	2025-11-08 02:01:52.746544+00	2025-11-08 02:01:52.74655+00	106	5
1187	0	0	0.00	0	0	0.00	0	0	0	\N	0	0	0	0	0	0	2025-11-08 02:01:52.751165+00	2025-11-08 02:01:52.75117+00	139	5
1188	0	0	0.00	0	0	0.00	0	0	0	\N	0	0	0	0	0	0	2025-11-08 02:01:52.755396+00	2025-11-08 02:01:52.755401+00	28	5
1189	0	0	0.00	0	0	0.00	0	0	0	\N	0	0	0	0	0	0	2025-11-08 02:01:52.760105+00	2025-11-08 02:01:52.76011+00	108	5
1190	0	0	0.00	0	0	0.00	0	0	0	\N	0	0	0	0	0	0	2025-11-08 02:01:52.764613+00	2025-11-08 02:01:52.764618+00	34	5
1191	0	0	0.00	0	0	0.00	0	0	0	\N	0	0	0	0	0	0	2025-11-08 02:01:52.768915+00	2025-11-08 02:01:52.76892+00	168	5
1192	0	0	0.00	0	0	0.00	0	0	0	\N	0	0	0	0	0	0	2025-11-08 02:01:52.773575+00	2025-11-08 02:01:52.77358+00	64	5
1193	0	0	0.00	0	0	0.00	0	0	0	\N	0	0	0	0	0	0	2025-11-08 02:01:52.777654+00	2025-11-08 02:01:52.777659+00	77	5
1194	0	0	0.00	0	0	0.00	0	0	0	\N	0	0	0	0	0	0	2025-11-08 02:01:52.781761+00	2025-11-08 02:01:52.781766+00	21	5
1195	0	0	0.00	0	0	0.00	0	0	0	\N	0	0	0	0	0	0	2025-11-08 02:01:52.78651+00	2025-11-08 02:01:52.786516+00	8	5
1196	0	0	0.00	0	0	0.00	0	0	0	\N	0	0	0	0	0	0	2025-11-08 02:01:52.790692+00	2025-11-08 02:01:52.790697+00	74	5
1197	0	0	0.00	0	0	0.00	0	0	0	\N	0	0	0	0	0	0	2025-11-08 02:01:52.795328+00	2025-11-08 02:01:52.795333+00	45	5
1198	1058	2149	63.00	567	491	54.00	2.6	4.6	1.59	00:33:34	7.3	352	378	-3	-62	-128	2025-11-08 02:01:56.809152+00	2025-11-08 02:01:56.80916+00	72	4
1199	1513	1523	56.00	734	779	49.00	3.4	4.8	1.66	00:34:14	9.8	455	416	3	2	0	2025-11-08 02:01:56.813497+00	2025-11-08 02:01:56.813502+00	43	4
1200	882	1846	53.00	453	429	51.00	3.3	4.5	1.62	00:34:13	7.9	509	386	1	60	106	2025-11-08 02:01:56.817582+00	2025-11-08 02:01:56.817588+00	7	4
1201	1501	1342	53.00	775	726	52.00	2.8	5.4	1.6	00:34:48	2.1	130	255	7	30	76	2025-11-08 02:01:56.822001+00	2025-11-08 02:01:56.822005+00	122	4
1202	835	1804	52.00	451	384	54.00	4.3	4.1	1.55	00:34:22	8.7	604	391	4	178	171	2025-11-08 02:01:56.8267+00	2025-11-08 02:01:56.826705+00	94	4
1203	1830	1016	51.00	923	907	50.00	3.4	6.6	1.63	00:34:41	2.1	150	256	2	-110	-111	2025-11-08 02:01:56.830868+00	2025-11-08 02:01:56.830873+00	24	4
1204	1123	1382	48.00	609	514	54.00	3.8	4.3	1.55	00:33:54	0.6	163	254	-18	-3	-64	2025-11-08 02:01:56.83494+00	2025-11-08 02:01:56.834949+00	19	4
1205	1362	1126	45.00	689	673	51.00	2.9	6.7	1.66	00:33:46	1.7	134	245	1	-78	-87	2025-11-08 02:01:56.839354+00	2025-11-08 02:01:56.839359+00	11	4
1206	1393	1011	44.00	678	715	49.00	3.7	6	1.63	00:34:46	9.8	508	423	3	45	-28	2025-11-08 02:01:56.843534+00	2025-11-08 02:01:56.843538+00	1	4
1207	1537	855	43.00	729	808	47.00	3.7	5.7	1.61	00:34:59	4.8	199	314	-3	-134	-150	2025-11-08 02:01:56.847886+00	2025-11-08 02:01:56.847891+00	29	4
1208	439	1584	41.00	253	186	58.00	3.1	3.6	1.64	00:32:17	9	440	408	3	180	223	2025-11-08 02:01:56.851759+00	2025-11-08 02:01:56.851765+00	61	4
1209	1244	896	39.00	617	627	50.00	3.4	6.9	1.65	00:34:12	7.4	354	346	-1	-135	-10	2025-11-08 02:01:56.855774+00	2025-11-08 02:01:56.855779+00	57	4
1210	1451	707	38.00	719	732	50.00	4.8	5.8	1.6	00:34:51	9.7	691	434	0	211	0	2025-11-08 02:01:56.859849+00	2025-11-08 02:01:56.859854+00	13	4
1211	842	1177	38.00	465	377	55.00	4	5.6	1.6	00:35:46	9.2	589	453	-9	318	-177	2025-11-08 02:01:56.86384+00	2025-11-08 02:01:56.863844+00	112	4
1212	1144	836	36.00	541	603	47.00	2.7	7.3	1.61	00:35:45	8.9	434	388	7	51	174	2025-11-08 02:01:56.868076+00	2025-11-08 02:01:56.86808+00	53	4
1213	830	1073	36.00	418	412	50.00	3.4	4.8	1.63	00:35:24	9.9	582	415	1	-41	27	2025-11-08 02:01:56.872345+00	2025-11-08 02:01:56.872358+00	4	4
1214	629	1196	36.00	326	303	52.00	3.8	4.5	1.54	00:34:06	8.6	439	380	-9	-317	-98	2025-11-08 02:01:56.876638+00	2025-11-08 02:01:56.876643+00	40	4
1215	755	1050	34.00	353	402	47.00	3.3	5.5	1.63	00:33:46	1.7	292	267	-11	13	-82	2025-11-08 02:01:56.880652+00	2025-11-08 02:01:56.880657+00	130	4
1216	777	1020	34.00	408	369	53.00	3.7	4.2	1.6	00:33:25	8.3	487	383	-2	-25	16	2025-11-08 02:01:56.884445+00	2025-11-08 02:01:56.884449+00	111	4
1217	993	788	33.00	533	460	54.00	4.3	4.8	1.59	00:34:10	10.2	568	441	4	93	167	2025-11-08 02:01:56.888626+00	2025-11-08 02:01:56.888631+00	44	4
1218	1080	631	31.00	544	536	50.00	3.6	5.9	1.66	00:33:50	5	177	322	-2	-57	-214	2025-11-08 02:01:56.892686+00	2025-11-08 02:01:56.89269+00	39	4
1219	422	1094	30.00	231	191	55.00	2.7	4.3	1.48	00:33:19	5.5	276	344	1	160	218	2025-11-08 02:01:56.896708+00	2025-11-08 02:01:56.896712+00	36	4
1220	928	706	30.00	450	478	48.00	3.5	6	1.62	00:33:37	4	162	292	0	-123	-90	2025-11-08 02:01:56.901027+00	2025-11-08 02:01:56.901031+00	81	4
1221	754	791	29.00	355	399	47.00	3.1	5.7	1.58	00:33:47	8.9	499	399	0	-81	-19	2025-11-08 02:01:56.905096+00	2025-11-08 02:01:56.905104+00	110	4
1222	668	704	25.00	367	301	55.00	3.3	5	1.69	00:34:51	4.9	145	314	2	-35	7	2025-11-08 02:01:56.909466+00	2025-11-08 02:01:56.909471+00	20	4
1223	820	470	23.00	427	393	52.00	4.2	5.4	1.71	00:32:32	10	522	443	3	-30	86	2025-11-08 02:01:56.913493+00	2025-11-08 02:01:56.913498+00	26	4
1224	750	485	23.00	388	362	52.00	3.5	6.1	1.55	00:34:58	5.1	196	322	-4	-69	-179	2025-11-08 02:01:56.917661+00	2025-11-08 02:01:56.917665+00	51	4
1225	677	545	22.00	327	350	48.00	3.1	4.9	1.7	00:34:13	7.9	364	352	0	-49	18	2025-11-08 02:01:56.921655+00	2025-11-08 02:01:56.92166+00	30	4
1226	706	499	22.00	352	354	50.00	3.8	5.5	1.64	00:34:47	10.3	636	435	3	93	-25	2025-11-08 02:01:56.925558+00	2025-11-08 02:01:56.925563+00	69	4
1227	563	612	22.00	298	265	53.00	3.6	4.9	1.76	00:34:11	5.3	278	333	5	207	262	2025-11-08 02:01:56.929728+00	2025-11-08 02:01:56.929732+00	83	4
1228	486	644	22.00	241	245	50.00	3.1	4.5	1.58	00:33:32	5.9	367	361	0	144	90	2025-11-08 02:01:56.933873+00	2025-11-08 02:01:56.933881+00	91	4
1229	738	423	21.00	365	373	49.00	4.5	6	1.58	00:34:29	10.3	561	438	-4	-144	17	2025-11-08 02:01:56.938125+00	2025-11-08 02:01:56.938129+00	60	4
1230	449	654	21.00	233	216	52.00	2.9	4.9	1.69	00:31:57	9.1	381	416	10	268	112	2025-11-08 02:01:56.942035+00	2025-11-08 02:01:56.942041+00	93	4
1231	624	426	20.00	306	318	49.00	3	7.9	1.46	00:33:10	8.4	411	375	-1	-162	5	2025-11-08 02:01:56.946063+00	2025-11-08 02:01:56.946068+00	99	4
1232	807	314	19.00	390	417	48.00	3	6.2	1.69	00:34:26	4.7	277	307	-6	-179	-145	2025-11-08 02:01:56.950475+00	2025-11-08 02:01:56.95048+00	76	4
1233	360	640	19.00	166	194	46.00	2.7	5.4	1.58	00:32:32	9.1	351	407	4	59	-7	2025-11-08 02:01:56.954695+00	2025-11-08 02:01:56.954703+00	96	4
1234	324	622	18.00	161	163	50.00	3.9	4.3	1.6	00:34:48	10.1	450	437	5	112	16	2025-11-08 02:01:56.95884+00	2025-11-08 02:01:56.958845+00	15	4
1235	432	527	18.00	226	206	52.00	3	5.5	1.59	00:35:34	5.3	314	335	0	99	75	2025-11-08 02:01:56.96301+00	2025-11-08 02:01:56.963015+00	141	4
1236	536	448	18.00	274	262	51.00	3.7	6.7	1.64	00:34:39	4.6	178	305	-8	-225	-79	2025-11-08 02:01:56.967004+00	2025-11-08 02:01:56.967008+00	105	4
1237	445	525	18.00	249	196	56.00	4.2	6.7	1.76	00:33:55	9.3	519	412	4	119	-6	2025-11-08 02:01:56.97144+00	2025-11-08 02:01:56.971444+00	85	4
1238	631	352	18.00	298	333	47.00	4.1	7.4	1.59	00:35:02	9.4	494	399	4	6	44	2025-11-08 02:01:56.975264+00	2025-11-08 02:01:56.975268+00	22	4
1239	472	439	18.00	227	245	48.00	3.5	5.9	1.44	00:32:53	9.6	473	421	10	181	87	2025-11-08 02:01:56.979388+00	2025-11-08 02:01:56.979392+00	41	4
1240	726	260	17.00	349	377	48.00	2.4	8.4	1.58	00:34:39	7.8	325	357	-3	-231	-94	2025-11-08 02:01:56.983119+00	2025-11-08 02:01:56.983123+00	87	4
1241	482	415	17.00	234	248	49.00	3.4	7.2	1.52	00:34:38	2.1	86	258	-2	-168	-130	2025-11-08 02:01:56.987441+00	2025-11-08 02:01:56.987445+00	124	4
1242	323	467	15.00	140	183	43.00	3.6	4.6	1.59	00:35:29	9.9	610	424	-3	-185	-163	2025-11-08 02:01:56.991631+00	2025-11-08 02:01:56.991635+00	119	4
1243	264	503	15.00	141	123	53.00	3.8	7	1.73	00:34:07	8.3	517	390	0	124	216	2025-11-08 02:01:56.995402+00	2025-11-08 02:01:56.995406+00	82	4
1244	279	471	14.00	152	127	54.00	2.7	6.5	1.76	00:33:37	9.2	554	411	13	415	98	2025-11-08 02:01:56.99968+00	2025-11-08 02:01:56.999685+00	12	4
1245	365	318	13.00	178	187	49.00	3.3	5	1.56	00:32:42	6.9	387	384	12	290	423	2025-11-08 02:01:57.003422+00	2025-11-08 02:01:57.003426+00	152	4
1246	118	511	13.00	56	62	47.00	3.1	3.9	1.63	00:34:09	8.5	420	391	0	129	50	2025-11-08 02:01:57.007386+00	2025-11-08 02:01:57.007391+00	46	4
1247	229	396	12.00	103	126	45.00	2.2	7.9	1.53	00:33:02	8.4	349	387	7	171	4	2025-11-08 02:01:57.011217+00	2025-11-08 02:01:57.011227+00	95	4
1248	292	318	11.00	155	137	53.00	3.4	5.8	1.68	00:35:25	9.3	490	404	-5	-182	-2	2025-11-08 02:01:57.015337+00	2025-11-08 02:01:57.015343+00	164	4
1249	297	260	10.00	146	151	49.00	4.6	5.9	1.7	00:33:44	6.1	344	334	-4	-106	-25	2025-11-08 02:01:57.019294+00	2025-11-08 02:01:57.019299+00	63	4
1250	304	222	10.00	148	156	49.00	3.2	6.6	1.48	00:33:02	1.8	164	269	0	118	-117	2025-11-08 02:01:57.023172+00	2025-11-08 02:01:57.023176+00	84	4
1251	283	237	10.00	134	149	47.00	4.4	6	1.52	00:32:54	5.8	282	329	-4	-161	-5	2025-11-08 02:01:57.027068+00	2025-11-08 02:01:57.027073+00	66	4
1252	251	270	10.00	115	136	46.00	2.4	7.8	1.61	00:33:44	8.5	448	387	1	45	-63	2025-11-08 02:01:57.030842+00	2025-11-08 02:01:57.030846+00	103	4
1253	293	214	9.00	131	162	45.00	3.2	7.9	1.6	00:35:14	9.4	509	399	6	100	51	2025-11-08 02:01:57.034886+00	2025-11-08 02:01:57.034891+00	62	4
1254	314	210	9.00	145	169	46.00	3.2	7.2	1.79	00:34:03	1.1	138	246	-3	31	23	2025-11-08 02:01:57.038543+00	2025-11-08 02:01:57.038547+00	100	4
1255	356	164	9.00	169	187	47.00	4.9	7.3	1.69	00:34:38	9.5	540	413	0	-93	-30	2025-11-08 02:01:57.042545+00	2025-11-08 02:01:57.04255+00	37	4
1256	201	253	9.00	97	104	48.00	3	5.1	1.71	00:33:34	8.5	404	385	6	244	147	2025-11-08 02:01:57.046831+00	2025-11-08 02:01:57.046837+00	134	4
1257	269	187	9.00	123	146	46.00	2.4	6.2	1.47	00:32:45	5.1	257	329	-6	-153	-303	2025-11-08 02:01:57.050515+00	2025-11-08 02:01:57.050519+00	16	4
1258	332	153	8.00	172	160	52.00	3.8	7.7	1.74	00:33:56	9.6	526	416	-1	-103	-102	2025-11-08 02:01:57.054936+00	2025-11-08 02:01:57.054941+00	48	4
1259	174	261	8.00	74	100	43.00	2.1	7.6	1.58	00:33:22	9.5	433	421	1	289	83	2025-11-08 02:01:57.058893+00	2025-11-08 02:01:57.058901+00	73	4
1260	266	185	8.00	101	165	38.00	2.2	7.7	1.53	00:33:54	6.8	231	354	2	-32	44	2025-11-08 02:01:57.063102+00	2025-11-08 02:01:57.063106+00	42	4
1261	228	186	8.00	107	121	47.00	3.8	8	1.5	00:34:14	0.9	174	256	-18	-106	-109	2025-11-08 02:01:57.066886+00	2025-11-08 02:01:57.066891+00	128	4
1262	291	138	8.00	136	155	47.00	3.6	6.9	1.58	00:35:07	10.4	646	434	4	238	51	2025-11-08 02:01:57.071041+00	2025-11-08 02:01:57.071046+00	14	4
1263	266	125	7.00	132	134	50.00	2.9	7.2	1.73	00:34:20	7.2	335	345	-5	-120	-59	2025-11-08 02:01:57.075262+00	2025-11-08 02:01:57.075266+00	9	4
1264	166	170	6.00	77	89	46.00	2.4	7	1.45	00:32:31	1.1	281	249	-9	-52	-74	2025-11-08 02:01:57.079428+00	2025-11-08 02:01:57.079432+00	117	4
1265	143	174	6.00	81	62	57.00	3.7	5.5	1.7	00:33:37	6.2	376	372	12	501	685	2025-11-08 02:01:57.083406+00	2025-11-08 02:01:57.08341+00	71	4
1266	93	189	6.00	45	48	48.00	3	4.2	1.38	00:33:48	8.5	636	385	1	39	90	2025-11-08 02:01:57.087188+00	2025-11-08 02:01:57.087193+00	156	4
1267	113	166	5.00	62	51	55.00	5.5	5.4	1.55	00:35:49	9.5	459	406	0	60	184	2025-11-08 02:01:57.091146+00	2025-11-08 02:01:57.09115+00	137	4
1268	219	95	5.00	100	119	46.00	2.9	7	1.7	00:33:09	4.9	218	328	-4	-5	-74	2025-11-08 02:01:57.095031+00	2025-11-08 02:01:57.095037+00	80	4
1269	161	117	5.00	80	81	50.00	3.2	7.4	1.59	00:34:53	8	519	374	4	163	133	2025-11-08 02:01:57.099349+00	2025-11-08 02:01:57.099354+00	3	4
1270	142	130	5.00	69	73	49.00	4	5.4	1.6	00:34:03	8.5	374	391	-2	17	-69	2025-11-08 02:01:57.103672+00	2025-11-08 02:01:57.103678+00	133	4
1271	88	162	5.00	53	35	60.00	3.4	5.6	1.4	00:34:01	9.9	448	437	13	434	785	2025-11-08 02:01:57.107507+00	2025-11-08 02:01:57.107511+00	138	4
1272	186	89	5.00	102	84	55.00	2.7	7.5	1.56	00:34:35	2	125	260	12	-22	4	2025-11-08 02:01:57.111558+00	2025-11-08 02:01:57.111562+00	31	4
1273	122	119	5.00	57	65	47.00	4.4	5.9	1.65	00:34:33	4.1	330	298	-10	-195	202	2025-11-08 02:01:57.115384+00	2025-11-08 02:01:57.115388+00	145	4
1274	79	145	4.00	48	31	61.00	3.8	3.9	1.7	00:32:15	9.3	535	466	12	790	226	2025-11-08 02:01:57.119794+00	2025-11-08 02:01:57.119799+00	75	4
1275	127	112	4.00	63	64	50.00	4.3	6.4	1.78	00:36:41	8.8	655	389	5	114	187	2025-11-08 02:01:57.124166+00	2025-11-08 02:01:57.124171+00	149	4
1276	115	113	4.00	68	47	59.00	3.7	7.6	1.67	00:31:36	8.4	382	376	-3	-63	43	2025-11-08 02:01:57.127925+00	2025-11-08 02:01:57.127929+00	166	4
1277	205	40	4.00	99	106	48.00	2.6	8.4	1.65	00:34:15	7.2	354	335	-9	-287	-160	2025-11-08 02:01:57.131862+00	2025-11-08 02:01:57.131866+00	27	4
1278	115	105	4.00	46	69	40.00	3.6	8.1	1.72	00:33:44	9.3	498	403	-5	-328	-129	2025-11-08 02:01:57.135479+00	2025-11-08 02:01:57.135484+00	153	4
1279	114	86	4.00	59	55	52.00	3.7	7.5	1.51	00:33:01	0.6	200	239	-14	-171	-22	2025-11-08 02:01:57.139486+00	2025-11-08 02:01:57.139492+00	140	4
1280	136	63	4.00	60	76	44.00	4	7.8	1.68	00:36:13	10.8	590	438	-2	-250	-21	2025-11-08 02:01:57.143937+00	2025-11-08 02:01:57.143943+00	50	4
1281	81	100	3.00	48	33	59.00	4	5.3	1.59	00:31:13	7.9	366	389	-2	44	542	2025-11-08 02:01:57.148319+00	2025-11-08 02:01:57.148323+00	121	4
1282	68	77	3.00	28	40	41.00	2.2	6.5	1.65	00:36:48	5.9	255	346	7	171	166	2025-11-08 02:01:57.152874+00	2025-11-08 02:01:57.152879+00	144	4
1283	65	67	3.00	33	32	51.00	3.1	4.6	1.28	00:34:34	3.5	94	289	-25	-600	-480	2025-11-08 02:01:57.156703+00	2025-11-08 02:01:57.156708+00	131	4
1284	82	53	3.00	32	50	39.00	2	8.1	1.43	00:31:54	9	364	399	10	269	49	2025-11-08 02:01:57.161341+00	2025-11-08 02:01:57.161346+00	38	4
1285	100	45	2.00	49	51	49.00	2.8	6.5	1.68	00:34:24	5.2	222	333	3	152	44	2025-11-08 02:01:57.16648+00	2025-11-08 02:01:57.166486+00	116	4
1286	59	71	2.00	29	30	49.00	4.8	6.6	1.63	00:34:34	8.9	495	398	-4	64	-43	2025-11-08 02:01:57.171147+00	2025-11-08 02:01:57.171154+00	125	4
1287	61	55	2.00	32	29	52.00	4.3	6.1	1.33	00:33:53	8.8	468	397	-11	-269	-178	2025-11-08 02:01:57.17551+00	2025-11-08 02:01:57.175515+00	148	4
1288	68	52	2.00	36	32	53.00	3.3	7.9	1.57	00:32:01	8.8	407	386	16	308	421	2025-11-08 02:01:57.180034+00	2025-11-08 02:01:57.180039+00	143	4
1289	95	28	2.00	37	58	39.00	3.1	6.8	1.48	00:34:06	9.3	590	396	1	-14	77	2025-11-08 02:01:57.18423+00	2025-11-08 02:01:57.184236+00	35	4
1290	39	63	2.00	16	23	41.00	1.1	8.1	1.33	00:34:39	8.9	535	388	11	68	-11	2025-11-08 02:01:57.188361+00	2025-11-08 02:01:57.188366+00	157	4
1291	28	73	2.00	9	19	32.00	2.5	3.8	1.43	00:28:56	10.5	456	460	55	823	1013	2025-11-08 02:01:57.192372+00	2025-11-08 02:01:57.192378+00	170	4
1292	64	38	2.00	33	31	52.00	3.6	7.1	1.36	00:35:25	9.4	729	403	2	-48	-8	2025-11-08 02:01:57.196559+00	2025-11-08 02:01:57.196564+00	68	4
1293	32	68	2.00	13	19	41.00	2.4	3.7	1.69	00:36:02	4.9	360	330	-4	117	324	2025-11-08 02:01:57.20125+00	2025-11-08 02:01:57.201255+00	160	4
1294	70	37	2.00	36	34	51.00	4.6	7.3	1.81	00:34:10	10.6	648	450	0	53	-26	2025-11-08 02:01:57.204972+00	2025-11-08 02:01:57.204977+00	70	4
1295	44	50	2.00	20	24	45.00	4.8	4.6	1.45	00:36:10	8.3	776	385	-5	-60	-113	2025-11-08 02:01:57.209182+00	2025-11-08 02:01:57.209187+00	129	4
1296	70	39	2.00	34	36	49.00	3.9	6.4	1.93	00:34:55	8.3	551	395	-2	15	22	2025-11-08 02:01:57.213205+00	2025-11-08 02:01:57.213211+00	33	4
1297	39	47	2.00	20	19	51.00	2.6	5.2	1.44	00:33:18	9.4	366	416	3	-189	-60	2025-11-08 02:01:57.217022+00	2025-11-08 02:01:57.217027+00	123	4
1298	43	38	2.00	22	21	51.00	3.1	5.4	1.21	00:34:59	5.5	529	336	-5	84	122	2025-11-08 02:01:57.221372+00	2025-11-08 02:01:57.221377+00	127	4
1299	53	32	1.00	21	32	40.00	2.5	5.3	1.64	00:32:41	9.8	701	422	33	648	1068	2025-11-08 02:01:57.225337+00	2025-11-08 02:01:57.225342+00	115	4
1300	52	27	1.00	22	30	42.00	2.4	8.2	1.44	00:33:56	8.1	368	363	-14	-639	-347	2025-11-08 02:01:57.229362+00	2025-11-08 02:01:57.229367+00	102	4
1301	63	23	1.00	32	31	51.00	3.3	7.3	1.71	00:34:02	9.8	562	433	0	-301	-22	2025-11-08 02:01:57.233485+00	2025-11-08 02:01:57.233494+00	132	4
1302	49	22	1.00	23	26	47.00	3.2	7	1.51	00:33:34	8.9	447	413	0	233	192	2025-11-08 02:01:57.237824+00	2025-11-08 02:01:57.237828+00	154	4
1303	29	37	1.00	16	13	55.00	3.2	7.4	1.59	00:33:59	8.4	416	400	-2	-62	182	2025-11-08 02:01:57.242119+00	2025-11-08 02:01:57.242124+00	171	4
1304	51	21	1.00	23	28	45.00	3	7.2	1.78	00:33:37	1	248	257	-18	-86	148	2025-11-08 02:01:57.245968+00	2025-11-08 02:01:57.245973+00	58	4
1305	37	24	1.00	10	27	27.00	2.3	8.2	1.49	00:35:40	6.6	287	352	25	470	730	2025-11-08 02:01:57.2502+00	2025-11-08 02:01:57.250205+00	151	4
1306	50	8	1.00	29	21	58.00	4.3	7.6	1.36	00:33:06	0.5	170	246	-13	-91	34	2025-11-08 02:01:57.254164+00	2025-11-08 02:01:57.254168+00	92	4
1307	42	15	1.00	19	23	45.00	2.6	7.9	1.36	00:34:33	1.5	150	242	1	-35	-260	2025-11-08 02:01:57.258498+00	2025-11-08 02:01:57.258506+00	88	4
1308	27	25	1.00	14	13	52.00	3	4.9	1.67	00:36:48	8.4	523	391	-10	-397	-72	2025-11-08 02:01:57.262679+00	2025-11-08 02:01:57.262685+00	32	4
1309	37	12	1.00	15	22	41.00	2.2	8.4	1.46	00:32:11	4.7	315	322	-6	-217	-231	2025-11-08 02:01:57.266702+00	2025-11-08 02:01:57.266707+00	79	4
1310	26	19	1.00	13	13	50.00	4.5	5.5	1.62	00:37:59	4.1	168	297	-5	-24	7	2025-11-08 02:01:57.270936+00	2025-11-08 02:01:57.27094+00	59	4
1311	33	10	1.00	18	15	55.00	5	7.7	1.39	00:31:46	9	433	433	0	692	222	2025-11-08 02:01:57.274995+00	2025-11-08 02:01:57.274999+00	101	4
1312	34	5	1.00	12	22	35.00	2.4	4.4	1.65	00:32:17	3.4	186	267	5	-142	-104	2025-11-08 02:01:57.279197+00	2025-11-08 02:01:57.279201+00	17	4
1313	14	17	1.00	5	9	36.00	1.6	6.5	1.14	00:36:12	9.5	470	400	6	-183	31	2025-11-08 02:01:57.283346+00	2025-11-08 02:01:57.283352+00	56	4
1314	16	15	1.00	8	8	50.00	3.6	8.3	1.5	00:32:58	8.5	529	424	7	573	413	2025-11-08 02:01:57.287463+00	2025-11-08 02:01:57.287468+00	86	4
1315	25	9	1.00	11	14	44.00	4.1	7.2	1.84	00:34:08	9.1	572	414	-10	-426	-188	2025-11-08 02:01:57.292079+00	2025-11-08 02:01:57.292084+00	135	4
1316	20	12	1.00	7	13	35.00	2.2	7.9	1.7	00:35:46	9.3	509	410	-3	-161	55	2025-11-08 02:01:57.295761+00	2025-11-08 02:01:57.295766+00	161	4
1317	18	7	0.00	12	6	67.00	2.5	7.4	1.56	00:33:23	6.7	348	379	5	210	394	2025-11-08 02:01:57.300026+00	2025-11-08 02:01:57.300031+00	159	4
1318	16	7	0.00	8	8	50.00	2.3	6.9	1.5	00:34:40	4.8	208	330	6	93	-4	2025-11-08 02:01:57.304616+00	2025-11-08 02:01:57.304621+00	126	4
1319	16	5	0.00	6	10	38.00	2	8	1.69	00:31:14	5.6	291	336	-9	-82	-199	2025-11-08 02:01:57.308589+00	2025-11-08 02:01:57.308598+00	118	4
1320	20	4	0.00	8	12	40.00	1.6	8.8	1.95	00:31:36	1	391	266	-8	-94	-156	2025-11-08 02:01:57.312939+00	2025-11-08 02:01:57.312944+00	49	4
1321	3	13	0.00	2	1	67.00	3.9	3.6	1.67	00:28:26	7.7	457	395	-20	-363	-430	2025-11-08 02:01:57.316898+00	2025-11-08 02:01:57.316902+00	158	4
1322	11	3	0.00	5	6	45.00	1.8	8.7	1.18	00:31:38	9.1	459	402	-2	-519	-163	2025-11-08 02:01:57.320799+00	2025-11-08 02:01:57.320803+00	163	4
1323	7	7	0.00	4	3	57.00	3.2	4.9	1.57	00:31:07	12.6	435	499	40	816	1130	2025-11-08 02:01:57.325248+00	2025-11-08 02:01:57.325253+00	162	4
1324	9	1	0.00	6	3	67.00	2.6	8	1.67	00:34:27	8.1	413	397	-18	-287	-457	2025-11-08 02:01:57.329513+00	2025-11-08 02:01:57.329518+00	25	4
1325	6	3	0.00	3	3	50.00	2.2	4	1.67	00:34:30	5.7	247	306	-1	24	-358	2025-11-08 02:01:57.333474+00	2025-11-08 02:01:57.333479+00	98	4
1326	6	1	0.00	3	3	50.00	4.1	9	1.33	00:31:22	6.2	452	356	18	828	858	2025-11-08 02:01:57.337084+00	2025-11-08 02:01:57.337088+00	114	4
1327	6	1	0.00	5	1	83.00	2.6	9	2	00:34:53	9.5	736	425	14	632	549	2025-11-08 02:01:57.341457+00	2025-11-08 02:01:57.341462+00	150	4
1328	4	1	0.00	2	2	50.00	2.8	1	1	00:33:15	6.4	353	365	-27	-129	-995	2025-11-08 02:01:57.34574+00	2025-11-08 02:01:57.345746+00	6	4
1329	2	3	0.00	2	0	100.00	6	6.3	1	00:33:19	0.7	333	314	-10	292	-170	2025-11-08 02:01:57.349648+00	2025-11-08 02:01:57.349653+00	165	4
1330	2	2	0.00	0	2	0.00	2.1	3.5	1	00:28:08	7.6	502	395	12	-350	-102	2025-11-08 02:01:57.353694+00	2025-11-08 02:01:57.353699+00	107	4
1331	2	2	0.00	0	2	0.00	1.9	7.5	1	00:29:30	4.7	121	295	8	-400	-289	2025-11-08 02:01:57.357286+00	2025-11-08 02:01:57.35729+00	104	4
1332	1	1	0.00	0	1	0.00	0.2	5	1	00:27:05	7.3	305	334	-10	-496	-1203	2025-11-08 02:01:57.361327+00	2025-11-08 02:01:57.361332+00	52	4
1333	2	1	0.00	2	0	100.00	2.9	2	2.5	00:37:32	6.2	587	462	25	1520	1722	2025-11-08 02:01:57.364706+00	2025-11-08 02:01:57.36471+00	155	4
1334	1	1	0.00	0	1	0.00	1	3	2	00:26:51	4.5	145	272	-45	-775	-1575	2025-11-08 02:01:57.368579+00	2025-11-08 02:01:57.368583+00	113	4
1335	1	1	0.00	0	1	0.00	0.4	3	2	00:31:33	3.7	264	275	1	-2450	-632	2025-11-08 02:01:57.372592+00	2025-11-08 02:01:57.372596+00	2	4
1336	2	0	0.00	2	0	100.00	2.9	0	2	00:32:55	5.2	647	401	3	796	557	2025-11-08 02:01:57.376753+00	2025-11-08 02:01:57.376759+00	169	4
1337	1	0	0.00	1	0	100.00	5	0	1	00:33:28	12.1	569	509	23	550	1078	2025-11-08 02:01:57.380738+00	2025-11-08 02:01:57.380744+00	147	4
1338	1	0	0.00	1	0	100.00	4	0	4	00:32:55	11.1	498	504	-7	535	226	2025-11-08 02:01:57.384885+00	2025-11-08 02:01:57.384891+00	136	4
1339	0	0	0.00	0	0	0.00	0	0	0	\N	0	0	0	0	0	0	2025-11-08 02:01:57.389058+00	2025-11-08 02:01:57.389063+00	23	4
1340	0	0	0.00	0	0	0.00	0	0	0	\N	0	0	0	0	0	0	2025-11-08 02:01:57.393227+00	2025-11-08 02:01:57.393232+00	47	4
1341	0	0	0.00	0	0	0.00	0	0	0	\N	0	0	0	0	0	0	2025-11-08 02:01:57.397508+00	2025-11-08 02:01:57.397513+00	142	4
1342	0	0	0.00	0	0	0.00	0	0	0	\N	0	0	0	0	0	0	2025-11-08 02:01:57.401861+00	2025-11-08 02:01:57.401866+00	90	4
1343	0	0	0.00	0	0	0.00	0	0	0	\N	0	0	0	0	0	0	2025-11-08 02:01:57.405952+00	2025-11-08 02:01:57.405957+00	67	4
1344	0	0	0.00	0	0	0.00	0	0	0	\N	0	0	0	0	0	0	2025-11-08 02:01:57.410078+00	2025-11-08 02:01:57.410082+00	89	4
1345	0	0	0.00	0	0	0.00	0	0	0	\N	0	0	0	0	0	0	2025-11-08 02:01:57.413935+00	2025-11-08 02:01:57.41394+00	109	4
1346	0	0	0.00	0	0	0.00	0	0	0	\N	0	0	0	0	0	0	2025-11-08 02:01:57.418232+00	2025-11-08 02:01:57.418237+00	65	4
1347	0	0	0.00	0	0	0.00	0	0	0	\N	0	0	0	0	0	0	2025-11-08 02:01:57.422659+00	2025-11-08 02:01:57.422665+00	18	4
1348	0	0	0.00	0	0	0.00	0	0	0	\N	0	0	0	0	0	0	2025-11-08 02:01:57.426795+00	2025-11-08 02:01:57.426799+00	167	4
1349	0	0	0.00	0	0	0.00	0	0	0	\N	0	0	0	0	0	0	2025-11-08 02:01:57.431157+00	2025-11-08 02:01:57.431161+00	97	4
1350	0	0	0.00	0	0	0.00	0	0	0	\N	0	0	0	0	0	0	2025-11-08 02:01:57.435844+00	2025-11-08 02:01:57.435855+00	10	4
1351	0	0	0.00	0	0	0.00	0	0	0	\N	0	0	0	0	0	0	2025-11-08 02:01:57.440336+00	2025-11-08 02:01:57.440341+00	54	4
1352	0	0	0.00	0	0	0.00	0	0	0	\N	0	0	0	0	0	0	2025-11-08 02:01:57.445126+00	2025-11-08 02:01:57.44513+00	5	4
1353	0	0	0.00	0	0	0.00	0	0	0	\N	0	0	0	0	0	0	2025-11-08 02:01:57.449225+00	2025-11-08 02:01:57.449229+00	120	4
1354	0	0	0.00	0	0	0.00	0	0	0	\N	0	0	0	0	0	0	2025-11-08 02:01:57.453715+00	2025-11-08 02:01:57.45372+00	146	4
1355	0	0	0.00	0	0	0.00	0	0	0	\N	0	0	0	0	0	0	2025-11-08 02:01:57.458102+00	2025-11-08 02:01:57.458107+00	78	4
1356	0	0	0.00	0	0	0.00	0	0	0	\N	0	0	0	0	0	0	2025-11-08 02:01:57.462396+00	2025-11-08 02:01:57.4624+00	55	4
1357	0	0	0.00	0	0	0.00	0	0	0	\N	0	0	0	0	0	0	2025-11-08 02:01:57.466395+00	2025-11-08 02:01:57.4664+00	106	4
1358	0	0	0.00	0	0	0.00	0	0	0	\N	0	0	0	0	0	0	2025-11-08 02:01:57.470572+00	2025-11-08 02:01:57.470578+00	139	4
1359	0	0	0.00	0	0	0.00	0	0	0	\N	0	0	0	0	0	0	2025-11-08 02:01:57.474788+00	2025-11-08 02:01:57.474794+00	28	4
1360	0	0	0.00	0	0	0.00	0	0	0	\N	0	0	0	0	0	0	2025-11-08 02:01:57.479023+00	2025-11-08 02:01:57.479028+00	108	4
1361	0	0	0.00	0	0	0.00	0	0	0	\N	0	0	0	0	0	0	2025-11-08 02:01:57.483247+00	2025-11-08 02:01:57.483252+00	34	4
1362	0	0	0.00	0	0	0.00	0	0	0	\N	0	0	0	0	0	0	2025-11-08 02:01:57.487692+00	2025-11-08 02:01:57.487703+00	168	4
1363	0	0	0.00	0	0	0.00	0	0	0	\N	0	0	0	0	0	0	2025-11-08 02:01:57.492054+00	2025-11-08 02:01:57.492059+00	64	4
1364	0	0	0.00	0	0	0.00	0	0	0	\N	0	0	0	0	0	0	2025-11-08 02:01:57.496158+00	2025-11-08 02:01:57.496163+00	77	4
1365	0	0	0.00	0	0	0.00	0	0	0	\N	0	0	0	0	0	0	2025-11-08 02:01:57.500279+00	2025-11-08 02:01:57.500284+00	21	4
1366	0	0	0.00	0	0	0.00	0	0	0	\N	0	0	0	0	0	0	2025-11-08 02:01:57.504358+00	2025-11-08 02:01:57.504362+00	8	4
1367	0	0	0.00	0	0	0.00	0	0	0	\N	0	0	0	0	0	0	2025-11-08 02:01:57.508741+00	2025-11-08 02:01:57.508746+00	74	4
1368	0	0	0.00	0	0	0.00	0	0	0	\N	0	0	0	0	0	0	2025-11-08 02:01:57.513398+00	2025-11-08 02:01:57.513405+00	45	4
1369	297	1718	62.00	157	140	53.00	4	4.4	1.69	00:34:54	7.9	548	389	1	224	250	2025-11-08 02:02:02.035837+00	2025-11-08 02:02:02.035845+00	82	3
1370	751	1193	56.00	404	347	54.00	3.3	6.1	1.75	00:36:45	9.1	545	407	6	165	34	2025-11-08 02:02:02.040472+00	2025-11-08 02:02:02.040477+00	62	3
1371	760	1147	54.00	402	358	53.00	2.8	4.6	1.79	00:36:04	4.3	321	341	-5	49	-125	2025-11-08 02:02:02.044501+00	2025-11-08 02:02:02.044506+00	79	3
1372	668	1015	48.00	336	332	50.00	3.9	5.3	1.73	00:36:43	8.1	325	370	-7	-237	-98	2025-11-08 02:02:02.049033+00	2025-11-08 02:02:02.049038+00	81	3
1373	1060	715	47.00	507	553	48.00	3.6	5	1.75	00:36:41	8.8	506	397	2	48	-12	2025-11-08 02:02:02.053423+00	2025-11-08 02:02:02.053427+00	1	3
1374	353	1199	47.00	196	157	56.00	2.8	4.4	1.79	00:34:54	8	403	388	-3	2	-27	2025-11-08 02:02:02.057429+00	2025-11-08 02:02:02.057435+00	72	3
1375	658	966	46.00	324	334	49.00	3.2	4.6	1.73	00:36:04	9.4	522	411	4	137	-7	2025-11-08 02:02:02.062343+00	2025-11-08 02:02:02.062348+00	69	3
1376	790	841	45.00	416	374	53.00	3.4	5.3	1.78	00:35:37	1.1	124	256	3	7	-9	2025-11-08 02:02:02.066718+00	2025-11-08 02:02:02.066728+00	100	3
1377	867	681	42.00	426	441	49.00	3.8	7	1.75	00:36:27	9	501	403	3	34	36	2025-11-08 02:02:02.070902+00	2025-11-08 02:02:02.070907+00	22	3
1378	167	1142	41.00	102	65	61.00	4.9	3.5	1.83	00:34:40	4.3	205	332	1	-134	-32	2025-11-08 02:02:02.075678+00	2025-11-08 02:02:02.075682+00	105	3
1379	626	793	40.00	297	329	47.00	2.5	5.4	1.77	00:36:24	8.1	569	374	2	42	-11	2025-11-08 02:02:02.080073+00	2025-11-08 02:02:02.080078+00	3	3
1380	406	900	38.00	199	207	49.00	2.8	5	1.74	00:36:07	8.6	569	394	5	149	3	2025-11-08 02:02:02.084381+00	2025-11-08 02:02:02.084385+00	12	3
1381	461	859	38.00	247	214	54.00	2.8	4.2	1.79	00:36:02	5.2	288	354	10	146	83	2025-11-08 02:02:02.08925+00	2025-11-08 02:02:02.089255+00	144	3
1382	1083	423	37.00	545	538	50.00	3.3	5.5	1.84	00:35:42	5.2	282	331	-2	-174	-75	2025-11-08 02:02:02.093382+00	2025-11-08 02:02:02.093387+00	76	3
1383	429	827	37.00	223	206	52.00	3.9	4.4	1.74	00:35:07	7.4	350	355	-5	-85	-60	2025-11-08 02:02:02.097961+00	2025-11-08 02:02:02.097966+00	40	3
1384	995	403	35.00	496	499	50.00	3.8	6.3	1.77	00:36:20	8.7	435	396	0	-11	-24	2025-11-08 02:02:02.102528+00	2025-11-08 02:02:02.102535+00	48	3
1385	550	646	33.00	255	295	46.00	2.6	5.5	1.73	00:37:30	0.8	369	273	-6	71	40	2025-11-08 02:02:02.10656+00	2025-11-08 02:02:02.106565+00	49	3
1386	570	638	33.00	288	282	51.00	3.8	5.9	1.82	00:35:52	8.8	588	403	-3	0	-14	2025-11-08 02:02:02.111236+00	2025-11-08 02:02:02.111241+00	7	3
1387	469	703	33.00	249	220	53.00	3.5	6.8	1.82	00:35:49	8.6	478	399	4	60	-16	2025-11-08 02:02:02.115693+00	2025-11-08 02:02:02.115702+00	85	3
1388	414	736	33.00	235	179	57.00	2.7	3.9	1.8	00:37:32	1.8	300	291	-2	-15	-26	2025-11-08 02:02:02.11975+00	2025-11-08 02:02:02.119754+00	164	3
1389	842	424	33.00	383	459	45.00	3.7	6.4	1.77	00:36:17	1.8	213	268	-2	-102	-50	2025-11-08 02:02:02.124521+00	2025-11-08 02:02:02.124526+00	63	3
1390	455	672	32.00	244	211	54.00	3.9	4.2	1.72	00:34:56	9.1	435	419	4	144	8	2025-11-08 02:02:02.12873+00	2025-11-08 02:02:02.128735+00	15	3
1391	825	387	31.00	401	424	49.00	3	5.6	1.8	00:36:27	4.3	232	335	-1	23	-78	2025-11-08 02:02:02.13327+00	2025-11-08 02:02:02.133275+00	80	3
1392	772	390	30.00	396	376	51.00	3.3	5.8	1.78	00:36:25	7	371	346	-3	-121	-84	2025-11-08 02:02:02.137878+00	2025-11-08 02:02:02.137882+00	27	3
1393	722	413	30.00	349	373	48.00	3.8	6.2	1.76	00:36:09	0.8	128	264	-2	-83	-36	2025-11-08 02:02:02.142025+00	2025-11-08 02:02:02.14203+00	66	3
1394	811	322	29.00	424	387	52.00	3.3	5.8	1.75	00:36:43	4.6	334	346	-3	-95	-91	2025-11-08 02:02:02.146299+00	2025-11-08 02:02:02.146303+00	141	3
1395	564	450	27.00	245	319	43.00	2.8	4.6	1.76	00:37:04	5.5	360	358	4	81	176	2025-11-08 02:02:02.150843+00	2025-11-08 02:02:02.150849+00	152	3
1396	699	308	26.00	374	325	54.00	3.6	5.5	1.81	00:35:21	6.8	318	359	-2	-33	-106	2025-11-08 02:02:02.154927+00	2025-11-08 02:02:02.154936+00	51	3
1397	538	413	25.00	263	275	49.00	2.7	7.6	1.78	00:36:09	8.9	361	391	12	473	303	2025-11-08 02:02:02.159498+00	2025-11-08 02:02:02.159502+00	38	3
1398	751	249	25.00	392	359	52.00	5.6	6.9	1.71	00:36:36	8.4	499	392	-2	-9	22	2025-11-08 02:02:02.163329+00	2025-11-08 02:02:02.163333+00	37	3
1399	269	585	25.00	115	154	43.00	2.2	5.5	1.75	00:34:51	8.4	442	391	6	142	78	2025-11-08 02:02:02.167549+00	2025-11-08 02:02:02.167555+00	103	3
1400	361	483	24.00	170	191	47.00	3.2	5.1	1.67	00:35:40	9	415	403	-2	-94	-83	2025-11-08 02:02:02.171898+00	2025-11-08 02:02:02.171903+00	43	3
1401	662	234	23.00	315	347	48.00	3.5	7.2	1.72	00:36:33	9.3	653	415	0	-38	-41	2025-11-08 02:02:02.17612+00	2025-11-08 02:02:02.176129+00	14	3
1402	448	365	22.00	221	227	49.00	2.7	6.9	1.72	00:36:24	1.5	125	260	8	8	20	2025-11-08 02:02:02.180353+00	2025-11-08 02:02:02.180357+00	122	3
1403	569	267	22.00	252	317	44.00	2.8	6	1.66	00:36:05	4.7	236	338	8	207	256	2025-11-08 02:02:02.184618+00	2025-11-08 02:02:02.184622+00	116	3
1404	649	228	22.00	331	318	51.00	3.4	7	1.8	00:35:29	1.4	143	264	5	-16	-24	2025-11-08 02:02:02.188667+00	2025-11-08 02:02:02.188671+00	24	3
1405	382	379	21.00	190	192	50.00	3.7	5.1	1.82	00:35:20	0.6	145	272	-10	-38	-33	2025-11-08 02:02:02.192779+00	2025-11-08 02:02:02.192786+00	19	3
1406	160	489	19.00	73	87	46.00	2	6.5	1.69	00:35:22	9.1	456	409	1	12	25	2025-11-08 02:02:02.19679+00	2025-11-08 02:02:02.196796+00	73	3
1407	435	266	18.00	209	226	48.00	4.1	4.9	1.86	00:35:38	9.4	559	414	-1	-13	50	2025-11-08 02:02:02.201273+00	2025-11-08 02:02:02.201278+00	44	3
1408	529	181	17.00	286	243	54.00	3.4	6.9	1.84	00:36:29	7	333	345	-2	-88	-35	2025-11-08 02:02:02.205429+00	2025-11-08 02:02:02.205434+00	17	3
1409	320	315	17.00	149	171	47.00	3.4	6.8	1.91	00:34:43	8.9	509	405	5	146	99	2025-11-08 02:02:02.209453+00	2025-11-08 02:02:02.209457+00	41	3
1410	303	310	17.00	143	160	47.00	3.3	5	1.85	00:36:04	9.1	634	404	-5	-318	-221	2025-11-08 02:02:02.214062+00	2025-11-08 02:02:02.214067+00	119	3
1411	454	191	16.00	236	218	52.00	4.3	5.6	1.93	00:34:56	9.7	576	429	-2	-71	20	2025-11-08 02:02:02.218062+00	2025-11-08 02:02:02.218067+00	60	3
1412	294	258	15.00	152	142	52.00	2.7	7.2	1.89	00:36:09	8.3	466	382	5	85	126	2025-11-08 02:02:02.222206+00	2025-11-08 02:02:02.22221+00	53	3
1413	254	253	14.00	134	120	53.00	2.9	5.4	1.89	00:35:05	7.3	378	359	-1	-129	40	2025-11-08 02:02:02.226173+00	2025-11-08 02:02:02.226178+00	87	3
1414	181	285	13.00	93	88	51.00	4.5	4.3	1.75	00:36:13	3.1	158	319	-17	-128	180	2025-11-08 02:02:02.230268+00	2025-11-08 02:02:02.230273+00	59	3
1415	163	291	13.00	86	77	53.00	3.8	6.2	1.8	00:33:55	8.2	535	392	-4	-169	-39	2025-11-08 02:02:02.234831+00	2025-11-08 02:02:02.234836+00	153	3
1416	246	213	12.00	129	117	52.00	3.3	6.6	1.75	00:35:18	8.3	388	378	-5	-127	-104	2025-11-08 02:02:02.238951+00	2025-11-08 02:02:02.238956+00	133	3
1417	299	156	12.00	149	150	50.00	4.1	5.5	1.92	00:35:34	4.2	235	324	-2	-38	34	2025-11-08 02:02:02.243055+00	2025-11-08 02:02:02.243059+00	29	3
1418	381	100	11.00	194	187	51.00	4.4	6.7	1.83	00:36:49	8.6	587	400	0	-21	32	2025-11-08 02:02:02.247249+00	2025-11-08 02:02:02.247254+00	13	3
1419	274	168	11.00	129	145	47.00	3.1	6.7	2.01	00:34:55	1.2	128	263	3	-27	-36	2025-11-08 02:02:02.251514+00	2025-11-08 02:02:02.251519+00	11	3
1420	169	185	10.00	65	104	38.00	2.6	7.1	1.89	00:35:27	8.5	527	378	0	-248	-282	2025-11-08 02:02:02.255459+00	2025-11-08 02:02:02.255464+00	110	3
1421	213	140	9.00	114	99	54.00	3.8	8.2	1.84	00:37:17	8.6	517	397	-5	-94	3	2025-11-08 02:02:02.259276+00	2025-11-08 02:02:02.25928+00	32	3
1422	184	149	9.00	108	76	59.00	4.5	6.1	1.77	00:35:23	8.6	601	412	-8	-224	-65	2025-11-08 02:02:02.263436+00	2025-11-08 02:02:02.26344+00	135	3
1423	146	161	9.00	90	56	62.00	3.3	7	1.67	00:34:41	1.2	157	276	2	125	-41	2025-11-08 02:02:02.26747+00	2025-11-08 02:02:02.267474+00	88	3
1424	96	199	9.00	57	39	59.00	3.4	5.5	1.92	00:35:20	8.1	398	388	0	89	202	2025-11-08 02:02:02.27161+00	2025-11-08 02:02:02.271615+00	171	3
1425	158	141	8.00	76	82	48.00	2.6	7.3	1.77	00:36:49	8.9	433	402	-2	-38	183	2025-11-08 02:02:02.275555+00	2025-11-08 02:02:02.275561+00	154	3
1426	150	141	8.00	74	76	49.00	3.2	5	1.71	00:36:32	4.7	297	337	5	16	9	2025-11-08 02:02:02.279515+00	2025-11-08 02:02:02.27952+00	83	3
1427	210	92	8.00	90	120	43.00	3.7	8.6	1.86	00:36:44	0.6	143	253	-2	-125	-48	2025-11-08 02:02:02.283746+00	2025-11-08 02:02:02.28375+00	92	3
1428	206	90	7.00	87	119	42.00	2.9	7.7	1.79	00:36:58	7.6	357	350	-5	-203	-105	2025-11-08 02:02:02.287846+00	2025-11-08 02:02:02.28785+00	9	3
1429	150	122	7.00	70	80	47.00	2.9	7	1.71	00:38:40	2.9	423	315	6	162	53	2025-11-08 02:02:02.292054+00	2025-11-08 02:02:02.292058+00	33	3
1430	164	93	7.00	106	58	65.00	5.8	6.2	1.77	00:35:31	0.6	68	315	-2	297	135	2025-11-08 02:02:02.296306+00	2025-11-08 02:02:02.296312+00	128	3
1431	228	54	7.00	92	136	40.00	2.9	8	1.79	00:36:55	9	609	394	-1	-233	-71	2025-11-08 02:02:02.300305+00	2025-11-08 02:02:02.300309+00	35	3
1432	91	129	6.00	41	50	45.00	2.1	7.4	1.71	00:34:28	8.7	377	396	3	136	60	2025-11-08 02:02:02.304623+00	2025-11-08 02:02:02.304629+00	42	3
1433	76	139	6.00	38	38	50.00	2.8	6.3	1.78	00:35:39	8.4	482	393	-7	-14	-109	2025-11-08 02:02:02.308587+00	2025-11-08 02:02:02.308591+00	138	3
1434	172	64	6.00	71	101	41.00	3.8	8.3	1.77	00:36:37	10	571	418	-1	-78	0	2025-11-08 02:02:02.313072+00	2025-11-08 02:02:02.313081+00	50	3
1435	133	80	5.00	71	62	53.00	3.5	8.1	1.85	00:35:05	0.7	231	267	-8	-104	156	2025-11-08 02:02:02.317495+00	2025-11-08 02:02:02.317504+00	58	3
1436	75	120	5.00	46	29	61.00	3.6	7.7	1.95	00:36:37	8.1	531	402	-9	-127	-100	2025-11-08 02:02:02.321445+00	2025-11-08 02:02:02.321451+00	86	3
1437	44	117	5.00	31	13	70.00	6.3	5	1.61	00:37:40	8.6	569	415	-9	82	-13	2025-11-08 02:02:02.326181+00	2025-11-08 02:02:02.32619+00	125	3
1438	110	72	5.00	56	54	51.00	3.3	8.4	1.86	00:36:27	6.3	269	344	8	212	101	2025-11-08 02:02:02.330288+00	2025-11-08 02:02:02.330293+00	39	3
1439	79	70	4.00	38	41	48.00	3.4	6.5	1.59	00:35:34	5.6	368	367	14	421	594	2025-11-08 02:02:02.334638+00	2025-11-08 02:02:02.334643+00	71	3
1440	103	57	4.00	56	47	54.00	4.1	7.5	1.83	00:35:39	0.8	217	291	-9	128	48	2025-11-08 02:02:02.338926+00	2025-11-08 02:02:02.338931+00	130	3
1441	68	76	4.00	33	35	49.00	3.3	5.1	1.76	00:37:15	8.9	595	400	-7	27	-7	2025-11-08 02:02:02.343188+00	2025-11-08 02:02:02.343197+00	68	3
1442	104	47	4.00	50	54	48.00	4.1	8.3	2	00:34:09	1	74	275	2	-73	87	2025-11-08 02:02:02.347294+00	2025-11-08 02:02:02.347298+00	124	3
1443	60	62	3.00	28	32	47.00	3.1	8	1.77	00:36:56	9.1	621	447	2	468	-85	2025-11-08 02:02:02.351397+00	2025-11-08 02:02:02.351402+00	112	3
1444	37	58	3.00	17	20	46.00	2.6	7.5	1.84	00:37:07	8	464	388	-6	-68	-30	2025-11-08 02:02:02.355502+00	2025-11-08 02:02:02.355506+00	158	3
1445	58	38	2.00	28	30	48.00	4.5	5.7	1.93	00:38:08	5.7	346	344	-3	-109	312	2025-11-08 02:02:02.359957+00	2025-11-08 02:02:02.359963+00	145	3
1446	37	38	2.00	16	21	43.00	2.4	7.5	1.57	00:37:27	0.7	448	274	-7	105	-12	2025-11-08 02:02:02.363972+00	2025-11-08 02:02:02.363977+00	127	3
1447	50	24	2.00	24	26	48.00	2.7	6.8	1.54	00:34:44	4.6	211	341	0	-30	18	2025-11-08 02:02:02.368221+00	2025-11-08 02:02:02.368226+00	126	3
1448	36	37	2.00	14	22	39.00	2.6	6.8	1.94	00:35:03	8.3	487	423	-14	388	-109	2025-11-08 02:02:02.372225+00	2025-11-08 02:02:02.372229+00	101	3
1449	36	31	2.00	17	19	47.00	2.8	5.1	1.78	00:34:27	5.2	395	356	16	99	192	2025-11-08 02:02:02.376387+00	2025-11-08 02:02:02.376392+00	118	3
1450	33	25	2.00	18	15	55.00	2.2	7.5	1.58	00:35:09	7.7	540	365	3	-62	11	2025-11-08 02:02:02.380869+00	2025-11-08 02:02:02.380873+00	111	3
1451	15	39	2.00	9	6	60.00	1.4	6.5	1.73	00:32:56	9.2	553	403	0	242	316	2025-11-08 02:02:02.384823+00	2025-11-08 02:02:02.384828+00	157	3
1452	23	34	2.00	11	12	48.00	2.5	6.7	1.83	00:38:53	6.4	354	332	-3	-83	-33	2025-11-08 02:02:02.389161+00	2025-11-08 02:02:02.389166+00	30	3
1453	39	21	2.00	17	22	44.00	3.2	5.1	1.72	00:35:44	3.5	161	317	-14	-386	-388	2025-11-08 02:02:02.393477+00	2025-11-08 02:02:02.393483+00	131	3
1454	22	28	1.00	9	13	41.00	3.1	6.4	1.64	00:35:25	8.4	539	390	-3	-89	324	2025-11-08 02:02:02.397425+00	2025-11-08 02:02:02.39743+00	137	3
1455	42	7	1.00	16	26	38.00	2.9	7.6	1.67	00:38:09	9	554	396	-2	-183	2	2025-11-08 02:02:02.402023+00	2025-11-08 02:02:02.402028+00	4	3
1456	25	20	1.00	13	12	52.00	3.1	7.7	1.8	00:37:04	7.6	374	359	1	56	386	2025-11-08 02:02:02.405901+00	2025-11-08 02:02:02.405906+00	166	3
1457	15	24	1.00	7	8	47.00	2.5	5.7	1.67	00:36:30	9	352	387	9	49	-353	2025-11-08 02:02:02.40999+00	2025-11-08 02:02:02.409994+00	96	3
1458	26	14	1.00	13	13	50.00	3.4	7.3	1.77	00:32:48	0.4	101	268	-3	-72	-62	2025-11-08 02:02:02.414211+00	2025-11-08 02:02:02.414229+00	140	3
1459	7	21	1.00	4	3	57.00	3.8	8.2	1.14	00:36:40	8.3	419	445	25	1108	552	2025-11-08 02:02:02.418447+00	2025-11-08 02:02:02.418452+00	95	3
1460	15	13	1.00	10	5	67.00	3.3	8.5	1.47	00:35:31	5.1	401	367	9	283	477	2025-11-08 02:02:02.42287+00	2025-11-08 02:02:02.422875+00	36	3
1461	18	9	1.00	8	10	44.00	3.1	6.7	1.44	00:34:44	8.3	407	420	-4	-88	-42	2025-11-08 02:02:02.426977+00	2025-11-08 02:02:02.426982+00	75	3
1462	15	9	1.00	7	8	47.00	7.6	7.1	2.27	00:36:24	7.6	727	379	0	7	184	2025-11-08 02:02:02.431015+00	2025-11-08 02:02:02.43102+00	149	3
1463	20	5	1.00	10	10	50.00	6	8	2.05	00:35:42	9.5	621	425	-3	-89	-117	2025-11-08 02:02:02.435141+00	2025-11-08 02:02:02.435147+00	70	3
1464	12	8	1.00	5	7	42.00	1.6	7.3	1.83	00:33:41	8.1	396	392	-1	-277	-144	2025-11-08 02:02:02.439229+00	2025-11-08 02:02:02.439234+00	46	3
1465	9	8	1.00	6	3	67.00	2.5	6	1.33	00:34:06	7.8	444	376	-10	178	78	2025-11-08 02:02:02.44401+00	2025-11-08 02:02:02.444016+00	121	3
1466	20	2	0.00	12	8	60.00	4.2	8.5	1.95	00:33:09	9	501	424	4	-289	68	2025-11-08 02:02:02.448426+00	2025-11-08 02:02:02.44843+00	132	3
1467	10	7	0.00	5	5	50.00	7.2	7.4	1.8	00:34:07	4.3	482	355	-1	320	201	2025-11-08 02:02:02.452718+00	2025-11-08 02:02:02.452723+00	160	3
1468	13	3	0.00	8	5	62.00	3.6	9	1.31	00:32:10	5.7	334	376	9	259	284	2025-11-08 02:02:02.456934+00	2025-11-08 02:02:02.456939+00	159	3
1469	17	4	0.00	13	4	76.00	4.5	8.3	1.94	00:34:46	1.4	109	283	12	337	366	2025-11-08 02:02:02.461113+00	2025-11-08 02:02:02.461117+00	31	3
1470	13	4	0.00	6	7	46.00	3.3	9.5	1.54	00:32:26	0.6	178	275	-2	-23	261	2025-11-08 02:02:02.465492+00	2025-11-08 02:02:02.465497+00	165	3
1471	9	6	0.00	6	3	67.00	2.8	4.5	1.44	00:37:04	4.1	227	341	-16	-229	-639	2025-11-08 02:02:02.469458+00	2025-11-08 02:02:02.469462+00	2	3
1472	11	6	0.00	4	7	36.00	2.7	8.3	2	00:35:16	7.8	422	357	3	-227	90	2025-11-08 02:02:02.473969+00	2025-11-08 02:02:02.473973+00	99	3
1473	14	4	0.00	5	9	36.00	3	9.5	2.07	00:37:35	8.8	492	394	-3	244	-145	2025-11-08 02:02:02.478596+00	2025-11-08 02:02:02.4786+00	143	3
1474	10	5	0.00	5	5	50.00	2.3	5.8	1.7	00:35:30	8.6	711	397	-5	-244	24	2025-11-08 02:02:02.48274+00	2025-11-08 02:02:02.482745+00	115	3
1475	5	6	0.00	1	4	20.00	2.3	3.7	1.4	00:40:26	7.4	591	369	-2	-67	-101	2025-11-08 02:02:02.487018+00	2025-11-08 02:02:02.487023+00	56	3
1476	9	4	0.00	5	4	56.00	2.5	8.5	2.33	00:29:34	7.4	359	373	0	-146	357	2025-11-08 02:02:02.491051+00	2025-11-08 02:02:02.491056+00	162	3
1477	5	4	0.00	3	2	60.00	3.3	9	1.4	00:29:36	9.3	598	431	-5	134	-41	2025-11-08 02:02:02.495225+00	2025-11-08 02:02:02.495229+00	163	3
1478	5	3	0.00	1	4	20.00	0.5	6.3	1.2	00:29:39	8.2	364	338	9	-276	-272	2025-11-08 02:02:02.499581+00	2025-11-08 02:02:02.499591+00	134	3
1479	6	1	0.00	0	6	0.00	1.2	9	1.17	00:30:31	4.8	249	302	-31	-703	-884	2025-11-08 02:02:02.503624+00	2025-11-08 02:02:02.503629+00	91	3
1480	8	1	0.00	3	5	38.00	1.7	7	1.75	00:31:31	7.5	375	355	-3	-417	-378	2025-11-08 02:02:02.507995+00	2025-11-08 02:02:02.507999+00	93	3
1481	4	2	0.00	3	1	75.00	5.7	8.5	1	00:33:17	4.2	249	328	3	240	239	2025-11-08 02:02:02.512541+00	2025-11-08 02:02:02.512546+00	169	3
1482	6	2	0.00	1	5	17.00	2	5.5	2.33	00:37:59	1.7	310	270	17	326	466	2025-11-08 02:02:02.516628+00	2025-11-08 02:02:02.516633+00	117	3
1483	2	4	0.00	0	2	0.00	1.1	4.8	3	00:35:33	7.8	374	357	-2	-268	-158	2025-11-08 02:02:02.521225+00	2025-11-08 02:02:02.52123+00	61	3
1484	5	2	0.00	1	4	20.00	3.9	8.5	2	00:39:36	7.9	923	377	-3	-164	7	2025-11-08 02:02:02.525225+00	2025-11-08 02:02:02.52523+00	129	3
1485	3	2	0.00	2	1	67.00	5.1	8.5	1	00:48:05	3.8	142	321	1	-112	208	2025-11-08 02:02:02.529454+00	2025-11-08 02:02:02.529458+00	20	3
1486	5	1	0.00	1	4	20.00	1.5	7	1.6	00:34:44	7.9	302	357	-5	-327	-127	2025-11-08 02:02:02.534326+00	2025-11-08 02:02:02.534331+00	123	3
1487	5	1	0.00	3	2	60.00	3.1	1	1.8	00:31:08	7.2	749	437	11	-281	71	2025-11-08 02:02:02.538344+00	2025-11-08 02:02:02.538349+00	156	3
1488	5	0	0.00	1	4	20.00	1.4	0	1.4	00:33:00	4.8	360	349	-6	-509	-211	2025-11-08 02:02:02.542581+00	2025-11-08 02:02:02.542586+00	155	3
1489	5	1	0.00	1	4	20.00	2.3	9	2.4	00:30:11	4	370	316	0	-315	-155	2025-11-08 02:02:02.547189+00	2025-11-08 02:02:02.547195+00	114	3
1490	1	2	0.00	0	1	0.00	3.4	5.5	1	00:33:07	4.9	311	374	-6	941	-1177	2025-11-08 02:02:02.551001+00	2025-11-08 02:02:02.551006+00	107	3
1491	4	0	0.00	1	3	25.00	1.1	0	1.5	00:35:24	5.2	306	326	-7	-404	-861	2025-11-08 02:02:02.555474+00	2025-11-08 02:02:02.555479+00	6	3
1492	1	2	0.00	0	1	0.00	1	9	2	00:42:46	4.6	184	274	16	-959	-1232	2025-11-08 02:02:02.559633+00	2025-11-08 02:02:02.559638+00	113	3
1493	1	1	0.00	0	1	0.00	2.4	10	1	00:33:35	2.9	334	325	-23	334	-849	2025-11-08 02:02:02.564158+00	2025-11-08 02:02:02.564163+00	98	3
1494	2	0	0.00	0	2	0.00	1.1	0	1.5	00:37:41	0.7	228	246	4	-223	102	2025-11-08 02:02:02.568591+00	2025-11-08 02:02:02.568597+00	52	3
1495	3	0	0.00	1	2	33.00	2.6	0	2	00:24:40	5.7	367	324	-5	-536	-491	2025-11-08 02:02:02.572607+00	2025-11-08 02:02:02.572612+00	102	3
1496	3	0	0.00	0	3	0.00	2.5	0	2	00:34:28	5.6	278	321	-5	-10	-468	2025-11-08 02:02:02.577234+00	2025-11-08 02:02:02.577238+00	151	3
1497	0	1	0.00	0	0	0.00	0	10	0	\N	0	0	0	0	0	0	2025-11-08 02:02:02.581516+00	2025-11-08 02:02:02.581522+00	136	3
1498	1	0	0.00	0	1	0.00	2.2	0	1	00:29:04	6.8	533	408	-9	-433	521	2025-11-08 02:02:02.585797+00	2025-11-08 02:02:02.585801+00	170	3
1499	1	0	0.00	0	1	0.00	0.6	0	1	00:26:54	3.3	153	258	-12	-1334	-538	2025-11-08 02:02:02.59043+00	2025-11-08 02:02:02.590435+00	16	3
1500	1	0	0.00	0	1	0.00	0.3	0	2	00:29:20	6.4	417	312	-29	-1791	-1484	2025-11-08 02:02:02.594571+00	2025-11-08 02:02:02.594575+00	150	3
1501	1	0	0.00	0	1	0.00	1.3	0	2	00:25:48	7.6	335	343	1	178	-237	2025-11-08 02:02:02.598978+00	2025-11-08 02:02:02.598982+00	25	3
1502	1	0	0.00	0	1	0.00	0.4	0	3	00:29:11	0.4	138	221	-16	-93	30	2025-11-08 02:02:02.603443+00	2025-11-08 02:02:02.603448+00	148	3
1503	0	0	0.00	0	0	0.00	0	0	0	\N	0	0	0	0	0	0	2025-11-08 02:02:02.607595+00	2025-11-08 02:02:02.6076+00	161	3
1504	0	0	0.00	0	0	0.00	0	0	0	\N	0	0	0	0	0	0	2025-11-08 02:02:02.611829+00	2025-11-08 02:02:02.611834+00	147	3
1505	0	0	0.00	0	0	0.00	0	0	0	\N	0	0	0	0	0	0	2025-11-08 02:02:02.616007+00	2025-11-08 02:02:02.616015+00	104	3
1506	0	0	0.00	0	0	0.00	0	0	0	\N	0	0	0	0	0	0	2025-11-08 02:02:02.620459+00	2025-11-08 02:02:02.620463+00	57	3
1507	0	0	0.00	0	0	0.00	0	0	0	\N	0	0	0	0	0	0	2025-11-08 02:02:02.625314+00	2025-11-08 02:02:02.625319+00	94	3
1508	0	0	0.00	0	0	0.00	0	0	0	\N	0	0	0	0	0	0	2025-11-08 02:02:02.629516+00	2025-11-08 02:02:02.62952+00	26	3
1509	0	0	0.00	0	0	0.00	0	0	0	\N	0	0	0	0	0	0	2025-11-08 02:02:02.63375+00	2025-11-08 02:02:02.633755+00	84	3
1510	0	0	0.00	0	0	0.00	0	0	0	\N	0	0	0	0	0	0	2025-11-08 02:02:02.638199+00	2025-11-08 02:02:02.638203+00	23	3
1511	0	0	0.00	0	0	0.00	0	0	0	\N	0	0	0	0	0	0	2025-11-08 02:02:02.642774+00	2025-11-08 02:02:02.642779+00	47	3
1512	0	0	0.00	0	0	0.00	0	0	0	\N	0	0	0	0	0	0	2025-11-08 02:02:02.647229+00	2025-11-08 02:02:02.647233+00	142	3
1513	0	0	0.00	0	0	0.00	0	0	0	\N	0	0	0	0	0	0	2025-11-08 02:02:02.652074+00	2025-11-08 02:02:02.652079+00	90	3
1514	0	0	0.00	0	0	0.00	0	0	0	\N	0	0	0	0	0	0	2025-11-08 02:02:02.656613+00	2025-11-08 02:02:02.656617+00	67	3
1515	0	0	0.00	0	0	0.00	0	0	0	\N	0	0	0	0	0	0	2025-11-08 02:02:02.661084+00	2025-11-08 02:02:02.661089+00	89	3
1516	0	0	0.00	0	0	0.00	0	0	0	\N	0	0	0	0	0	0	2025-11-08 02:02:02.66609+00	2025-11-08 02:02:02.666095+00	109	3
1517	0	0	0.00	0	0	0.00	0	0	0	\N	0	0	0	0	0	0	2025-11-08 02:02:02.6707+00	2025-11-08 02:02:02.670705+00	65	3
1518	0	0	0.00	0	0	0.00	0	0	0	\N	0	0	0	0	0	0	2025-11-08 02:02:02.675118+00	2025-11-08 02:02:02.675123+00	18	3
1519	0	0	0.00	0	0	0.00	0	0	0	\N	0	0	0	0	0	0	2025-11-08 02:02:02.679806+00	2025-11-08 02:02:02.67981+00	167	3
1520	0	0	0.00	0	0	0.00	0	0	0	\N	0	0	0	0	0	0	2025-11-08 02:02:02.684315+00	2025-11-08 02:02:02.68432+00	97	3
1521	0	0	0.00	0	0	0.00	0	0	0	\N	0	0	0	0	0	0	2025-11-08 02:02:02.688744+00	2025-11-08 02:02:02.688749+00	10	3
1522	0	0	0.00	0	0	0.00	0	0	0	\N	0	0	0	0	0	0	2025-11-08 02:02:02.693517+00	2025-11-08 02:02:02.693522+00	54	3
1523	0	0	0.00	0	0	0.00	0	0	0	\N	0	0	0	0	0	0	2025-11-08 02:02:02.69787+00	2025-11-08 02:02:02.697875+00	5	3
1524	0	0	0.00	0	0	0.00	0	0	0	\N	0	0	0	0	0	0	2025-11-08 02:02:02.702466+00	2025-11-08 02:02:02.702471+00	120	3
1525	0	0	0.00	0	0	0.00	0	0	0	\N	0	0	0	0	0	0	2025-11-08 02:02:02.707426+00	2025-11-08 02:02:02.707431+00	146	3
1526	0	0	0.00	0	0	0.00	0	0	0	\N	0	0	0	0	0	0	2025-11-08 02:02:02.71179+00	2025-11-08 02:02:02.711795+00	78	3
1527	0	0	0.00	0	0	0.00	0	0	0	\N	0	0	0	0	0	0	2025-11-08 02:02:02.716314+00	2025-11-08 02:02:02.716319+00	55	3
1528	0	0	0.00	0	0	0.00	0	0	0	\N	0	0	0	0	0	0	2025-11-08 02:02:02.721034+00	2025-11-08 02:02:02.721041+00	106	3
1529	0	0	0.00	0	0	0.00	0	0	0	\N	0	0	0	0	0	0	2025-11-08 02:02:02.7255+00	2025-11-08 02:02:02.725505+00	139	3
1530	0	0	0.00	0	0	0.00	0	0	0	\N	0	0	0	0	0	0	2025-11-08 02:02:02.730016+00	2025-11-08 02:02:02.73002+00	28	3
1531	0	0	0.00	0	0	0.00	0	0	0	\N	0	0	0	0	0	0	2025-11-08 02:02:02.734874+00	2025-11-08 02:02:02.73488+00	108	3
1532	0	0	0.00	0	0	0.00	0	0	0	\N	0	0	0	0	0	0	2025-11-08 02:02:02.73928+00	2025-11-08 02:02:02.739285+00	34	3
1533	0	0	0.00	0	0	0.00	0	0	0	\N	0	0	0	0	0	0	2025-11-08 02:02:02.74392+00	2025-11-08 02:02:02.743925+00	168	3
1534	0	0	0.00	0	0	0.00	0	0	0	\N	0	0	0	0	0	0	2025-11-08 02:02:02.749076+00	2025-11-08 02:02:02.749082+00	64	3
1535	0	0	0.00	0	0	0.00	0	0	0	\N	0	0	0	0	0	0	2025-11-08 02:02:02.753378+00	2025-11-08 02:02:02.753383+00	77	3
1536	0	0	0.00	0	0	0.00	0	0	0	\N	0	0	0	0	0	0	2025-11-08 02:02:02.757838+00	2025-11-08 02:02:02.757843+00	21	3
1537	0	0	0.00	0	0	0.00	0	0	0	\N	0	0	0	0	0	0	2025-11-08 02:02:02.762066+00	2025-11-08 02:02:02.762073+00	8	3
1538	0	0	0.00	0	0	0.00	0	0	0	\N	0	0	0	0	0	0	2025-11-08 02:02:02.766368+00	2025-11-08 02:02:02.766374+00	74	3
1539	0	0	0.00	0	0	0.00	0	0	0	\N	0	0	0	0	0	0	2025-11-08 02:02:02.771267+00	2025-11-08 02:02:02.771272+00	45	3
1540	404	932	61.00	220	184	54.00	4	3.3	1.64	00:36:08	5	408	382	12	579	842	2025-11-08 02:02:08.168445+00	2025-11-08 02:02:08.168453+00	71	2
1541	266	796	49.00	132	134	50.00	3	3.8	1.71	00:36:18	8.1	470	386	-2	-55	-55	2025-11-08 02:02:08.173114+00	2025-11-08 02:02:08.173118+00	43	2
1542	298	640	41.00	151	147	51.00	4	3.8	1.83	00:36:31	8.5	579	388	2	12	8	2025-11-08 02:02:08.177368+00	2025-11-08 02:02:08.177372+00	110	2
1543	787	297	41.00	395	392	50.00	4.1	4	1.8	00:37:14	4.3	287	347	3	107	150	2025-11-08 02:02:08.181811+00	2025-11-08 02:02:08.181815+00	116	2
1544	764	318	41.00	404	360	53.00	4.5	3.6	1.86	00:37:03	9.6	576	424	0	37	2	2025-11-08 02:02:08.186056+00	2025-11-08 02:02:08.186066+00	50	2
1545	957	162	41.00	457	500	48.00	3	3.4	1.78	00:36:47	1.3	138	256	5	15	-75	2025-11-08 02:02:08.189969+00	2025-11-08 02:02:08.189973+00	24	2
1546	738	301	40.00	384	354	52.00	3.7	3.6	1.79	00:37:15	4.6	213	319	2	26	-29	2025-11-08 02:02:08.194501+00	2025-11-08 02:02:08.194506+00	39	2
1547	267	606	39.00	132	135	49.00	3.4	3.5	1.81	00:37:38	8.3	607	422	-4	171	-123	2025-11-08 02:02:08.198678+00	2025-11-08 02:02:08.198683+00	112	2
1548	722	264	38.00	355	367	49.00	3.2	3.4	1.74	00:36:34	1.1	89	251	2	-53	2	2025-11-08 02:02:08.202971+00	2025-11-08 02:02:08.202975+00	11	2
1549	837	116	35.00	407	430	49.00	3.8	3.8	1.7	00:36:28	9	511	413	5	136	91	2025-11-08 02:02:08.20711+00	2025-11-08 02:02:08.207116+00	41	2
1550	591	301	35.00	277	314	47.00	3.5	3.7	1.82	00:36:53	2.8	263	290	-3	-56	-68	2025-11-08 02:02:08.211313+00	2025-11-08 02:02:08.211317+00	63	2
1551	716	186	34.00	335	381	47.00	3.2	3.5	1.77	00:37:04	3.8	330	340	-8	-136	-281	2025-11-08 02:02:08.215678+00	2025-11-08 02:02:08.215683+00	79	2
1552	391	402	33.00	200	191	51.00	3.1	3.2	1.69	00:36:41	9	622	398	5	49	65	2025-11-08 02:02:08.219787+00	2025-11-08 02:02:08.219791+00	4	2
1553	708	182	32.00	383	325	54.00	3.8	4.2	1.88	00:36:57	4.2	312	337	-2	-238	-214	2025-11-08 02:02:08.225403+00	2025-11-08 02:02:08.225408+00	76	2
1554	478	233	29.00	250	228	52.00	3.5	3.6	1.67	00:36:49	6.9	361	358	-5	-94	-30	2025-11-08 02:02:08.229728+00	2025-11-08 02:02:08.229733+00	9	2
1555	388	324	29.00	200	188	52.00	3.1	3.2	1.88	00:37:11	8.3	442	384	0	-20	-91	2025-11-08 02:02:08.23412+00	2025-11-08 02:02:08.234126+00	143	2
1556	362	330	29.00	165	197	46.00	2.8	3.7	1.78	00:36:12	4.3	367	351	-2	-32	-157	2025-11-08 02:02:08.23858+00	2025-11-08 02:02:08.238589+00	91	2
1557	336	337	29.00	171	165	51.00	3.8	3.8	1.69	00:35:15	8.6	409	407	0	31	-64	2025-11-08 02:02:08.243051+00	2025-11-08 02:02:08.243056+00	15	2
1558	570	145	27.00	260	310	46.00	3.3	3.8	1.75	00:36:09	5.2	421	365	5	12	53	2025-11-08 02:02:08.247313+00	2025-11-08 02:02:08.247318+00	152	2
1559	402	250	26.00	208	194	52.00	3.4	3.1	1.78	00:36:27	0.6	190	262	-8	-27	231	2025-11-08 02:02:08.251541+00	2025-11-08 02:02:08.251546+00	58	2
1560	220	363	26.00	107	113	49.00	4.2	4	1.75	00:35:30	7.9	398	389	-2	93	57	2025-11-08 02:02:08.256324+00	2025-11-08 02:02:08.25633+00	66	2
1561	283	312	25.00	147	136	52.00	4.7	3.4	1.74	00:37:11	7	312	359	-5	-135	-67	2025-11-08 02:02:08.2607+00	2025-11-08 02:02:08.260705+00	81	2
1562	333	236	24.00	162	171	49.00	3.7	3.9	1.66	00:36:41	9	631	408	5	65	69	2025-11-08 02:02:08.265244+00	2025-11-08 02:02:08.265249+00	14	2
1563	521	92	23.00	234	287	45.00	3.1	3.5	1.68	00:37:52	8.9	630	398	0	-97	-61	2025-11-08 02:02:08.269588+00	2025-11-08 02:02:08.2696+00	35	2
1564	475	134	22.00	240	235	51.00	3.5	3.9	1.96	00:37:26	7.6	423	376	1	45	172	2025-11-08 02:02:08.274038+00	2025-11-08 02:02:08.274047+00	154	2
1565	477	125	22.00	224	253	47.00	4.6	3.4	1.89	00:37:32	7.9	602	388	-4	-153	-76	2025-11-08 02:02:08.278656+00	2025-11-08 02:02:08.27866+00	37	2
1566	261	245	21.00	142	119	54.00	4.1	3	1.65	00:36:01	7.8	549	390	1	204	139	2025-11-08 02:02:08.282627+00	2025-11-08 02:02:08.282631+00	82	2
1567	547	41	21.00	259	288	47.00	4.2	3.2	1.73	00:36:58	8.4	651	395	-2	-120	26	2025-11-08 02:02:08.287248+00	2025-11-08 02:02:08.287253+00	13	2
1568	431	114	20.00	238	193	55.00	3.8	4	1.86	00:36:14	8.4	488	398	-1	-17	-32	2025-11-08 02:02:08.291434+00	2025-11-08 02:02:08.291438+00	48	2
1569	163	276	19.00	90	73	55.00	3.5	2.9	1.74	00:36:28	8.1	501	420	-10	372	-225	2025-11-08 02:02:08.2956+00	2025-11-08 02:02:08.295605+00	101	2
1570	386	130	19.00	188	198	49.00	2.8	3.8	1.94	00:36:19	7.4	444	368	3	51	174	2025-11-08 02:02:08.29985+00	2025-11-08 02:02:08.299855+00	53	2
1571	268	187	18.00	134	134	50.00	2.8	3.2	1.86	00:37:48	2.8	178	284	3	-2	29	2025-11-08 02:02:08.303757+00	2025-11-08 02:02:08.303763+00	122	2
1572	174	235	17.00	102	72	59.00	4	3.7	1.89	00:37:23	7.8	653	385	-6	-231	69	2025-11-08 02:02:08.30815+00	2025-11-08 02:02:08.308159+00	164	2
1573	361	106	17.00	179	182	50.00	3.4	3.8	1.82	00:36:45	7	353	348	-4	-167	-213	2025-11-08 02:02:08.312609+00	2025-11-08 02:02:08.312613+00	27	2
1574	192	186	16.00	94	98	49.00	2.3	3	1.61	00:34:43	8.2	387	393	2	-1	-35	2025-11-08 02:02:08.316534+00	2025-11-08 02:02:08.316538+00	73	2
1575	304	90	15.00	158	146	52.00	3.2	3.5	1.78	00:36:02	1.1	110	249	2	30	29	2025-11-08 02:02:08.320627+00	2025-11-08 02:02:08.320632+00	100	2
1576	220	98	13.00	110	110	50.00	3.2	2.9	1.65	00:37:10	8.9	536	404	1	-44	-55	2025-11-08 02:02:08.324714+00	2025-11-08 02:02:08.32472+00	69	2
1577	149	152	12.00	79	70	53.00	3.7	3.2	1.79	00:37:50	8.3	796	379	-1	-125	-175	2025-11-08 02:02:08.329264+00	2025-11-08 02:02:08.329268+00	1	2
1578	189	117	12.00	93	96	49.00	3.5	3.5	1.85	00:36:09	4.6	358	357	-2	-153	-194	2025-11-08 02:02:08.333602+00	2025-11-08 02:02:08.333606+00	159	2
1579	109	169	12.00	63	46	58.00	3.6	3.2	2.08	00:37:09	8.7	619	401	3	122	10	2025-11-08 02:02:08.337745+00	2025-11-08 02:02:08.33775+00	7	2
1580	222	72	12.00	117	105	53.00	3.6	2.9	1.68	00:36:44	3.7	259	339	-4	-41	-159	2025-11-08 02:02:08.341947+00	2025-11-08 02:02:08.341952+00	80	2
1581	207	97	11.00	107	100	52.00	2.4	3.8	1.83	00:35:26	7.6	391	380	5	62	14	2025-11-08 02:02:08.346237+00	2025-11-08 02:02:08.346243+00	93	2
1582	123	106	10.00	59	64	48.00	3.2	3.5	1.76	00:36:42	4.6	353	344	3	-13	6	2025-11-08 02:02:08.350612+00	2025-11-08 02:02:08.350616+00	83	2
1583	221	34	10.00	109	112	49.00	2.8	3.6	1.72	00:36:03	6.2	299	331	-4	-166	-195	2025-11-08 02:02:08.354545+00	2025-11-08 02:02:08.354549+00	17	2
1584	155	81	9.00	81	74	52.00	3.6	3.7	1.99	00:35:57	8.6	548	395	4	128	-39	2025-11-08 02:02:08.358686+00	2025-11-08 02:02:08.358691+00	85	2
1585	100	103	9.00	43	57	43.00	3.4	3.6	1.61	00:37:40	8.7	593	417	3	117	125	2025-11-08 02:02:08.362804+00	2025-11-08 02:02:08.362809+00	119	2
1586	95	98	8.00	49	46	52.00	3.3	3.5	1.75	00:37:29	7.9	602	369	2	-52	228	2025-11-08 02:02:08.366543+00	2025-11-08 02:02:08.366547+00	111	2
1587	133	66	8.00	65	68	49.00	2.3	2.3	1.77	00:37:03	7.2	547	369	0	23	-46	2025-11-08 02:02:08.371234+00	2025-11-08 02:02:08.371238+00	3	2
1588	68	103	8.00	35	33	51.00	3.3	3.7	1.72	00:39:01	8.9	603	416	12	418	265	2025-11-08 02:02:08.375486+00	2025-11-08 02:02:08.375491+00	62	2
1589	75	74	6.00	40	35	53.00	2.9	3.1	1.59	00:35:01	8.1	479	401	8	110	109	2025-11-08 02:02:08.379476+00	2025-11-08 02:02:08.379481+00	161	2
1590	53	90	6.00	33	20	62.00	3.3	2.7	1.75	00:35:21	8.2	474	403	-1	63	191	2025-11-08 02:02:08.383935+00	2025-11-08 02:02:08.383941+00	86	2
1591	108	57	6.00	45	63	42.00	3.1	3.1	1.97	00:33:57	7.8	531	373	-11	-344	-170	2025-11-08 02:02:08.388468+00	2025-11-08 02:02:08.388473+00	153	2
1592	80	58	6.00	44	36	55.00	3.6	2.8	1.61	00:34:23	0.4	93	261	-6	-39	-25	2025-11-08 02:02:08.393299+00	2025-11-08 02:02:08.393304+00	140	2
1593	152	5	6.00	79	73	52.00	4.5	5.8	1.59	00:37:29	0.5	132	259	-5	-20	72	2025-11-08 02:02:08.397338+00	2025-11-08 02:02:08.397342+00	92	2
1594	88	49	6.00	54	34	61.00	5.5	2.9	1.67	00:37:04	8.4	476	384	-3	-97	322	2025-11-08 02:02:08.401393+00	2025-11-08 02:02:08.401398+00	145	2
1595	52	66	5.00	26	26	50.00	3.7	2.8	1.77	00:34:55	8.6	530	386	-4	-130	82	2025-11-08 02:02:08.405925+00	2025-11-08 02:02:08.405929+00	137	2
1596	100	10	4.00	57	43	57.00	4.9	4.6	1.62	00:35:03	0.5	79	264	-7	-40	9	2025-11-08 02:02:08.410241+00	2025-11-08 02:02:08.410245+00	128	2
1597	52	54	4.00	30	22	58.00	3.3	2.6	1.9	00:36:53	7.8	562	395	-9	-213	-94	2025-11-08 02:02:08.414148+00	2025-11-08 02:02:08.414153+00	135	2
1598	92	11	4.00	45	47	49.00	3.1	4	1.58	00:36:46	2	257	287	-6	149	28	2025-11-08 02:02:08.419079+00	2025-11-08 02:02:08.419083+00	130	2
1599	108	14	4.00	62	46	57.00	4.4	3.6	2.07	00:35:47	1.4	91	266	3	83	41	2025-11-08 02:02:08.424295+00	2025-11-08 02:02:08.4243+00	124	2
1600	72	31	4.00	37	35	51.00	3.3	3.3	1.79	00:37:12	7.1	392	370	-11	-129	-111	2025-11-08 02:02:08.428584+00	2025-11-08 02:02:08.428589+00	171	2
1601	48	43	4.00	27	21	56.00	2.3	3	1.67	00:35:14	7.8	319	390	-1	79	37	2025-11-08 02:02:08.433018+00	2025-11-08 02:02:08.433023+00	42	2
1602	32	53	4.00	19	13	59.00	4.5	3.1	1.75	00:36:34	8.1	541	388	-9	-23	-157	2025-11-08 02:02:08.437307+00	2025-11-08 02:02:08.437311+00	125	2
1603	42	39	3.00	22	20	52.00	2.9	3.6	1.67	00:35:46	8.4	596	399	9	426	142	2025-11-08 02:02:08.441605+00	2025-11-08 02:02:08.44161+00	12	2
1604	70	28	3.00	37	33	53.00	2.6	3.2	2.01	00:36:59	0.8	416	279	-4	145	-69	2025-11-08 02:02:08.446291+00	2025-11-08 02:02:08.446295+00	49	2
1605	65	24	3.00	30	35	46.00	2.2	4.3	1.88	00:36:24	7	501	359	8	62	19	2025-11-08 02:02:08.450708+00	2025-11-08 02:02:08.450717+00	103	2
1606	89	6	3.00	44	45	49.00	3.4	3.8	1.83	00:34:29	9	472	418	-3	100	-69	2025-11-08 02:02:08.455299+00	2025-11-08 02:02:08.455304+00	60	2
1607	46	32	3.00	24	22	52.00	3.9	3.5	1.63	00:36:24	8.1	615	393	7	270	10	2025-11-08 02:02:08.459704+00	2025-11-08 02:02:08.459709+00	33	2
1608	58	4	3.00	26	32	45.00	3.3	3	1.45	00:36:21	8.4	464	382	-2	-2	31	2025-11-08 02:02:08.463617+00	2025-11-08 02:02:08.463621+00	32	2
1609	35	11	2.00	12	23	34.00	3	3.1	1.17	00:34:38	6.7	310	340	-6	-237	-42	2025-11-08 02:02:08.467743+00	2025-11-08 02:02:08.467748+00	102	2
1610	41	10	2.00	15	26	37.00	4.4	2.7	1.56	00:36:57	8.4	540	389	2	-146	-46	2025-11-08 02:02:08.471827+00	2025-11-08 02:02:08.471832+00	114	2
1611	53	3	2.00	21	32	40.00	3.4	3.7	1.91	00:38:04	9	529	402	6	140	131	2025-11-08 02:02:08.476056+00	2025-11-08 02:02:08.476061+00	22	2
1612	38	12	2.00	19	19	50.00	3.1	2.3	1.66	00:37:25	7.2	406	367	-7	-244	-104	2025-11-08 02:02:08.480197+00	2025-11-08 02:02:08.480202+00	169	2
1613	13	25	2.00	6	7	46.00	2	2.8	1.85	00:35:47	8	665	392	6	638	460	2025-11-08 02:02:08.484239+00	2025-11-08 02:02:08.484243+00	157	2
1614	22	11	1.00	9	13	41.00	2	4.5	1.82	00:35:02	5.2	389	335	-5	-364	-250	2025-11-08 02:02:08.488457+00	2025-11-08 02:02:08.488462+00	99	2
1615	6	13	1.00	3	3	50.00	2.7	2.2	1	00:36:58	2.2	579	323	-6	454	109	2025-11-08 02:02:08.492488+00	2025-11-08 02:02:08.492494+00	127	2
1616	22	1	1.00	10	12	45.00	3.4	1	1.5	00:35:07	4.1	284	336	1	-17	-87	2025-11-08 02:02:08.496703+00	2025-11-08 02:02:08.496708+00	141	2
1617	7	11	1.00	2	5	29.00	3.6	3.1	1.43	00:33:57	7.6	539	404	-7	346	43	2025-11-08 02:02:08.500786+00	2025-11-08 02:02:08.50079+00	75	2
1618	23	0	1.00	7	16	30.00	2.6	0	1.74	00:36:37	9.3	464	388	-9	-509	-575	2025-11-08 02:02:08.5049+00	2025-11-08 02:02:08.504904+00	70	2
1619	25	0	1.00	11	14	44.00	3.2	0	2.04	00:33:01	8	413	391	-6	-366	65	2025-11-08 02:02:08.509113+00	2025-11-08 02:02:08.509122+00	132	2
1620	19	1	1.00	6	13	32.00	2	5	1.79	00:36:05	8.7	410	382	3	44	-215	2025-11-08 02:02:08.513361+00	2025-11-08 02:02:08.513367+00	96	2
1621	13	5	1.00	5	8	38.00	3.7	3.8	1.77	00:38:41	4.9	323	338	1	-134	-77	2025-11-08 02:02:08.517678+00	2025-11-08 02:02:08.517683+00	105	2
1622	13	4	1.00	7	6	54.00	3.5	2.5	1.69	00:36:54	3.5	266	294	4	-610	-77	2025-11-08 02:02:08.522057+00	2025-11-08 02:02:08.522062+00	160	2
1623	8	5	1.00	3	5	38.00	2.8	3.2	1.13	00:35:41	4.9	172	351	5	-184	-87	2025-11-08 02:02:08.526138+00	2025-11-08 02:02:08.526143+00	104	2
1624	11	7	1.00	5	6	45.00	2.6	2.1	2.36	00:37:18	7.7	325	381	-4	-185	-217	2025-11-08 02:02:08.530393+00	2025-11-08 02:02:08.530398+00	51	2
1625	15	2	1.00	5	10	33.00	2.6	4.5	1.93	00:34:52	0.9	185	262	-5	53	-36	2025-11-08 02:02:08.534425+00	2025-11-08 02:02:08.53443+00	165	2
1626	11	2	1.00	5	6	45.00	3.2	3	1.55	00:31:42	3.9	285	363	-2	-16	-185	2025-11-08 02:02:08.538538+00	2025-11-08 02:02:08.538543+00	144	2
1627	9	3	1.00	6	3	67.00	4.7	2.3	1.56	00:37:06	3.9	157	358	-9	-369	-418	2025-11-08 02:02:08.542559+00	2025-11-08 02:02:08.542564+00	20	2
1628	11	0	0.00	5	6	45.00	2.5	0	1.55	00:36:29	8	353	386	0	-57	-118	2025-11-08 02:02:08.546774+00	2025-11-08 02:02:08.546783+00	38	2
1629	17	0	0.00	9	8	53.00	3.4	0	2.41	00:36:01	8.5	678	393	-4	-104	-280	2025-11-08 02:02:08.550686+00	2025-11-08 02:02:08.550691+00	149	2
1630	4	6	0.00	1	3	25.00	1.4	3.5	1.75	00:30:28	7.3	347	376	5	40	-32	2025-11-08 02:02:08.554855+00	2025-11-08 02:02:08.554861+00	162	2
1631	8	2	0.00	1	7	13.00	2.2	3.5	1.63	00:33:27	8.1	716	350	3	426	-147	2025-11-08 02:02:08.559055+00	2025-11-08 02:02:08.55906+00	129	2
1632	11	0	0.00	3	8	27.00	2.8	0	2.18	00:36:44	4	258	327	-3	-271	-416	2025-11-08 02:02:08.563289+00	2025-11-08 02:02:08.563293+00	29	2
1633	7	1	0.00	4	3	57.00	2.2	5	1.71	00:32:39	6.1	450	373	4	-165	303	2025-11-08 02:02:08.567618+00	2025-11-08 02:02:08.567626+00	6	2
1634	6	0	0.00	3	3	50.00	3.3	0	1	00:33:46	3.8	283	338	-18	-1151	-1344	2025-11-08 02:02:08.571764+00	2025-11-08 02:02:08.571768+00	36	2
1635	4	3	0.00	1	3	25.00	4.4	1.3	1.75	00:34:31	5	297	337	-14	195	163	2025-11-08 02:02:08.576287+00	2025-11-08 02:02:08.576291+00	30	2
1636	5	0	0.00	1	4	20.00	1	0	1.4	00:32:21	8.6	513	351	-9	-646	-937	2025-11-08 02:02:08.580108+00	2025-11-08 02:02:08.580112+00	68	2
1637	5	1	0.00	3	2	60.00	2.6	2	2	00:35:45	8.8	474	434	22	527	1088	2025-11-08 02:02:08.584461+00	2025-11-08 02:02:08.584466+00	123	2
1638	4	0	0.00	3	1	75.00	4.3	0	1.25	00:32:13	3.5	182	336	-7	-165	-184	2025-11-08 02:02:08.588525+00	2025-11-08 02:02:08.588529+00	131	2
1639	5	1	0.00	0	5	0.00	1.5	4	2.2	00:36:00	8	353	336	-2	-236	122	2025-11-08 02:02:08.593+00	2025-11-08 02:02:08.59301+00	148	2
1640	1	2	0.00	1	0	100.00	13	2.5	1	00:38:23	5.1	486	394	-4	942	716	2025-11-08 02:02:08.597334+00	2025-11-08 02:02:08.597339+00	121	2
1641	2	1	0.00	2	0	100.00	2.4	6	2	00:37:48	9.4	399	452	-15	-71	-483	2025-11-08 02:02:08.601441+00	2025-11-08 02:02:08.601446+00	136	2
1642	3	0	0.00	1	2	33.00	2.5	0	1.67	00:34:49	1.2	121	225	10	-338	-348	2025-11-08 02:02:08.605749+00	2025-11-08 02:02:08.605753+00	88	2
1643	2	0	0.00	2	0	100.00	3.8	0	1	00:29:45	7.2	336	422	-4	-60	370	2025-11-08 02:02:08.6104+00	2025-11-08 02:02:08.610413+00	87	2
1644	2	0	0.00	0	2	0.00	2	0	1	00:45:21	8.3	807	375	-7	-204	-427	2025-11-08 02:02:08.614945+00	2025-11-08 02:02:08.614949+00	115	2
1645	3	0	0.00	0	3	0.00	1.1	0	1.67	00:31:06	7.4	409	316	0	-496	-852	2025-11-08 02:02:08.619027+00	2025-11-08 02:02:08.619031+00	134	2
1646	1	1	0.00	0	1	0.00	1.9	6	2	00:33:03	5.9	681	399	-15	-553	-618	2025-11-08 02:02:08.623198+00	2025-11-08 02:02:08.623203+00	46	2
1647	3	0	0.00	0	3	0.00	1.1	0	2	00:38:23	8	460	348	3	-508	-22	2025-11-08 02:02:08.62753+00	2025-11-08 02:02:08.627535+00	150	2
1648	2	0	0.00	0	2	0.00	1.3	0	2	00:34:23	1.2	114	234	3	-269	-430	2025-11-08 02:02:08.631816+00	2025-11-08 02:02:08.631822+00	31	2
1649	1	0	0.00	1	0	100.00	2.2	0	1	00:43:40	4.5	0	0	0	0	0	2025-11-08 02:02:08.635924+00	2025-11-08 02:02:08.635929+00	170	2
1650	1	0	0.00	0	1	0.00	1.7	0	1	00:43:53	7.7	678	378	23	588	1531	2025-11-08 02:02:08.640477+00	2025-11-08 02:02:08.640481+00	163	2
1651	1	0	0.00	1	0	100.00	0	0	1	00:22:52	8.8	0	0	0	0	0	2025-11-08 02:02:08.644633+00	2025-11-08 02:02:08.644638+00	166	2
1652	1	0	0.00	0	1	0.00	1.2	0	1	00:33:59	7.2	401	323	-13	-1285	-1713	2025-11-08 02:02:08.649269+00	2025-11-08 02:02:08.649274+00	133	2
1653	2	0	0.00	1	1	50.00	3	0	2.5	00:34:06	4	340	340	-20	-164	54	2025-11-08 02:02:08.653665+00	2025-11-08 02:02:08.65367+00	113	2
1654	1	0	0.00	0	1	0.00	0.8	0	2	00:26:56	6.4	0	0	0	0	0	2025-11-08 02:02:08.65799+00	2025-11-08 02:02:08.657994+00	95	2
1655	1	0	0.00	0	1	0.00	1.9	0	3	00:37:57	0.4	0	0	0	0	0	2025-11-08 02:02:08.662426+00	2025-11-08 02:02:08.662436+00	52	2
1656	1	0	0.00	0	1	0.00	1.4	0	3	00:32:35	6.6	411	328	4	-186	401	2025-11-08 02:02:08.66682+00	2025-11-08 02:02:08.666826+00	138	2
1657	0	0	0.00	0	0	0.00	0	0	0	\N	0	0	0	0	0	0	2025-11-08 02:02:08.671204+00	2025-11-08 02:02:08.671209+00	61	2
1658	0	0	0.00	0	0	0.00	0	0	0	\N	0	0	0	0	0	0	2025-11-08 02:02:08.675602+00	2025-11-08 02:02:08.675607+00	117	2
1659	0	0	0.00	0	0	0.00	0	0	0	\N	0	0	0	0	0	0	2025-11-08 02:02:08.680102+00	2025-11-08 02:02:08.680111+00	40	2
1660	0	0	0.00	0	0	0.00	0	0	0	\N	0	0	0	0	0	0	2025-11-08 02:02:08.68442+00	2025-11-08 02:02:08.684425+00	107	2
1661	0	0	0.00	0	0	0.00	0	0	0	\N	0	0	0	0	0	0	2025-11-08 02:02:08.688851+00	2025-11-08 02:02:08.688855+00	156	2
1662	0	0	0.00	0	0	0.00	0	0	0	\N	0	0	0	0	0	0	2025-11-08 02:02:08.693093+00	2025-11-08 02:02:08.693102+00	158	2
1663	0	0	0.00	0	0	0.00	0	0	0	\N	0	0	0	0	0	0	2025-11-08 02:02:08.697869+00	2025-11-08 02:02:08.697874+00	155	2
1664	0	0	0.00	0	0	0.00	0	0	0	\N	0	0	0	0	0	0	2025-11-08 02:02:08.702186+00	2025-11-08 02:02:08.702191+00	151	2
1665	0	0	0.00	0	0	0.00	0	0	0	\N	0	0	0	0	0	0	2025-11-08 02:02:08.706719+00	2025-11-08 02:02:08.706724+00	147	2
1666	0	0	0.00	0	0	0.00	0	0	0	\N	0	0	0	0	0	0	2025-11-08 02:02:08.711373+00	2025-11-08 02:02:08.711378+00	2	2
1667	0	0	0.00	0	0	0.00	0	0	0	\N	0	0	0	0	0	0	2025-11-08 02:02:08.716263+00	2025-11-08 02:02:08.716268+00	98	2
1668	0	0	0.00	0	0	0.00	0	0	0	\N	0	0	0	0	0	0	2025-11-08 02:02:08.720656+00	2025-11-08 02:02:08.720661+00	126	2
1669	0	0	0.00	0	0	0.00	0	0	0	\N	0	0	0	0	0	0	2025-11-08 02:02:08.725496+00	2025-11-08 02:02:08.725501+00	25	2
1670	0	0	0.00	0	0	0.00	0	0	0	\N	0	0	0	0	0	0	2025-11-08 02:02:08.730385+00	2025-11-08 02:02:08.73039+00	16	2
1671	0	0	0.00	0	0	0.00	0	0	0	\N	0	0	0	0	0	0	2025-11-08 02:02:08.735259+00	2025-11-08 02:02:08.735266+00	56	2
1672	0	0	0.00	0	0	0.00	0	0	0	\N	0	0	0	0	0	0	2025-11-08 02:02:08.739968+00	2025-11-08 02:02:08.739973+00	59	2
1673	0	0	0.00	0	0	0.00	0	0	0	\N	0	0	0	0	0	0	2025-11-08 02:02:08.744806+00	2025-11-08 02:02:08.744811+00	72	2
1674	0	0	0.00	0	0	0.00	0	0	0	\N	0	0	0	0	0	0	2025-11-08 02:02:08.750257+00	2025-11-08 02:02:08.750262+00	44	2
1675	0	0	0.00	0	0	0.00	0	0	0	\N	0	0	0	0	0	0	2025-11-08 02:02:08.754905+00	2025-11-08 02:02:08.75491+00	19	2
1676	0	0	0.00	0	0	0.00	0	0	0	\N	0	0	0	0	0	0	2025-11-08 02:02:08.760128+00	2025-11-08 02:02:08.760133+00	118	2
1677	0	0	0.00	0	0	0.00	0	0	0	\N	0	0	0	0	0	0	2025-11-08 02:02:08.764884+00	2025-11-08 02:02:08.764891+00	57	2
1678	0	0	0.00	0	0	0.00	0	0	0	\N	0	0	0	0	0	0	2025-11-08 02:02:08.769455+00	2025-11-08 02:02:08.76946+00	94	2
1679	0	0	0.00	0	0	0.00	0	0	0	\N	0	0	0	0	0	0	2025-11-08 02:02:08.77426+00	2025-11-08 02:02:08.774266+00	26	2
1680	0	0	0.00	0	0	0.00	0	0	0	\N	0	0	0	0	0	0	2025-11-08 02:02:08.77885+00	2025-11-08 02:02:08.778855+00	84	2
1681	0	0	0.00	0	0	0.00	0	0	0	\N	0	0	0	0	0	0	2025-11-08 02:02:08.784214+00	2025-11-08 02:02:08.784226+00	23	2
1682	0	0	0.00	0	0	0.00	0	0	0	\N	0	0	0	0	0	0	2025-11-08 02:02:08.788885+00	2025-11-08 02:02:08.78889+00	47	2
1683	0	0	0.00	0	0	0.00	0	0	0	\N	0	0	0	0	0	0	2025-11-08 02:02:08.793651+00	2025-11-08 02:02:08.793656+00	142	2
1684	0	0	0.00	0	0	0.00	0	0	0	\N	0	0	0	0	0	0	2025-11-08 02:02:08.798476+00	2025-11-08 02:02:08.798481+00	90	2
1685	0	0	0.00	0	0	0.00	0	0	0	\N	0	0	0	0	0	0	2025-11-08 02:02:08.803927+00	2025-11-08 02:02:08.803932+00	67	2
1686	0	0	0.00	0	0	0.00	0	0	0	\N	0	0	0	0	0	0	2025-11-08 02:02:08.809022+00	2025-11-08 02:02:08.809028+00	89	2
1687	0	0	0.00	0	0	0.00	0	0	0	\N	0	0	0	0	0	0	2025-11-08 02:02:08.813901+00	2025-11-08 02:02:08.813906+00	109	2
1688	0	0	0.00	0	0	0.00	0	0	0	\N	0	0	0	0	0	0	2025-11-08 02:02:08.818377+00	2025-11-08 02:02:08.818382+00	65	2
1689	0	0	0.00	0	0	0.00	0	0	0	\N	0	0	0	0	0	0	2025-11-08 02:02:08.822977+00	2025-11-08 02:02:08.822982+00	18	2
1690	0	0	0.00	0	0	0.00	0	0	0	\N	0	0	0	0	0	0	2025-11-08 02:02:08.827254+00	2025-11-08 02:02:08.827259+00	167	2
1691	0	0	0.00	0	0	0.00	0	0	0	\N	0	0	0	0	0	0	2025-11-08 02:02:08.831578+00	2025-11-08 02:02:08.831583+00	97	2
1692	0	0	0.00	0	0	0.00	0	0	0	\N	0	0	0	0	0	0	2025-11-08 02:02:08.836427+00	2025-11-08 02:02:08.836432+00	10	2
1693	0	0	0.00	0	0	0.00	0	0	0	\N	0	0	0	0	0	0	2025-11-08 02:02:08.840776+00	2025-11-08 02:02:08.840781+00	54	2
1694	0	0	0.00	0	0	0.00	0	0	0	\N	0	0	0	0	0	0	2025-11-08 02:02:08.845596+00	2025-11-08 02:02:08.845602+00	5	2
1695	0	0	0.00	0	0	0.00	0	0	0	\N	0	0	0	0	0	0	2025-11-08 02:02:08.850082+00	2025-11-08 02:02:08.850087+00	120	2
1696	0	0	0.00	0	0	0.00	0	0	0	\N	0	0	0	0	0	0	2025-11-08 02:02:08.854702+00	2025-11-08 02:02:08.854708+00	146	2
1697	0	0	0.00	0	0	0.00	0	0	0	\N	0	0	0	0	0	0	2025-11-08 02:02:08.859171+00	2025-11-08 02:02:08.859176+00	78	2
1698	0	0	0.00	0	0	0.00	0	0	0	\N	0	0	0	0	0	0	2025-11-08 02:02:08.864205+00	2025-11-08 02:02:08.86421+00	55	2
1699	0	0	0.00	0	0	0.00	0	0	0	\N	0	0	0	0	0	0	2025-11-08 02:02:08.868794+00	2025-11-08 02:02:08.868799+00	106	2
1700	0	0	0.00	0	0	0.00	0	0	0	\N	0	0	0	0	0	0	2025-11-08 02:02:08.873343+00	2025-11-08 02:02:08.873348+00	139	2
1701	0	0	0.00	0	0	0.00	0	0	0	\N	0	0	0	0	0	0	2025-11-08 02:02:08.878284+00	2025-11-08 02:02:08.878289+00	28	2
1702	0	0	0.00	0	0	0.00	0	0	0	\N	0	0	0	0	0	0	2025-11-08 02:02:08.88311+00	2025-11-08 02:02:08.883115+00	108	2
1703	0	0	0.00	0	0	0.00	0	0	0	\N	0	0	0	0	0	0	2025-11-08 02:02:08.888256+00	2025-11-08 02:02:08.888263+00	34	2
1704	0	0	0.00	0	0	0.00	0	0	0	\N	0	0	0	0	0	0	2025-11-08 02:02:08.893108+00	2025-11-08 02:02:08.893113+00	168	2
1705	0	0	0.00	0	0	0.00	0	0	0	\N	0	0	0	0	0	0	2025-11-08 02:02:08.897571+00	2025-11-08 02:02:08.897576+00	64	2
1706	0	0	0.00	0	0	0.00	0	0	0	\N	0	0	0	0	0	0	2025-11-08 02:02:08.90281+00	2025-11-08 02:02:08.902825+00	77	2
1707	0	0	0.00	0	0	0.00	0	0	0	\N	0	0	0	0	0	0	2025-11-08 02:02:08.907859+00	2025-11-08 02:02:08.907865+00	21	2
1708	0	0	0.00	0	0	0.00	0	0	0	\N	0	0	0	0	0	0	2025-11-08 02:02:08.912996+00	2025-11-08 02:02:08.913001+00	8	2
1709	0	0	0.00	0	0	0.00	0	0	0	\N	0	0	0	0	0	0	2025-11-08 02:02:08.917812+00	2025-11-08 02:02:08.917817+00	74	2
1710	0	0	0.00	0	0	0.00	0	0	0	\N	0	0	0	0	0	0	2025-11-08 02:02:08.922127+00	2025-11-08 02:02:08.922132+00	45	2
\.


--
-- TOC entry 3696 (class 0 OID 16428)
-- Dependencies: 229
-- Data for Name: champions; Type: TABLE DATA; Schema: public; Owner: -
--

COPY public.champions (id, name, release_date, primary_damage_type, created_at, updated_at) FROM stdin;
8	Ambessa	2024-11-06	AD	2025-11-06 06:08:13.937277+00	2025-11-06 06:41:42.174318+00
11	Alistar	2009-02-21	AP	2025-11-06 06:08:13.940395+00	2025-11-06 06:40:58.90943+00
46	Akali	2010-05-11	AD	2025-11-06 06:08:13.975074+00	2025-11-06 06:41:22.558862+00
21	Aurora	2024-07-17	AP	2025-11-06 06:08:13.950583+00	2025-11-06 06:43:58.299094+00
4	Azir	2014-09-16	AP	2025-11-06 06:08:13.933386+00	2025-11-06 06:44:14.229945+00
24	Braum	2014-05-12	AP	2025-11-06 06:08:13.953903+00	2025-11-06 06:45:23.466931+00
14	Corki	2009-09-19	AD	2025-11-06 06:08:13.943519+00	2025-11-06 06:46:52.975625+00
13	Ezreal	2010-03-16	AD	2025-11-06 06:08:13.942609+00	2025-11-06 06:48:55.492394+00
40	Galio	2010-08-10	AP	2025-11-06 06:08:13.96943+00	2025-11-06 06:50:05.955341+00
5	Gwen	2021-04-15	AP	2025-11-06 06:08:13.934319+00	2025-11-06 06:51:53.38756+00
42	Jax	2009-02-21	AD	2025-11-06 06:08:13.971215+00	2025-11-06 06:54:02.90391+00
12	Jayce	2012-07-07	AD	2025-11-06 06:08:13.941397+00	2025-11-06 06:54:20.465135+00
26	Kaisa	2018-03-07	AP	2025-11-06 06:08:13.955726+00	2025-11-06 06:55:00.230963+00
15	Kalista	2014-11-20	AD	2025-11-06 06:08:13.94443+00	2025-11-06 06:55:22.202341+00
28	KSante	2022-11-02	AD	2025-11-06 06:08:13.957546+00	2025-11-06 06:58:04.328218+00
31	Leona	2011-07-13	AD	2025-11-06 06:08:13.960724+00	2025-11-06 06:58:53.260189+00
41	Lucian	2013-08-22	AD	2025-11-06 06:08:13.970331+00	2025-11-06 06:59:17.188682+00
27	Maokai	2011-02-16	AP	2025-11-06 06:08:13.956634+00	2025-11-06 07:00:16.451422+00
33	Miss Fortune	2010-09-08	AD	2025-11-06 06:08:13.962546+00	2025-11-06 07:01:06.131043+00
34	Naafiri	2023-07-19	AD	2025-11-06 06:08:13.963443+00	2025-11-06 07:01:43.797943+00
17	Nautilus	2012-02-14	AP	2025-11-06 06:08:13.946553+00	2025-11-06 07:02:21.96716+00
23	Neeko	2018-12-05	AP	2025-11-06 06:08:13.952919+00	2025-11-06 07:02:36.550601+00
36	Nocturne	2011-03-15	AD	2025-11-06 06:08:13.96523+00	2025-11-06 07:03:10.544553+00
22	Orianna	2011-06-01	AP	2025-11-06 06:08:13.951582+00	2025-11-06 07:03:44.163162+00
6	Pantheon	2010-02-02	AD	2025-11-06 06:08:13.935273+00	2025-11-06 07:04:14.949098+00
9	Poppy	2010-01-13	AD	2025-11-06 06:08:13.938249+00	2025-11-06 07:04:26.633118+00
19	Rakan	2017-04-19	AP	2025-11-06 06:08:13.9485+00	2025-11-06 07:05:26.315179+00
10	Rell	2020-12-10	AP	2025-11-06 06:08:13.939468+00	2025-11-06 07:06:01.891782+00
3	Rumble	2011-04-26	AP	2025-11-06 06:08:13.932427+00	2025-11-06 07:06:57.821137+00
43	Ryze	2009-02-21	AP	2025-11-06 06:08:13.972107+00	2025-11-06 07:07:08.194621+00
29	Sejuani	2012-01-17	AP	2025-11-06 06:08:13.958444+00	2025-11-06 07:07:30.87943+00
30	Sion	2009-02-21	AD	2025-11-06 06:08:13.959433+00	2025-11-06 07:08:56.355532+00
20	Skarner	2011-08-09	AD	2025-11-06 06:08:13.949413+00	2025-11-06 07:09:21.28813+00
7	Taliyah	2016-05-18	AP	2025-11-06 06:08:13.93619+00	2025-11-06 07:10:49.60651+00
39	Trundle	2010-12-01	AD	2025-11-06 06:08:13.968533+00	2025-11-06 07:11:53.611851+00
1	Varus	2012-05-08	AD	2025-11-06 06:08:13.928664+00	2025-11-06 07:12:43.097457+00
2	Vi	2012-12-19	AD	2025-11-06 06:08:13.930986+00	2025-11-06 07:13:49.422106+00
35	Viktor	2011-12-29	AP	2025-11-06 06:08:13.964333+00	2025-11-06 07:14:08.291491+00
25	Wukong	2011-07-26	AD	2025-11-06 06:08:13.954822+00	2025-11-06 07:14:50.854393+00
44	Xayah	2017-04-19	AD	2025-11-06 06:08:13.972993+00	2025-11-06 07:15:02.230461+00
16	Xin Zhao	2010-07-13	AD	2025-11-06 06:08:13.945336+00	2025-11-06 07:15:27.819976+00
18	Yone	2020-08-06	AD	2025-11-06 06:08:13.947554+00	2025-11-06 07:15:55.151421+00
45	Yunara	2025-07-16	AD	2025-11-06 06:08:13.974173+00	2025-11-06 07:16:15.25716+00
52	Annie	2009-02-21	AP	2025-11-06 06:08:13.98103+00	2025-11-06 06:42:35.283118+00
89	Aphelios	2019-12-11	AD	2025-11-06 06:08:14.016746+00	2025-11-06 06:43:08.447346+00
48	Ashe	2009-02-21	AD	2025-11-06 06:08:13.977248+00	2025-11-06 06:43:23.572715+00
58	Bard	2015-03-12	AP	2025-11-06 06:08:13.986665+00	2025-11-06 06:44:27.295425+00
88	Blitzcrank	2009-09-02	AD	2025-11-06 06:08:14.015827+00	2025-11-06 06:44:55.138981+00
69	Caitlyn	2011-01-04	AD	2025-11-06 06:08:13.997424+00	2025-11-06 06:45:52.041111+00
72	Camille	2016-12-07	AD	2025-11-06 06:08:14.000245+00	2025-11-06 06:46:04.572999+00
85	Cassiopeia	2010-12-14	AP	2025-11-06 06:08:14.012684+00	2025-11-06 06:46:20.763478+00
87	Chogath	2009-06-26	AP	2025-11-06 06:08:14.0146+00	2025-11-06 06:46:36.270261+00
75	Draven	2012-06-06	AD	2025-11-06 06:08:14.003337+00	2025-11-06 06:47:49.463811+00
79	Elise	2012-10-26	AP	2025-11-06 06:08:14.00689+00	2025-11-06 06:48:17.803559+00
73	Fiora	2012-02-29	AD	2025-11-06 06:08:14.001369+00	2025-11-06 06:49:29.7775+00
53	Gnar	2014-08-14	AD	2025-11-06 06:08:13.982005+00	2025-11-06 06:51:14.822935+00
76	Gragas	2010-02-02	AP	2025-11-06 06:08:14.004219+00	2025-11-06 06:51:28.264198+00
59	Ivern	2016-10-05	AP	2025-11-06 06:08:13.988064+00	2025-11-06 06:53:20.311698+00
51	Jarvan IV	2011-03-01	AD	2025-11-06 06:08:13.979957+00	2025-11-06 06:53:49.400425+00
70	Jinx	2013-10-10	AD	2025-11-06 06:08:13.998318+00	2025-11-06 06:54:48.448497+00
63	Karma	2011-02-01	AP	2025-11-06 06:08:13.991643+00	2025-11-06 06:55:36.075653+00
91	Kindred	2015-10-14	AD	2025-11-06 06:08:14.018551+00	2025-11-06 06:57:19.848407+00
82	LeBlanc	2010-11-02	AP	2025-11-06 06:08:14.010025+00	2025-11-06 06:58:16.996743+00
80	Lee Sin	2011-04-01	AD	2025-11-06 06:08:14.007876+00	2025-11-06 06:58:27.788571+00
65	Lillia	2020-07-22	AP	2025-11-06 06:08:13.993427+00	2025-11-06 06:58:40.236933+00
66	Lulu	2012-03-20	AP	2025-11-06 06:08:13.994628+00	2025-11-06 06:59:29.036886+00
74	Mel	2025-01-23	AP	2025-11-06 06:08:14.002428+00	2025-11-06 07:00:42.461688+00
92	Nami	2012-12-07	AD	2025-11-06 06:08:14.019464+00	2025-11-06 07:01:55.693535+00
71	Nidalee	2009-12-17	AP	2025-11-06 06:08:13.99932+00	2025-11-06 07:02:48.097168+00
83	Olaf	2010-06-09	AD	2025-11-06 06:08:14.010913+00	2025-11-06 07:03:32.756331+00
57	Ornn	2017-08-23	AD	2025-11-06 06:08:13.985776+00	2025-11-06 07:04:01.983137+00
84	Pyke	2018-05-31	AD	2025-11-06 06:08:14.011805+00	2025-11-06 07:04:44.733342+00
90	Qiyana	2019-06-28	AD	2025-11-06 06:08:14.017643+00	2025-11-06 07:04:57.827106+00
67	Senna	2019-11-10	AD	2025-11-06 06:08:13.995626+00	2025-11-06 07:07:41.987895+00
81	Shen	2010-03-24	AD	2025-11-06 06:08:14.009127+00	2025-11-06 07:08:24.597261+00
50	Sivir	2009-02-21	AD	2025-11-06 06:08:13.979056+00	2025-11-06 07:09:08.805008+00
77	Smolder	2024-01-31	AD	2025-11-06 06:08:14.005103+00	2025-11-06 07:09:32.27474+00
47	Sylas	2019-01-25	AP	2025-11-06 06:08:13.97596+00	2025-11-06 07:10:16.891695+00
62	Syndra	2012-09-13	AP	2025-11-06 06:08:13.990755+00	2025-11-06 07:10:27.002131+00
60	Tristana	2009-02-21	AD	2025-11-06 06:08:13.988981+00	2025-11-06 07:11:40.675046+00
54	Viego	2021-01-21	AD	2025-11-06 06:08:13.982987+00	2025-11-06 07:13:59.386144+00
56	Yorick	2011-06-22	AD	2025-11-06 06:08:13.984883+00	2025-11-06 07:16:05.747034+00
86	Zed	2012-11-13	AD	2025-11-06 06:08:14.013572+00	2025-11-06 07:16:50.223845+00
78	Zeri	2022-01-20	AD	2025-11-06 06:08:14.005994+00	2025-11-06 07:17:01.48969+00
68	Ziggs	2012-02-01	AP	2025-11-06 06:08:13.996536+00	2025-11-06 07:17:14.090357+00
49	Zyra	2012-07-24	AP	2025-11-06 06:08:13.978156+00	2025-11-06 07:17:49.882249+00
113	Amumu	2009-06-26	AP	2025-11-06 06:08:14.039361+00	2025-11-06 06:42:01.908391+00
137	Anivia	2009-07-10	AP	2025-11-06 06:08:14.062531+00	2025-11-06 06:42:19.091304+00
106	Belveth	2022-06-09	AD	2025-11-06 06:08:14.03295+00	2025-11-06 06:44:39.946666+00
127	Brand	2011-04-12	AP	2025-11-06 06:08:14.052808+00	2025-11-06 06:45:10.538671+00
95	Darius	2012-05-23	AD	2025-11-06 06:08:14.022542+00	2025-11-06 06:47:07.975572+00
136	Diana	2012-08-07	AP	2025-11-06 06:08:14.061567+00	2025-11-06 06:47:23.148752+00
99	Dr. Mundo	2009-09-02	AD	2025-11-06 06:08:14.026157+00	2025-11-06 06:47:35.837983+00
117	Fiddlesticks	2009-02-21	AP	2025-11-06 06:08:14.043168+00	2025-11-06 06:49:13.642087+00
112	Gangplank	2009-08-19	AD	2025-11-06 06:08:14.038476+00	2025-11-06 06:50:48.351301+00
107	Garen	2010-04-27	AD	2025-11-06 06:08:14.033833+00	2025-11-06 06:51:01.836325+00
93	Irelia	2010-11-16	AD	2025-11-06 06:08:14.020355+00	2025-11-06 06:53:05.900808+00
128	Janna	2009-09-02	AP	2025-11-06 06:08:14.053684+00	2025-11-06 06:53:36.304565+00
115	Karthus	2009-06-12	AP	2025-11-06 06:08:14.041136+00	2025-11-06 06:55:47.957846+00
118	Kayn	2017-07-12	AD	2025-11-06 06:08:14.044228+00	2025-11-06 06:56:37.003882+00
103	Kennen	2010-04-08	AP	2025-11-06 06:08:14.030229+00	2025-11-06 06:56:47.683982+00
133	Kled	2016-08-10	AD	2025-11-06 06:08:14.058396+00	2025-11-06 06:57:35.641698+00
119	KogMaw	2010-06-24	AD	2025-11-06 06:08:14.045139+00	2025-11-06 06:57:46.403822+00
114	Lux	2010-10-19	AP	2025-11-06 06:08:14.040247+00	2025-11-06 06:59:39.96133+00
108	Milio	2023-03-23	AP	2025-11-06 06:08:14.034723+00	2025-11-06 07:00:54.059193+00
121	Mordekaiser	2010-02-24	AP	2025-11-06 06:08:14.047147+00	2025-11-06 07:01:17.354616+00
130	Morgana	2009-02-21	AP	2025-11-06 06:08:14.055449+00	2025-11-06 07:01:31.657151+00
139	Nilah	2022-07-13	AD	2025-11-06 06:08:14.064713+00	2025-11-06 07:02:59.912204+00
131	Nunu	2009-02-21	AP	2025-11-06 06:08:14.056323+00	2025-11-06 07:03:21.445079+00
116	RekSai	2014-12-11	AD	2025-11-06 06:08:14.042017+00	2025-11-06 07:05:51.398677+00
123	Riven	2011-09-14	AD	2025-11-06 06:08:14.049057+00	2025-11-06 07:06:47.230997+00
97	Seraphine	2020-10-29	AP	2025-11-06 06:08:14.02439+00	2025-11-06 07:07:54.498355+00
109	Sett	2020-01-14	AD	2025-11-06 06:08:14.035616+00	2025-11-06 07:08:04.626545+00
111	Swain	2010-10-05	AP	2025-11-06 06:08:14.037578+00	2025-11-06 07:10:04.049819+00
122	Tahm Kench	2015-07-09	AP	2025-11-06 06:08:14.048136+00	2025-11-06 07:10:38.118099+00
138	Talon	2011-08-24	AD	2025-11-06 06:08:14.063453+00	2025-11-06 07:10:59.377547+00
124	Taric	2009-08-19	AD	2025-11-06 06:08:14.050033+00	2025-11-06 07:11:09.778377+00
100	Thresh	2013-01-23	AD	2025-11-06 06:08:14.027065+00	2025-11-06 07:11:32.33718+00
101	Twisted Fate	2009-02-21	AP	2025-11-06 06:08:14.028043+00	2025-11-06 07:12:14.497736+00
135	Twitch	2009-05-01	AD	2025-11-06 06:08:14.060365+00	2025-11-06 07:12:23.175235+00
134	Urgot	2010-08-24	AD	2025-11-06 06:08:14.059297+00	2025-11-06 07:12:52.680963+00
132	Vayne	2011-05-10	AD	2025-11-06 06:08:14.057427+00	2025-11-06 07:13:01.510703+00
110	Vladimir	2010-07-27	AP	2025-11-06 06:08:14.036674+00	2025-11-06 07:14:19.204028+00
98	Volibear	2011-11-29	AD	2025-11-06 06:08:14.025285+00	2025-11-06 07:14:29.426932+00
126	Warwick	2009-02-21	AD	2025-11-06 06:08:14.05191+00	2025-11-06 07:14:42.37456+00
129	Xerath	2011-10-05	AP	2025-11-06 06:08:14.054568+00	2025-11-06 07:15:13.008713+00
96	Yasuo	2013-12-13	AD	2025-11-06 06:08:14.02349+00	2025-11-06 07:15:42.891632+00
105	Zac	2013-03-29	AP	2025-11-06 06:08:14.032022+00	2025-11-06 07:16:39.532833+00
94	Zoe	2017-11-21	AP	2025-11-06 06:08:14.021302+00	2025-11-06 07:17:39.100663+00
61	Aatrox	2013-06-13	AD	2025-11-06 06:08:13.989873+00	2025-11-06 06:38:55.679378+00
32	Ahri	2011-12-14	AP	2025-11-06 06:08:13.961638+00	2025-11-06 06:39:09.492129+00
120	Akshan	2021-07-22	AD	2025-11-06 06:08:14.046232+00	2025-11-06 06:41:09.868157+00
125	Aurelion Sol	2016-03-24	AP	2025-11-06 06:08:14.05101+00	2025-11-06 06:43:41.326347+00
168	Briar	2023-09-14	AD	2025-11-06 06:08:14.09442+00	2025-11-06 06:45:36.395375+00
154	Ekko	2015-05-29	AP	2025-11-06 06:08:14.079257+00	2025-11-06 06:48:03.389684+00
160	Evelynn	2009-05-01	AP	2025-11-06 06:08:14.084887+00	2025-11-06 06:48:32.295635+00
171	Fizz	2011-11-15	AP	2025-11-06 06:08:14.097176+00	2025-11-06 06:49:46.963902+00
152	Graves	2011-10-19	AD	2025-11-06 06:08:14.077037+00	2025-11-06 06:51:39.642352+00
159	Hecarim	2012-04-18	AD	2025-11-06 06:08:14.083725+00	2025-11-06 06:52:09.49031+00
156	Heimerdinger	2009-10-10	AP	2025-11-06 06:08:14.081036+00	2025-11-06 06:52:23.505987+00
64	Hwei	2023-12-05	AP	2025-11-06 06:08:13.992541+00	2025-11-06 06:52:37.350062+00
157	Illaoi	2015-11-24	AD	2025-11-06 06:08:14.081951+00	2025-11-06 06:52:49.797875+00
37	Jhin	2016-02-01	AD	2025-11-06 06:08:13.966123+00	2025-11-06 06:54:34.791705+00
153	Kassadin	2009-08-07	AP	2025-11-06 06:08:14.078348+00	2025-11-06 06:55:58.819872+00
158	Katarina	2009-09-19	AP	2025-11-06 06:08:14.082836+00	2025-11-06 06:56:14.687896+00
162	Kayle	2009-02-21	AD	2025-11-06 06:08:14.086849+00	2025-11-06 06:56:26.523513+00
141	KhaZix	2012-09-27	AD	2025-11-06 06:08:14.066535+00	2025-11-06 06:57:09.354024+00
143	Lissandra	2013-04-30	AP	2025-11-06 06:08:14.068439+00	2025-11-06 06:59:05.137195+00
102	Malphite	2009-09-02	AP	2025-11-06 06:08:14.029183+00	2025-11-06 06:59:53.590046+00
164	Malzahar	2010-06-01	AP	2025-11-06 06:08:14.088738+00	2025-11-06 07:00:05.503658+00
170	Master Yi	2009-02-21	AD	2025-11-06 06:08:14.096275+00	2025-11-06 07:00:29.606214+00
163	Nasus	2009-10-01	AD	2025-11-06 06:08:14.087824+00	2025-11-06 07:02:08.715556+00
161	Quinn	2013-03-01	AD	2025-11-06 06:08:14.085959+00	2025-11-06 07:05:11.616372+00
169	Rammus	2009-07-10	AD	2025-11-06 06:08:14.095356+00	2025-11-06 07:05:37.639615+00
55	Renata Glasc	2022-02-17	AP	2025-11-06 06:08:13.983978+00	2025-11-06 07:06:14.429932+00
38	Renekton	2011-01-18	AD	2025-11-06 06:08:13.967435+00	2025-11-06 07:06:26.098719+00
144	Rengar	2012-08-21	AD	2025-11-06 06:08:14.069335+00	2025-11-06 07:06:37.161024+00
167	Samira	2020-09-21	AD	2025-11-06 06:08:14.093483+00	2025-11-06 07:07:19.978732+00
155	Shaco	2009-10-10	AD	2025-11-06 06:08:14.08015+00	2025-11-06 07:08:15.082044+00
151	Shyvana	2011-11-01	AD	2025-11-06 06:08:14.075848+00	2025-11-06 07:08:35.784495+00
166	Singed	2009-04-18	AP	2025-11-06 06:08:14.090517+00	2025-11-06 07:08:47.463045+00
165	Sona	2010-09-21	AP	2025-11-06 06:08:14.089639+00	2025-11-06 07:09:42.573583+00
140	Soraka	2009-02-21	AP	2025-11-06 06:08:14.065618+00	2025-11-06 07:09:53.456373+00
150	Teemo	2009-02-21	AP	2025-11-06 06:08:14.074964+00	2025-11-06 07:11:19.959038+00
147	Tryndamere	2009-05-01	AD	2025-11-06 06:08:14.072305+00	2025-11-06 07:12:03.003105+00
104	Udyr	2009-12-02	AD	2025-11-06 06:08:14.031126+00	2025-11-06 07:12:33.153266+00
148	Veigar	2009-07-24	AP	2025-11-06 06:08:14.073191+00	2025-11-06 07:13:10.884936+00
149	VelKoz	2014-02-27	AP	2025-11-06 06:08:14.074078+00	2025-11-06 07:13:26.479338+00
146	Vex	2021-09-23	AP	2025-11-06 06:08:14.071397+00	2025-11-06 07:13:37.151639+00
142	Yuumi	2019-05-14	AP	2025-11-06 06:08:14.067455+00	2025-11-06 07:16:28.756799+00
145	Zilean	2009-04-18	AP	2025-11-06 06:08:14.070221+00	2025-11-06 07:17:25.110036+00
\.


--
-- TOC entry 3698 (class 0 OID 16438)
-- Dependencies: 231
-- Data for Name: champions_roles; Type: TABLE DATA; Schema: public; Owner: -
--

COPY public.champions_roles (id, champion_id, role_id) FROM stdin;
1	61	1
2	32	3
3	46	1
4	46	3
5	120	3
6	11	5
7	8	1
8	113	2
9	137	3
10	52	3
11	89	4
12	48	4
13	48	5
14	125	3
15	21	1
16	21	3
17	4	3
18	58	5
19	106	2
20	88	5
21	127	2
22	127	5
23	24	5
24	168	2
25	69	4
26	72	1
27	85	3
28	87	1
29	14	3
30	95	1
31	136	2
32	136	3
33	99	1
34	75	4
35	154	2
36	154	3
37	79	2
38	160	2
39	13	4
40	117	2
41	73	1
42	171	3
43	40	3
44	112	1
45	107	1
46	53	1
47	76	2
48	152	2
49	5	1
50	159	2
51	156	5
52	64	3
53	64	5
54	157	1
55	93	1
56	93	3
57	59	2
58	128	5
59	51	2
60	42	1
61	42	2
62	12	1
63	37	4
64	70	4
65	26	4
66	15	4
67	63	3
68	63	5
69	115	2
70	153	3
71	158	3
72	162	1
73	118	2
74	103	1
75	141	2
76	91	2
77	133	1
78	119	4
79	28	1
80	82	3
81	80	2
82	65	2
83	31	5
84	143	3
85	41	4
86	66	5
87	114	3
88	114	5
89	102	1
90	164	3
91	27	5
92	170	2
93	74	3
94	74	5
95	108	5
96	33	4
97	121	1
98	130	3
99	130	5
100	34	3
101	92	5
102	163	1
103	17	5
104	23	3
105	23	5
106	71	2
107	139	4
108	36	2
109	131	2
110	83	1
111	22	3
112	57	1
113	6	1
114	6	5
115	9	1
116	9	2
117	84	5
118	90	3
119	161	1
120	19	5
121	169	2
122	116	2
123	10	5
124	55	5
125	38	1
126	144	2
127	123	1
128	3	1
129	43	3
130	167	4
131	29	2
132	67	4
133	67	5
134	97	4
135	97	5
136	109	1
137	155	2
138	81	1
139	151	2
140	166	1
141	30	1
142	50	4
143	20	1
144	20	2
145	77	4
146	165	5
147	140	5
148	111	3
149	111	5
150	47	3
151	62	3
152	122	1
153	7	2
154	7	3
155	138	3
156	124	5
157	150	1
158	100	5
159	60	4
160	39	1
161	147	1
162	101	3
163	101	4
164	135	4
165	104	1
166	104	2
167	1	4
168	134	1
169	132	4
170	148	3
171	149	5
172	146	3
173	2	2
174	54	2
175	35	3
176	110	3
177	98	1
178	126	2
179	25	2
180	44	4
181	129	3
182	129	5
183	16	2
184	96	1
185	96	3
186	96	4
187	18	1
188	18	3
189	56	1
190	45	4
191	142	5
192	105	2
193	86	3
194	78	4
195	68	4
196	145	5
197	94	3
\.


--
-- TOC entry 3700 (class 0 OID 16442)
-- Dependencies: 233
-- Data for Name: django_admin_log; Type: TABLE DATA; Schema: public; Owner: -
--

COPY public.django_admin_log (id, action_time, object_id, object_repr, action_flag, change_message, content_type_id, user_id) FROM stdin;
1	2025-11-06 06:29:54.712715+00	61	Aatrox	2	[{"changed": {"fields": ["Release date", "Primary damage type", "Primary role"]}}]	7	1
2	2025-11-06 06:30:40.465453+00	32	Ahri	2	[{"changed": {"fields": ["Release date", "Primary damage type", "Primary role"]}}]	7	1
3	2025-11-06 06:38:13.620419+00	1	Top	1	[{"added": {}}]	16	1
4	2025-11-06 06:38:17.94339+00	2	Jungle	1	[{"added": {}}]	16	1
5	2025-11-06 06:38:20.542607+00	3	Mid	1	[{"added": {}}]	16	1
6	2025-11-06 06:38:25.964248+00	4	BOT	1	[{"added": {}}]	16	1
7	2025-11-06 06:38:28.219612+00	5	Support	1	[{"added": {}}]	16	1
8	2025-11-06 06:38:34.309433+00	4	Bot	2	[{"changed": {"fields": ["Name"]}}]	16	1
9	2025-11-06 06:38:55.681592+00	61	Aatrox	2	[{"changed": {"fields": ["Roles"]}}]	7	1
10	2025-11-06 06:39:09.493814+00	32	Ahri	2	[{"changed": {"fields": ["Roles"]}}]	7	1
11	2025-11-06 06:39:53.983862+00	46	Akali	2	[{"changed": {"fields": ["Primary damage type", "Roles"]}}]	7	1
12	2025-11-06 06:40:12.296436+00	120	Akshan	2	[{"changed": {"fields": ["Primary damage type", "Roles"]}}]	7	1
13	2025-11-06 06:40:58.911123+00	11	Alistar	2	[{"changed": {"fields": ["Release date", "Primary damage type", "Roles"]}}]	7	1
14	2025-11-06 06:41:09.869648+00	120	Akshan	2	[{"changed": {"fields": ["Release date"]}}]	7	1
15	2025-11-06 06:41:22.560152+00	46	Akali	2	[{"changed": {"fields": ["Release date"]}}]	7	1
16	2025-11-06 06:41:42.176304+00	8	Ambessa	2	[{"changed": {"fields": ["Release date", "Primary damage type", "Roles"]}}]	7	1
17	2025-11-06 06:42:01.910566+00	113	Amumu	2	[{"changed": {"fields": ["Release date", "Primary damage type", "Roles"]}}]	7	1
18	2025-11-06 06:42:19.093152+00	137	Anivia	2	[{"changed": {"fields": ["Release date", "Primary damage type", "Roles"]}}]	7	1
19	2025-11-06 06:42:35.284797+00	52	Annie	2	[{"changed": {"fields": ["Release date", "Primary damage type", "Roles"]}}]	7	1
20	2025-11-06 06:43:08.449249+00	89	Aphelios	2	[{"changed": {"fields": ["Release date", "Primary damage type", "Roles"]}}]	7	1
21	2025-11-06 06:43:23.574575+00	48	Ashe	2	[{"changed": {"fields": ["Release date", "Primary damage type", "Roles"]}}]	7	1
22	2025-11-06 06:43:41.328946+00	125	Aurelion Sol	2	[{"changed": {"fields": ["Release date", "Primary damage type", "Roles"]}}]	7	1
23	2025-11-06 06:43:58.30131+00	21	Aurora	2	[{"changed": {"fields": ["Release date", "Primary damage type", "Roles"]}}]	7	1
24	2025-11-06 06:44:14.232181+00	4	Azir	2	[{"changed": {"fields": ["Release date", "Primary damage type", "Roles"]}}]	7	1
25	2025-11-06 06:44:27.297284+00	58	Bard	2	[{"changed": {"fields": ["Release date", "Primary damage type", "Roles"]}}]	7	1
26	2025-11-06 06:44:39.948424+00	106	Belveth	2	[{"changed": {"fields": ["Release date", "Primary damage type", "Roles"]}}]	7	1
27	2025-11-06 06:44:55.140671+00	88	Blitzcrank	2	[{"changed": {"fields": ["Release date", "Primary damage type", "Roles"]}}]	7	1
28	2025-11-06 06:45:10.540583+00	127	Brand	2	[{"changed": {"fields": ["Release date", "Primary damage type", "Roles"]}}]	7	1
29	2025-11-06 06:45:23.468609+00	24	Braum	2	[{"changed": {"fields": ["Release date", "Primary damage type", "Roles"]}}]	7	1
30	2025-11-06 06:45:36.397457+00	168	Briar	2	[{"changed": {"fields": ["Release date", "Primary damage type", "Roles"]}}]	7	1
31	2025-11-06 06:45:52.042795+00	69	Caitlyn	2	[{"changed": {"fields": ["Release date", "Primary damage type", "Roles"]}}]	7	1
32	2025-11-06 06:46:04.574652+00	72	Camille	2	[{"changed": {"fields": ["Release date", "Primary damage type", "Roles"]}}]	7	1
33	2025-11-06 06:46:20.765144+00	85	Cassiopeia	2	[{"changed": {"fields": ["Release date", "Primary damage type", "Roles"]}}]	7	1
34	2025-11-06 06:46:36.271928+00	87	Chogath	2	[{"changed": {"fields": ["Release date", "Primary damage type", "Roles"]}}]	7	1
35	2025-11-06 06:46:52.977296+00	14	Corki	2	[{"changed": {"fields": ["Release date", "Primary damage type", "Roles"]}}]	7	1
36	2025-11-06 06:47:07.977438+00	95	Darius	2	[{"changed": {"fields": ["Release date", "Primary damage type", "Roles"]}}]	7	1
37	2025-11-06 06:47:23.150505+00	136	Diana	2	[{"changed": {"fields": ["Release date", "Primary damage type", "Roles"]}}]	7	1
38	2025-11-06 06:47:35.839667+00	99	Dr. Mundo	2	[{"changed": {"fields": ["Release date", "Primary damage type", "Roles"]}}]	7	1
39	2025-11-06 06:47:49.465893+00	75	Draven	2	[{"changed": {"fields": ["Release date", "Primary damage type", "Roles"]}}]	7	1
40	2025-11-06 06:48:03.392077+00	154	Ekko	2	[{"changed": {"fields": ["Release date", "Primary damage type", "Roles"]}}]	7	1
41	2025-11-06 06:48:17.805264+00	79	Elise	2	[{"changed": {"fields": ["Release date", "Primary damage type", "Roles"]}}]	7	1
42	2025-11-06 06:48:32.297537+00	160	Evelynn	2	[{"changed": {"fields": ["Release date", "Primary damage type", "Roles"]}}]	7	1
43	2025-11-06 06:48:55.494137+00	13	Ezreal	2	[{"changed": {"fields": ["Release date", "Primary damage type", "Roles"]}}]	7	1
44	2025-11-06 06:49:13.643955+00	117	Fiddlesticks	2	[{"changed": {"fields": ["Release date", "Primary damage type", "Roles"]}}]	7	1
45	2025-11-06 06:49:29.779413+00	73	Fiora	2	[{"changed": {"fields": ["Release date", "Primary damage type", "Roles"]}}]	7	1
46	2025-11-06 06:49:46.965566+00	171	Fizz	2	[{"changed": {"fields": ["Release date", "Primary damage type", "Roles"]}}]	7	1
47	2025-11-06 06:50:05.957137+00	40	Galio	2	[{"changed": {"fields": ["Release date", "Primary damage type", "Roles"]}}]	7	1
48	2025-11-06 06:50:48.353212+00	112	Gangplank	2	[{"changed": {"fields": ["Release date", "Primary damage type", "Roles"]}}]	7	1
49	2025-11-06 06:51:01.838609+00	107	Garen	2	[{"changed": {"fields": ["Release date", "Primary damage type", "Roles"]}}]	7	1
50	2025-11-06 06:51:14.824683+00	53	Gnar	2	[{"changed": {"fields": ["Release date", "Primary damage type", "Roles"]}}]	7	1
51	2025-11-06 06:51:28.265873+00	76	Gragas	2	[{"changed": {"fields": ["Release date", "Primary damage type", "Roles"]}}]	7	1
52	2025-11-06 06:51:39.644314+00	152	Graves	2	[{"changed": {"fields": ["Release date", "Primary damage type", "Roles"]}}]	7	1
53	2025-11-06 06:51:53.389352+00	5	Gwen	2	[{"changed": {"fields": ["Release date", "Primary damage type", "Roles"]}}]	7	1
54	2025-11-06 06:52:09.492308+00	159	Hecarim	2	[{"changed": {"fields": ["Release date", "Primary damage type", "Roles"]}}]	7	1
55	2025-11-06 06:52:23.507771+00	156	Heimerdinger	2	[{"changed": {"fields": ["Release date", "Primary damage type", "Roles"]}}]	7	1
56	2025-11-06 06:52:37.352074+00	64	Hwei	2	[{"changed": {"fields": ["Release date", "Primary damage type", "Roles"]}}]	7	1
57	2025-11-06 06:52:49.800442+00	157	Illaoi	2	[{"changed": {"fields": ["Release date", "Primary damage type", "Roles"]}}]	7	1
58	2025-11-06 06:53:05.902583+00	93	Irelia	2	[{"changed": {"fields": ["Release date", "Primary damage type", "Roles"]}}]	7	1
59	2025-11-06 06:53:20.313373+00	59	Ivern	2	[{"changed": {"fields": ["Release date", "Primary damage type", "Roles"]}}]	7	1
60	2025-11-06 06:53:36.306415+00	128	Janna	2	[{"changed": {"fields": ["Release date", "Primary damage type", "Roles"]}}]	7	1
61	2025-11-06 06:53:49.402191+00	51	Jarvan IV	2	[{"changed": {"fields": ["Release date", "Primary damage type", "Roles"]}}]	7	1
62	2025-11-06 06:54:02.906136+00	42	Jax	2	[{"changed": {"fields": ["Release date", "Primary damage type", "Roles"]}}]	7	1
63	2025-11-06 06:54:20.466822+00	12	Jayce	2	[{"changed": {"fields": ["Release date", "Primary damage type", "Roles"]}}]	7	1
64	2025-11-06 06:54:34.793611+00	37	Jhin	2	[{"changed": {"fields": ["Release date", "Primary damage type", "Roles"]}}]	7	1
65	2025-11-06 06:54:48.450208+00	70	Jinx	2	[{"changed": {"fields": ["Release date", "Primary damage type", "Roles"]}}]	7	1
66	2025-11-06 06:55:00.233432+00	26	Kaisa	2	[{"changed": {"fields": ["Release date", "Primary damage type", "Roles"]}}]	7	1
67	2025-11-06 06:55:22.204294+00	15	Kalista	2	[{"changed": {"fields": ["Release date", "Primary damage type", "Roles"]}}]	7	1
68	2025-11-06 06:55:36.077743+00	63	Karma	2	[{"changed": {"fields": ["Release date", "Primary damage type", "Roles"]}}]	7	1
69	2025-11-06 06:55:47.960003+00	115	Karthus	2	[{"changed": {"fields": ["Release date", "Primary damage type", "Roles"]}}]	7	1
70	2025-11-06 06:55:58.821735+00	153	Kassadin	2	[{"changed": {"fields": ["Release date", "Primary damage type", "Roles"]}}]	7	1
71	2025-11-06 06:56:14.68992+00	158	Katarina	2	[{"changed": {"fields": ["Release date", "Primary damage type", "Roles"]}}]	7	1
72	2025-11-06 06:56:26.525198+00	162	Kayle	2	[{"changed": {"fields": ["Release date", "Primary damage type", "Roles"]}}]	7	1
73	2025-11-06 06:56:37.005876+00	118	Kayn	2	[{"changed": {"fields": ["Release date", "Primary damage type", "Roles"]}}]	7	1
74	2025-11-06 06:56:47.685774+00	103	Kennen	2	[{"changed": {"fields": ["Release date", "Primary damage type", "Roles"]}}]	7	1
75	2025-11-06 06:57:09.355724+00	141	KhaZix	2	[{"changed": {"fields": ["Release date", "Primary damage type", "Roles"]}}]	7	1
76	2025-11-06 06:57:19.850098+00	91	Kindred	2	[{"changed": {"fields": ["Release date", "Primary damage type", "Roles"]}}]	7	1
77	2025-11-06 06:57:35.64339+00	133	Kled	2	[{"changed": {"fields": ["Release date", "Primary damage type", "Roles"]}}]	7	1
78	2025-11-06 06:57:46.405741+00	119	KogMaw	2	[{"changed": {"fields": ["Release date", "Primary damage type", "Roles"]}}]	7	1
79	2025-11-06 06:58:04.329929+00	28	KSante	2	[{"changed": {"fields": ["Release date", "Primary damage type", "Roles"]}}]	7	1
80	2025-11-06 06:58:16.998494+00	82	LeBlanc	2	[{"changed": {"fields": ["Release date", "Primary damage type", "Roles"]}}]	7	1
81	2025-11-06 06:58:27.790804+00	80	Lee Sin	2	[{"changed": {"fields": ["Release date", "Primary damage type", "Roles"]}}]	7	1
82	2025-11-06 06:58:40.238738+00	65	Lillia	2	[{"changed": {"fields": ["Release date", "Primary damage type", "Roles"]}}]	7	1
83	2025-11-06 06:58:53.261973+00	31	Leona	2	[{"changed": {"fields": ["Release date", "Primary damage type", "Roles"]}}]	7	1
84	2025-11-06 06:59:05.139573+00	143	Lissandra	2	[{"changed": {"fields": ["Release date", "Primary damage type", "Roles"]}}]	7	1
85	2025-11-06 06:59:17.190328+00	41	Lucian	2	[{"changed": {"fields": ["Release date", "Primary damage type", "Roles"]}}]	7	1
86	2025-11-06 06:59:29.038836+00	66	Lulu	2	[{"changed": {"fields": ["Release date", "Primary damage type", "Roles"]}}]	7	1
87	2025-11-06 06:59:39.963087+00	114	Lux	2	[{"changed": {"fields": ["Release date", "Primary damage type", "Roles"]}}]	7	1
88	2025-11-06 06:59:53.592157+00	102	Malphite	2	[{"changed": {"fields": ["Release date", "Primary damage type", "Roles"]}}]	7	1
89	2025-11-06 07:00:05.505573+00	164	Malzahar	2	[{"changed": {"fields": ["Release date", "Primary damage type", "Roles"]}}]	7	1
90	2025-11-06 07:00:16.453346+00	27	Maokai	2	[{"changed": {"fields": ["Release date", "Primary damage type", "Roles"]}}]	7	1
91	2025-11-06 07:00:29.608156+00	170	Master Yi	2	[{"changed": {"fields": ["Release date", "Primary damage type", "Roles"]}}]	7	1
92	2025-11-06 07:00:42.463597+00	74	Mel	2	[{"changed": {"fields": ["Release date", "Primary damage type", "Roles"]}}]	7	1
93	2025-11-06 07:00:54.060853+00	108	Milio	2	[{"changed": {"fields": ["Release date", "Primary damage type", "Roles"]}}]	7	1
94	2025-11-06 07:01:06.132851+00	33	Miss Fortune	2	[{"changed": {"fields": ["Release date", "Primary damage type", "Roles"]}}]	7	1
95	2025-11-06 07:01:17.35626+00	121	Mordekaiser	2	[{"changed": {"fields": ["Release date", "Primary damage type", "Roles"]}}]	7	1
96	2025-11-06 07:01:31.658988+00	130	Morgana	2	[{"changed": {"fields": ["Release date", "Primary damage type", "Roles"]}}]	7	1
97	2025-11-06 07:01:43.800002+00	34	Naafiri	2	[{"changed": {"fields": ["Release date", "Primary damage type", "Roles"]}}]	7	1
98	2025-11-06 07:01:55.695173+00	92	Nami	2	[{"changed": {"fields": ["Release date", "Primary damage type", "Roles"]}}]	7	1
99	2025-11-06 07:02:08.71726+00	163	Nasus	2	[{"changed": {"fields": ["Release date", "Primary damage type", "Roles"]}}]	7	1
100	2025-11-06 07:02:21.968867+00	17	Nautilus	2	[{"changed": {"fields": ["Release date", "Primary damage type", "Roles"]}}]	7	1
101	2025-11-06 07:02:36.552455+00	23	Neeko	2	[{"changed": {"fields": ["Release date", "Primary damage type", "Roles"]}}]	7	1
102	2025-11-06 07:02:48.098944+00	71	Nidalee	2	[{"changed": {"fields": ["Release date", "Primary damage type", "Roles"]}}]	7	1
103	2025-11-06 07:02:59.913887+00	139	Nilah	2	[{"changed": {"fields": ["Release date", "Primary damage type", "Roles"]}}]	7	1
104	2025-11-06 07:03:10.546329+00	36	Nocturne	2	[{"changed": {"fields": ["Release date", "Primary damage type", "Roles"]}}]	7	1
105	2025-11-06 07:03:21.447005+00	131	Nunu	2	[{"changed": {"fields": ["Release date", "Primary damage type", "Roles"]}}]	7	1
106	2025-11-06 07:03:32.758027+00	83	Olaf	2	[{"changed": {"fields": ["Release date", "Primary damage type", "Roles"]}}]	7	1
107	2025-11-06 07:03:44.164939+00	22	Orianna	2	[{"changed": {"fields": ["Release date", "Primary damage type", "Roles"]}}]	7	1
108	2025-11-06 07:04:01.985162+00	57	Ornn	2	[{"changed": {"fields": ["Release date", "Primary damage type", "Roles"]}}]	7	1
109	2025-11-06 07:04:14.950848+00	6	Pantheon	2	[{"changed": {"fields": ["Release date", "Primary damage type", "Roles"]}}]	7	1
110	2025-11-06 07:04:26.634852+00	9	Poppy	2	[{"changed": {"fields": ["Release date", "Primary damage type", "Roles"]}}]	7	1
111	2025-11-06 07:04:44.735462+00	84	Pyke	2	[{"changed": {"fields": ["Release date", "Primary damage type", "Roles"]}}]	7	1
112	2025-11-06 07:04:57.828975+00	90	Qiyana	2	[{"changed": {"fields": ["Release date", "Primary damage type", "Roles"]}}]	7	1
113	2025-11-06 07:05:11.618286+00	161	Quinn	2	[{"changed": {"fields": ["Release date", "Primary damage type", "Roles"]}}]	7	1
114	2025-11-06 07:05:26.316968+00	19	Rakan	2	[{"changed": {"fields": ["Release date", "Primary damage type", "Roles"]}}]	7	1
115	2025-11-06 07:05:37.641487+00	169	Rammus	2	[{"changed": {"fields": ["Release date", "Primary damage type", "Roles"]}}]	7	1
116	2025-11-06 07:05:51.400481+00	116	RekSai	2	[{"changed": {"fields": ["Release date", "Primary damage type", "Roles"]}}]	7	1
117	2025-11-06 07:06:01.893612+00	10	Rell	2	[{"changed": {"fields": ["Release date", "Primary damage type", "Roles"]}}]	7	1
118	2025-11-06 07:06:14.432079+00	55	Renata Glasc	2	[{"changed": {"fields": ["Release date", "Primary damage type", "Roles"]}}]	7	1
119	2025-11-06 07:06:26.100882+00	38	Renekton	2	[{"changed": {"fields": ["Release date", "Primary damage type", "Roles"]}}]	7	1
120	2025-11-06 07:06:37.162951+00	144	Rengar	2	[{"changed": {"fields": ["Release date", "Primary damage type", "Roles"]}}]	7	1
121	2025-11-06 07:06:47.233323+00	123	Riven	2	[{"changed": {"fields": ["Release date", "Primary damage type", "Roles"]}}]	7	1
122	2025-11-06 07:06:57.823034+00	3	Rumble	2	[{"changed": {"fields": ["Release date", "Primary damage type", "Roles"]}}]	7	1
123	2025-11-06 07:07:08.196349+00	43	Ryze	2	[{"changed": {"fields": ["Release date", "Primary damage type", "Roles"]}}]	7	1
124	2025-11-06 07:07:19.980626+00	167	Samira	2	[{"changed": {"fields": ["Release date", "Primary damage type", "Roles"]}}]	7	1
125	2025-11-06 07:07:30.881253+00	29	Sejuani	2	[{"changed": {"fields": ["Release date", "Primary damage type", "Roles"]}}]	7	1
126	2025-11-06 07:07:41.989658+00	67	Senna	2	[{"changed": {"fields": ["Release date", "Primary damage type", "Roles"]}}]	7	1
127	2025-11-06 07:07:54.500381+00	97	Seraphine	2	[{"changed": {"fields": ["Release date", "Primary damage type", "Roles"]}}]	7	1
128	2025-11-06 07:08:04.628721+00	109	Sett	2	[{"changed": {"fields": ["Release date", "Primary damage type", "Roles"]}}]	7	1
129	2025-11-06 07:08:15.083923+00	155	Shaco	2	[{"changed": {"fields": ["Release date", "Primary damage type", "Roles"]}}]	7	1
130	2025-11-06 07:08:24.59928+00	81	Shen	2	[{"changed": {"fields": ["Release date", "Primary damage type", "Roles"]}}]	7	1
131	2025-11-06 07:08:35.786328+00	151	Shyvana	2	[{"changed": {"fields": ["Release date", "Primary damage type", "Roles"]}}]	7	1
132	2025-11-06 07:08:47.464707+00	166	Singed	2	[{"changed": {"fields": ["Release date", "Primary damage type", "Roles"]}}]	7	1
133	2025-11-06 07:08:56.357094+00	30	Sion	2	[{"changed": {"fields": ["Release date", "Primary damage type", "Roles"]}}]	7	1
134	2025-11-06 07:09:08.807156+00	50	Sivir	2	[{"changed": {"fields": ["Release date", "Primary damage type", "Roles"]}}]	7	1
135	2025-11-06 07:09:21.289947+00	20	Skarner	2	[{"changed": {"fields": ["Release date", "Primary damage type", "Roles"]}}]	7	1
136	2025-11-06 07:09:32.276539+00	77	Smolder	2	[{"changed": {"fields": ["Release date", "Primary damage type", "Roles"]}}]	7	1
137	2025-11-06 07:09:42.575519+00	165	Sona	2	[{"changed": {"fields": ["Release date", "Primary damage type", "Roles"]}}]	7	1
138	2025-11-06 07:09:53.458116+00	140	Soraka	2	[{"changed": {"fields": ["Release date", "Primary damage type", "Roles"]}}]	7	1
139	2025-11-06 07:10:04.051918+00	111	Swain	2	[{"changed": {"fields": ["Release date", "Primary damage type", "Roles"]}}]	7	1
140	2025-11-06 07:10:16.893634+00	47	Sylas	2	[{"changed": {"fields": ["Release date", "Primary damage type", "Roles"]}}]	7	1
141	2025-11-06 07:10:27.003841+00	62	Syndra	2	[{"changed": {"fields": ["Release date", "Primary damage type", "Roles"]}}]	7	1
142	2025-11-06 07:10:38.119786+00	122	Tahm Kench	2	[{"changed": {"fields": ["Release date", "Primary damage type", "Roles"]}}]	7	1
143	2025-11-06 07:10:49.60831+00	7	Taliyah	2	[{"changed": {"fields": ["Release date", "Primary damage type", "Roles"]}}]	7	1
144	2025-11-06 07:10:59.379836+00	138	Talon	2	[{"changed": {"fields": ["Release date", "Primary damage type", "Roles"]}}]	7	1
145	2025-11-06 07:11:09.780228+00	124	Taric	2	[{"changed": {"fields": ["Release date", "Primary damage type", "Roles"]}}]	7	1
146	2025-11-06 07:11:19.960837+00	150	Teemo	2	[{"changed": {"fields": ["Release date", "Primary damage type", "Roles"]}}]	7	1
147	2025-11-06 07:11:32.339331+00	100	Thresh	2	[{"changed": {"fields": ["Release date", "Primary damage type", "Roles"]}}]	7	1
148	2025-11-06 07:11:40.677198+00	60	Tristana	2	[{"changed": {"fields": ["Release date", "Primary damage type", "Roles"]}}]	7	1
149	2025-11-06 07:11:53.614223+00	39	Trundle	2	[{"changed": {"fields": ["Release date", "Primary damage type", "Roles"]}}]	7	1
150	2025-11-06 07:12:03.005192+00	147	Tryndamere	2	[{"changed": {"fields": ["Release date", "Primary damage type", "Roles"]}}]	7	1
151	2025-11-06 07:12:14.499872+00	101	Twisted Fate	2	[{"changed": {"fields": ["Release date", "Primary damage type", "Roles"]}}]	7	1
152	2025-11-06 07:12:23.17753+00	135	Twitch	2	[{"changed": {"fields": ["Release date", "Primary damage type", "Roles"]}}]	7	1
153	2025-11-06 07:12:33.15549+00	104	Udyr	2	[{"changed": {"fields": ["Release date", "Primary damage type", "Roles"]}}]	7	1
154	2025-11-06 07:12:43.099404+00	1	Varus	2	[{"changed": {"fields": ["Release date", "Primary damage type", "Roles"]}}]	7	1
155	2025-11-06 07:12:52.682921+00	134	Urgot	2	[{"changed": {"fields": ["Release date", "Primary damage type", "Roles"]}}]	7	1
156	2025-11-06 07:13:01.512919+00	132	Vayne	2	[{"changed": {"fields": ["Release date", "Primary damage type", "Roles"]}}]	7	1
157	2025-11-06 07:13:10.886767+00	148	Veigar	2	[{"changed": {"fields": ["Release date", "Primary damage type", "Roles"]}}]	7	1
158	2025-11-06 07:13:26.481424+00	149	VelKoz	2	[{"changed": {"fields": ["Release date", "Primary damage type", "Roles"]}}]	7	1
159	2025-11-06 07:13:37.153963+00	146	Vex	2	[{"changed": {"fields": ["Release date", "Primary damage type", "Roles"]}}]	7	1
160	2025-11-06 07:13:49.424011+00	2	Vi	2	[{"changed": {"fields": ["Release date", "Primary damage type", "Roles"]}}]	7	1
161	2025-11-06 07:13:59.388155+00	54	Viego	2	[{"changed": {"fields": ["Release date", "Primary damage type", "Roles"]}}]	7	1
162	2025-11-06 07:14:08.293414+00	35	Viktor	2	[{"changed": {"fields": ["Release date", "Primary damage type", "Roles"]}}]	7	1
163	2025-11-06 07:14:19.205874+00	110	Vladimir	2	[{"changed": {"fields": ["Release date", "Primary damage type", "Roles"]}}]	7	1
164	2025-11-06 07:14:29.429218+00	98	Volibear	2	[{"changed": {"fields": ["Release date", "Primary damage type", "Roles"]}}]	7	1
165	2025-11-06 07:14:42.376963+00	126	Warwick	2	[{"changed": {"fields": ["Release date", "Primary damage type", "Roles"]}}]	7	1
166	2025-11-06 07:14:50.856503+00	25	Wukong	2	[{"changed": {"fields": ["Release date", "Primary damage type", "Roles"]}}]	7	1
167	2025-11-06 07:15:02.232314+00	44	Xayah	2	[{"changed": {"fields": ["Release date", "Primary damage type", "Roles"]}}]	7	1
168	2025-11-06 07:15:13.011468+00	129	Xerath	2	[{"changed": {"fields": ["Release date", "Primary damage type", "Roles"]}}]	7	1
169	2025-11-06 07:15:27.822143+00	16	Xin Zhao	2	[{"changed": {"fields": ["Release date", "Primary damage type", "Roles"]}}]	7	1
170	2025-11-06 07:15:42.89354+00	96	Yasuo	2	[{"changed": {"fields": ["Release date", "Primary damage type", "Roles"]}}]	7	1
171	2025-11-06 07:15:55.153647+00	18	Yone	2	[{"changed": {"fields": ["Release date", "Primary damage type", "Roles"]}}]	7	1
172	2025-11-06 07:16:05.748982+00	56	Yorick	2	[{"changed": {"fields": ["Release date", "Primary damage type", "Roles"]}}]	7	1
173	2025-11-06 07:16:15.259239+00	45	Yunara	2	[{"changed": {"fields": ["Release date", "Primary damage type", "Roles"]}}]	7	1
174	2025-11-06 07:16:28.759004+00	142	Yuumi	2	[{"changed": {"fields": ["Release date", "Primary damage type", "Roles"]}}]	7	1
175	2025-11-06 07:16:39.534704+00	105	Zac	2	[{"changed": {"fields": ["Release date", "Primary damage type", "Roles"]}}]	7	1
176	2025-11-06 07:16:50.225793+00	86	Zed	2	[{"changed": {"fields": ["Release date", "Primary damage type", "Roles"]}}]	7	1
177	2025-11-06 07:17:01.491808+00	78	Zeri	2	[{"changed": {"fields": ["Release date", "Primary damage type", "Roles"]}}]	7	1
178	2025-11-06 07:17:14.092377+00	68	Ziggs	2	[{"changed": {"fields": ["Release date", "Primary damage type", "Roles"]}}]	7	1
179	2025-11-06 07:17:25.112058+00	145	Zilean	2	[{"changed": {"fields": ["Release date", "Primary damage type", "Roles"]}}]	7	1
180	2025-11-06 07:17:39.102719+00	94	Zoe	2	[{"changed": {"fields": ["Release date", "Primary damage type", "Roles"]}}]	7	1
181	2025-11-06 07:17:49.883816+00	49	Zyra	2	[{"changed": {"fields": ["Release date", "Primary damage type"]}}]	7	1
182	2025-11-08 01:37:39.587529+00	1	S5	1	[{"added": {}}]	11	1
183	2025-11-08 01:37:42.925365+00	2	S6	1	[{"added": {}}]	11	1
184	2025-11-08 01:37:48.013117+00	3	S7	1	[{"added": {}}]	11	1
185	2025-11-08 01:37:51.619505+00	4	S8	1	[{"added": {}}]	11	1
186	2025-11-08 01:37:58.867971+00	5	S9	1	[{"added": {}}]	11	1
187	2025-11-08 01:38:02.085649+00	6	S10	1	[{"added": {}}]	11	1
188	2025-11-08 01:38:10.16902+00	7	S11	1	[{"added": {}}]	11	1
189	2025-11-08 01:38:12.810081+00	8	S12	1	[{"added": {}}]	11	1
190	2025-11-08 01:38:16.484612+00	9	S13	1	[{"added": {}}]	11	1
191	2025-11-08 01:38:19.39795+00	10	S14	1	[{"added": {}}]	11	1
192	2025-11-08 01:38:22.251085+00	11	S15	1	[{"added": {}}]	11	1
193	2025-11-08 02:03:45.323189+00	1	S5	3		11	1
\.


--
-- TOC entry 3702 (class 0 OID 16449)
-- Dependencies: 235
-- Data for Name: django_content_type; Type: TABLE DATA; Schema: public; Owner: -
--

COPY public.django_content_type (id, app_label, model) FROM stdin;
1	admin	logentry
2	auth	permission
3	auth	group
4	auth	user
5	contenttypes	contenttype
6	sessions	session
7	league	champion
8	league	championpatch
9	league	game
10	league	patch
11	league	season
12	league	team
13	league	winlossrecord
14	league	tournament
15	league	teamtournament
16	league	role
17	league	championrole
18	league	championseasonstats
\.


--
-- TOC entry 3704 (class 0 OID 16453)
-- Dependencies: 237
-- Data for Name: django_migrations; Type: TABLE DATA; Schema: public; Owner: -
--

COPY public.django_migrations (id, app, name, applied) FROM stdin;
1	contenttypes	0001_initial	2025-11-06 03:08:37.536988+00
2	auth	0001_initial	2025-11-06 03:08:37.579163+00
3	admin	0001_initial	2025-11-06 03:08:37.589397+00
4	admin	0002_logentry_remove_auto_add	2025-11-06 03:08:37.593092+00
5	admin	0003_logentry_add_action_flag_choices	2025-11-06 03:08:37.5958+00
6	contenttypes	0002_remove_content_type_name	2025-11-06 03:08:37.602518+00
7	auth	0002_alter_permission_name_max_length	2025-11-06 03:08:37.605579+00
8	auth	0003_alter_user_email_max_length	2025-11-06 03:08:37.608216+00
9	auth	0004_alter_user_username_opts	2025-11-06 03:08:37.61094+00
10	auth	0005_alter_user_last_login_null	2025-11-06 03:08:37.61329+00
11	auth	0006_require_contenttypes_0002	2025-11-06 03:08:37.614202+00
12	auth	0007_alter_validators_add_error_messages	2025-11-06 03:08:37.61683+00
13	auth	0008_alter_user_username_max_length	2025-11-06 03:08:37.6222+00
14	auth	0009_alter_user_last_name_max_length	2025-11-06 03:08:37.624907+00
15	auth	0010_alter_group_name_max_length	2025-11-06 03:08:37.627689+00
16	auth	0011_update_proxy_permissions	2025-11-06 03:08:37.630102+00
17	auth	0012_alter_user_first_name_max_length	2025-11-06 03:08:37.632859+00
18	sessions	0001_initial	2025-11-06 03:08:37.639793+00
19	league	0001_initial	2025-11-06 03:15:11.365166+00
20	league	0002_champion_kda_champion_avg_bt_champion_avg_rp_and_more	2025-11-06 04:07:25.162681+00
21	league	0003_remove_champion_damage_type_and_more	2025-11-06 06:15:14.614254+00
22	league	0004_role_alter_champion_primary_role_champion_roles	2025-11-06 06:34:42.006696+00
23	league	0005_remove_champion_primary_role	2025-11-06 06:37:00.053119+00
24	league	0006_championrole_alter_champion_roles	2025-11-06 23:49:12.196304+00
25	league	0007_championrole_alter_champion_roles	2025-11-07 00:33:36.662746+00
27	league	0008_championseasonstats_remove_champion_kda_and_more	2025-11-08 01:25:03.889795+00
28	league	0009_remove_season_date	2025-11-08 01:32:51.821468+00
\.


--
-- TOC entry 3706 (class 0 OID 16459)
-- Dependencies: 239
-- Data for Name: django_session; Type: TABLE DATA; Schema: public; Owner: -
--

COPY public.django_session (session_key, session_data, expire_date) FROM stdin;
h95z44x214i51apido0h76qt55quorn1	.eJxVjMEOwiAQRP-FsyFdKKV69O43kN2FlaqBpLQn47_bJj3obTLvzbxVwHXJYW1pDlNUFwXq9NsR8jOVHcQHlnvVXMsyT6R3RR-06VuN6XU93L-DjC1va5Zzx86ABQNsyDkaInuRzntvkWQcXS8UAZB8PyTuwG7iliUxOhH1-QLm0jh_:1vGtLD:XX9hK-CUr076x_d2dSVTep4qtCRlIxve1IC2quEA4vw	2025-11-20 06:19:27.963954+00
\.


--
-- TOC entry 3707 (class 0 OID 16464)
-- Dependencies: 240
-- Data for Name: games; Type: TABLE DATA; Schema: public; Owner: -
--

COPY public.games (id, date, created_at, updated_at, blue_team_id, blue_team_champion_pick_1_id, blue_team_champion_pick_2_id, blue_team_champion_pick_3_id, blue_team_champion_pick_4_id, blue_team_champion_pick_5_id, bot_lane_winning_team_id, mid_lane_winning_team_id, patch_id, red_team_id, red_team_champion_pick_1_id, red_team_champion_pick_2_id, red_team_champion_pick_3_id, red_team_champion_pick_4_id, red_team_champion_pick_5_id, season_id, top_lane_winning_team_id, tournament_id, winning_team_id) FROM stdin;
\.


--
-- TOC entry 3709 (class 0 OID 16468)
-- Dependencies: 242
-- Data for Name: patches; Type: TABLE DATA; Schema: public; Owner: -
--

COPY public.patches (id, version_num, date, created_at, updated_at) FROM stdin;
\.


--
-- TOC entry 3711 (class 0 OID 16472)
-- Dependencies: 244
-- Data for Name: roles; Type: TABLE DATA; Schema: public; Owner: -
--

COPY public.roles (id, name, created_at, updated_at) FROM stdin;
1	Top	2025-11-06 06:38:13.619575+00	2025-11-06 06:38:13.619584+00
2	Jungle	2025-11-06 06:38:17.942931+00	2025-11-06 06:38:17.942939+00
3	Mid	2025-11-06 06:38:20.541841+00	2025-11-06 06:38:20.541856+00
5	Support	2025-11-06 06:38:28.21913+00	2025-11-06 06:38:28.219137+00
4	Bot	2025-11-06 06:38:25.963815+00	2025-11-06 06:38:34.308867+00
\.


--
-- TOC entry 3713 (class 0 OID 16476)
-- Dependencies: 246
-- Data for Name: seasons; Type: TABLE DATA; Schema: public; Owner: -
--

COPY public.seasons (id, name, created_at, updated_at) FROM stdin;
2	S6	2025-11-08 01:37:42.924452+00	2025-11-08 01:37:42.924459+00
3	S7	2025-11-08 01:37:48.012195+00	2025-11-08 01:37:48.012202+00
4	S8	2025-11-08 01:37:51.618412+00	2025-11-08 01:37:51.618418+00
5	S9	2025-11-08 01:37:58.867032+00	2025-11-08 01:37:58.867039+00
6	S10	2025-11-08 01:38:02.084711+00	2025-11-08 01:38:02.084718+00
7	S11	2025-11-08 01:38:10.168154+00	2025-11-08 01:38:10.16816+00
8	S12	2025-11-08 01:38:12.809096+00	2025-11-08 01:38:12.809102+00
9	S13	2025-11-08 01:38:16.483709+00	2025-11-08 01:38:16.483716+00
10	S14	2025-11-08 01:38:19.397052+00	2025-11-08 01:38:19.39706+00
11	S15	2025-11-08 01:38:22.250161+00	2025-11-08 01:38:22.250168+00
\.


--
-- TOC entry 3715 (class 0 OID 16480)
-- Dependencies: 248
-- Data for Name: team_tournaments; Type: TABLE DATA; Schema: public; Owner: -
--

COPY public.team_tournaments (id, placement, created_at, updated_at, team_id, tournament_id) FROM stdin;
\.


--
-- TOC entry 3717 (class 0 OID 16484)
-- Dependencies: 250
-- Data for Name: teams; Type: TABLE DATA; Schema: public; Owner: -
--

COPY public.teams (id, name, region, created_at, updated_at) FROM stdin;
\.


--
-- TOC entry 3719 (class 0 OID 16488)
-- Dependencies: 252
-- Data for Name: tournaments; Type: TABLE DATA; Schema: public; Owner: -
--

COPY public.tournaments (id, name, tier, date, created_at, updated_at, patch_id) FROM stdin;
\.


--
-- TOC entry 3729 (class 0 OID 0)
-- Dependencies: 216
-- Name: auth_group_id_seq; Type: SEQUENCE SET; Schema: public; Owner: -
--

SELECT pg_catalog.setval('public.auth_group_id_seq', 1, false);


--
-- TOC entry 3730 (class 0 OID 0)
-- Dependencies: 218
-- Name: auth_group_permissions_id_seq; Type: SEQUENCE SET; Schema: public; Owner: -
--

SELECT pg_catalog.setval('public.auth_group_permissions_id_seq', 1, false);


--
-- TOC entry 3731 (class 0 OID 0)
-- Dependencies: 220
-- Name: auth_permission_id_seq; Type: SEQUENCE SET; Schema: public; Owner: -
--

SELECT pg_catalog.setval('public.auth_permission_id_seq', 72, true);


--
-- TOC entry 3732 (class 0 OID 0)
-- Dependencies: 223
-- Name: auth_user_groups_id_seq; Type: SEQUENCE SET; Schema: public; Owner: -
--

SELECT pg_catalog.setval('public.auth_user_groups_id_seq', 1, false);


--
-- TOC entry 3733 (class 0 OID 0)
-- Dependencies: 224
-- Name: auth_user_id_seq; Type: SEQUENCE SET; Schema: public; Owner: -
--

SELECT pg_catalog.setval('public.auth_user_id_seq', 1, true);


--
-- TOC entry 3734 (class 0 OID 0)
-- Dependencies: 226
-- Name: auth_user_user_permissions_id_seq; Type: SEQUENCE SET; Schema: public; Owner: -
--

SELECT pg_catalog.setval('public.auth_user_user_permissions_id_seq', 1, false);


--
-- TOC entry 3735 (class 0 OID 0)
-- Dependencies: 228
-- Name: champion_patches_id_seq; Type: SEQUENCE SET; Schema: public; Owner: -
--

SELECT pg_catalog.setval('public.champion_patches_id_seq', 1, false);


--
-- TOC entry 3736 (class 0 OID 0)
-- Dependencies: 254
-- Name: champion_season_stats_id_seq; Type: SEQUENCE SET; Schema: public; Owner: -
--

SELECT pg_catalog.setval('public.champion_season_stats_id_seq', 1710, true);


--
-- TOC entry 3737 (class 0 OID 0)
-- Dependencies: 230
-- Name: champions_id_seq; Type: SEQUENCE SET; Schema: public; Owner: -
--

SELECT pg_catalog.setval('public.champions_id_seq', 171, true);


--
-- TOC entry 3738 (class 0 OID 0)
-- Dependencies: 232
-- Name: champions_roles_id_seq; Type: SEQUENCE SET; Schema: public; Owner: -
--

SELECT pg_catalog.setval('public.champions_roles_id_seq', 197, true);


--
-- TOC entry 3739 (class 0 OID 0)
-- Dependencies: 234
-- Name: django_admin_log_id_seq; Type: SEQUENCE SET; Schema: public; Owner: -
--

SELECT pg_catalog.setval('public.django_admin_log_id_seq', 193, true);


--
-- TOC entry 3740 (class 0 OID 0)
-- Dependencies: 236
-- Name: django_content_type_id_seq; Type: SEQUENCE SET; Schema: public; Owner: -
--

SELECT pg_catalog.setval('public.django_content_type_id_seq', 18, true);


--
-- TOC entry 3741 (class 0 OID 0)
-- Dependencies: 238
-- Name: django_migrations_id_seq; Type: SEQUENCE SET; Schema: public; Owner: -
--

SELECT pg_catalog.setval('public.django_migrations_id_seq', 28, true);


--
-- TOC entry 3742 (class 0 OID 0)
-- Dependencies: 241
-- Name: games_id_seq; Type: SEQUENCE SET; Schema: public; Owner: -
--

SELECT pg_catalog.setval('public.games_id_seq', 1, false);


--
-- TOC entry 3743 (class 0 OID 0)
-- Dependencies: 243
-- Name: patches_id_seq; Type: SEQUENCE SET; Schema: public; Owner: -
--

SELECT pg_catalog.setval('public.patches_id_seq', 1, false);


--
-- TOC entry 3744 (class 0 OID 0)
-- Dependencies: 245
-- Name: roles_id_seq; Type: SEQUENCE SET; Schema: public; Owner: -
--

SELECT pg_catalog.setval('public.roles_id_seq', 5, true);


--
-- TOC entry 3745 (class 0 OID 0)
-- Dependencies: 247
-- Name: seasons_id_seq; Type: SEQUENCE SET; Schema: public; Owner: -
--

SELECT pg_catalog.setval('public.seasons_id_seq', 11, true);


--
-- TOC entry 3746 (class 0 OID 0)
-- Dependencies: 249
-- Name: team_tournaments_id_seq; Type: SEQUENCE SET; Schema: public; Owner: -
--

SELECT pg_catalog.setval('public.team_tournaments_id_seq', 1, false);


--
-- TOC entry 3747 (class 0 OID 0)
-- Dependencies: 251
-- Name: teams_id_seq; Type: SEQUENCE SET; Schema: public; Owner: -
--

SELECT pg_catalog.setval('public.teams_id_seq', 1, false);


--
-- TOC entry 3748 (class 0 OID 0)
-- Dependencies: 253
-- Name: tournaments_id_seq; Type: SEQUENCE SET; Schema: public; Owner: -
--

SELECT pg_catalog.setval('public.tournaments_id_seq', 1, false);


--
-- TOC entry 3367 (class 2606 OID 16497)
-- Name: auth_group auth_group_name_key; Type: CONSTRAINT; Schema: public; Owner: -
--

ALTER TABLE ONLY public.auth_group
    ADD CONSTRAINT auth_group_name_key UNIQUE (name);


--
-- TOC entry 3372 (class 2606 OID 16499)
-- Name: auth_group_permissions auth_group_permissions_group_id_permission_id_0cd325b0_uniq; Type: CONSTRAINT; Schema: public; Owner: -
--

ALTER TABLE ONLY public.auth_group_permissions
    ADD CONSTRAINT auth_group_permissions_group_id_permission_id_0cd325b0_uniq UNIQUE (group_id, permission_id);


--
-- TOC entry 3375 (class 2606 OID 16501)
-- Name: auth_group_permissions auth_group_permissions_pkey; Type: CONSTRAINT; Schema: public; Owner: -
--

ALTER TABLE ONLY public.auth_group_permissions
    ADD CONSTRAINT auth_group_permissions_pkey PRIMARY KEY (id);


--
-- TOC entry 3369 (class 2606 OID 16503)
-- Name: auth_group auth_group_pkey; Type: CONSTRAINT; Schema: public; Owner: -
--

ALTER TABLE ONLY public.auth_group
    ADD CONSTRAINT auth_group_pkey PRIMARY KEY (id);


--
-- TOC entry 3378 (class 2606 OID 16505)
-- Name: auth_permission auth_permission_content_type_id_codename_01ab375a_uniq; Type: CONSTRAINT; Schema: public; Owner: -
--

ALTER TABLE ONLY public.auth_permission
    ADD CONSTRAINT auth_permission_content_type_id_codename_01ab375a_uniq UNIQUE (content_type_id, codename);


--
-- TOC entry 3380 (class 2606 OID 16507)
-- Name: auth_permission auth_permission_pkey; Type: CONSTRAINT; Schema: public; Owner: -
--

ALTER TABLE ONLY public.auth_permission
    ADD CONSTRAINT auth_permission_pkey PRIMARY KEY (id);


--
-- TOC entry 3388 (class 2606 OID 16509)
-- Name: auth_user_groups auth_user_groups_pkey; Type: CONSTRAINT; Schema: public; Owner: -
--

ALTER TABLE ONLY public.auth_user_groups
    ADD CONSTRAINT auth_user_groups_pkey PRIMARY KEY (id);


--
-- TOC entry 3391 (class 2606 OID 16511)
-- Name: auth_user_groups auth_user_groups_user_id_group_id_94350c0c_uniq; Type: CONSTRAINT; Schema: public; Owner: -
--

ALTER TABLE ONLY public.auth_user_groups
    ADD CONSTRAINT auth_user_groups_user_id_group_id_94350c0c_uniq UNIQUE (user_id, group_id);


--
-- TOC entry 3382 (class 2606 OID 16513)
-- Name: auth_user auth_user_pkey; Type: CONSTRAINT; Schema: public; Owner: -
--

ALTER TABLE ONLY public.auth_user
    ADD CONSTRAINT auth_user_pkey PRIMARY KEY (id);


--
-- TOC entry 3394 (class 2606 OID 16515)
-- Name: auth_user_user_permissions auth_user_user_permissions_pkey; Type: CONSTRAINT; Schema: public; Owner: -
--

ALTER TABLE ONLY public.auth_user_user_permissions
    ADD CONSTRAINT auth_user_user_permissions_pkey PRIMARY KEY (id);


--
-- TOC entry 3397 (class 2606 OID 16517)
-- Name: auth_user_user_permissions auth_user_user_permissions_user_id_permission_id_14a6b632_uniq; Type: CONSTRAINT; Schema: public; Owner: -
--

ALTER TABLE ONLY public.auth_user_user_permissions
    ADD CONSTRAINT auth_user_user_permissions_user_id_permission_id_14a6b632_uniq UNIQUE (user_id, permission_id);


--
-- TOC entry 3385 (class 2606 OID 16519)
-- Name: auth_user auth_user_username_key; Type: CONSTRAINT; Schema: public; Owner: -
--

ALTER TABLE ONLY public.auth_user
    ADD CONSTRAINT auth_user_username_key UNIQUE (username);


--
-- TOC entry 3402 (class 2606 OID 16521)
-- Name: champion_patches champion_patches_champion_id_patch_id_233ceb22_uniq; Type: CONSTRAINT; Schema: public; Owner: -
--

ALTER TABLE ONLY public.champion_patches
    ADD CONSTRAINT champion_patches_champion_id_patch_id_233ceb22_uniq UNIQUE (champion_id, patch_id);


--
-- TOC entry 3405 (class 2606 OID 16523)
-- Name: champion_patches champion_patches_pkey; Type: CONSTRAINT; Schema: public; Owner: -
--

ALTER TABLE ONLY public.champion_patches
    ADD CONSTRAINT champion_patches_pkey PRIMARY KEY (id);


--
-- TOC entry 3499 (class 2606 OID 16930)
-- Name: champion_season_stats champion_season_stats_champion_id_season_id_df1a3389_uniq; Type: CONSTRAINT; Schema: public; Owner: -
--

ALTER TABLE ONLY public.champion_season_stats
    ADD CONSTRAINT champion_season_stats_champion_id_season_id_df1a3389_uniq UNIQUE (champion_id, season_id);


--
-- TOC entry 3501 (class 2606 OID 16916)
-- Name: champion_season_stats champion_season_stats_pkey; Type: CONSTRAINT; Schema: public; Owner: -
--

ALTER TABLE ONLY public.champion_season_stats
    ADD CONSTRAINT champion_season_stats_pkey PRIMARY KEY (id);


--
-- TOC entry 3408 (class 2606 OID 16525)
-- Name: champions champions_name_key; Type: CONSTRAINT; Schema: public; Owner: -
--

ALTER TABLE ONLY public.champions
    ADD CONSTRAINT champions_name_key UNIQUE (name);


--
-- TOC entry 3410 (class 2606 OID 16527)
-- Name: champions champions_pkey; Type: CONSTRAINT; Schema: public; Owner: -
--

ALTER TABLE ONLY public.champions
    ADD CONSTRAINT champions_pkey PRIMARY KEY (id);


--
-- TOC entry 3413 (class 2606 OID 16529)
-- Name: champions_roles champions_roles_champion_id_role_id_a61f8e1b_uniq; Type: CONSTRAINT; Schema: public; Owner: -
--

ALTER TABLE ONLY public.champions_roles
    ADD CONSTRAINT champions_roles_champion_id_role_id_a61f8e1b_uniq UNIQUE (champion_id, role_id);


--
-- TOC entry 3415 (class 2606 OID 16531)
-- Name: champions_roles champions_roles_pkey; Type: CONSTRAINT; Schema: public; Owner: -
--

ALTER TABLE ONLY public.champions_roles
    ADD CONSTRAINT champions_roles_pkey PRIMARY KEY (id);


--
-- TOC entry 3419 (class 2606 OID 16533)
-- Name: django_admin_log django_admin_log_pkey; Type: CONSTRAINT; Schema: public; Owner: -
--

ALTER TABLE ONLY public.django_admin_log
    ADD CONSTRAINT django_admin_log_pkey PRIMARY KEY (id);


--
-- TOC entry 3422 (class 2606 OID 16535)
-- Name: django_content_type django_content_type_app_label_model_76bd3d3b_uniq; Type: CONSTRAINT; Schema: public; Owner: -
--

ALTER TABLE ONLY public.django_content_type
    ADD CONSTRAINT django_content_type_app_label_model_76bd3d3b_uniq UNIQUE (app_label, model);


--
-- TOC entry 3424 (class 2606 OID 16537)
-- Name: django_content_type django_content_type_pkey; Type: CONSTRAINT; Schema: public; Owner: -
--

ALTER TABLE ONLY public.django_content_type
    ADD CONSTRAINT django_content_type_pkey PRIMARY KEY (id);


--
-- TOC entry 3426 (class 2606 OID 16539)
-- Name: django_migrations django_migrations_pkey; Type: CONSTRAINT; Schema: public; Owner: -
--

ALTER TABLE ONLY public.django_migrations
    ADD CONSTRAINT django_migrations_pkey PRIMARY KEY (id);


--
-- TOC entry 3429 (class 2606 OID 16541)
-- Name: django_session django_session_pkey; Type: CONSTRAINT; Schema: public; Owner: -
--

ALTER TABLE ONLY public.django_session
    ADD CONSTRAINT django_session_pkey PRIMARY KEY (session_key);


--
-- TOC entry 3444 (class 2606 OID 16543)
-- Name: games games_pkey; Type: CONSTRAINT; Schema: public; Owner: -
--

ALTER TABLE ONLY public.games
    ADD CONSTRAINT games_pkey PRIMARY KEY (id);


--
-- TOC entry 3461 (class 2606 OID 16545)
-- Name: patches patches_pkey; Type: CONSTRAINT; Schema: public; Owner: -
--

ALTER TABLE ONLY public.patches
    ADD CONSTRAINT patches_pkey PRIMARY KEY (id);


--
-- TOC entry 3465 (class 2606 OID 16547)
-- Name: patches patches_version_num_key; Type: CONSTRAINT; Schema: public; Owner: -
--

ALTER TABLE ONLY public.patches
    ADD CONSTRAINT patches_version_num_key UNIQUE (version_num);


--
-- TOC entry 3468 (class 2606 OID 16549)
-- Name: roles roles_name_key; Type: CONSTRAINT; Schema: public; Owner: -
--

ALTER TABLE ONLY public.roles
    ADD CONSTRAINT roles_name_key UNIQUE (name);


--
-- TOC entry 3470 (class 2606 OID 16551)
-- Name: roles roles_pkey; Type: CONSTRAINT; Schema: public; Owner: -
--

ALTER TABLE ONLY public.roles
    ADD CONSTRAINT roles_pkey PRIMARY KEY (id);


--
-- TOC entry 3473 (class 2606 OID 16553)
-- Name: seasons seasons_name_key; Type: CONSTRAINT; Schema: public; Owner: -
--

ALTER TABLE ONLY public.seasons
    ADD CONSTRAINT seasons_name_key UNIQUE (name);


--
-- TOC entry 3475 (class 2606 OID 16555)
-- Name: seasons seasons_pkey; Type: CONSTRAINT; Schema: public; Owner: -
--

ALTER TABLE ONLY public.seasons
    ADD CONSTRAINT seasons_pkey PRIMARY KEY (id);


--
-- TOC entry 3479 (class 2606 OID 16557)
-- Name: team_tournaments team_tournaments_pkey; Type: CONSTRAINT; Schema: public; Owner: -
--

ALTER TABLE ONLY public.team_tournaments
    ADD CONSTRAINT team_tournaments_pkey PRIMARY KEY (id);


--
-- TOC entry 3482 (class 2606 OID 16559)
-- Name: team_tournaments team_tournaments_team_id_tournament_id_eb51f42a_uniq; Type: CONSTRAINT; Schema: public; Owner: -
--

ALTER TABLE ONLY public.team_tournaments
    ADD CONSTRAINT team_tournaments_team_id_tournament_id_eb51f42a_uniq UNIQUE (team_id, tournament_id);


--
-- TOC entry 3486 (class 2606 OID 16561)
-- Name: teams teams_name_key; Type: CONSTRAINT; Schema: public; Owner: -
--

ALTER TABLE ONLY public.teams
    ADD CONSTRAINT teams_name_key UNIQUE (name);


--
-- TOC entry 3488 (class 2606 OID 16563)
-- Name: teams teams_pkey; Type: CONSTRAINT; Schema: public; Owner: -
--

ALTER TABLE ONLY public.teams
    ADD CONSTRAINT teams_pkey PRIMARY KEY (id);


--
-- TOC entry 3493 (class 2606 OID 16565)
-- Name: tournaments tournaments_pkey; Type: CONSTRAINT; Schema: public; Owner: -
--

ALTER TABLE ONLY public.tournaments
    ADD CONSTRAINT tournaments_pkey PRIMARY KEY (id);


--
-- TOC entry 3365 (class 1259 OID 16570)
-- Name: auth_group_name_a6ea08ec_like; Type: INDEX; Schema: public; Owner: -
--

CREATE INDEX auth_group_name_a6ea08ec_like ON public.auth_group USING btree (name varchar_pattern_ops);


--
-- TOC entry 3370 (class 1259 OID 16571)
-- Name: auth_group_permissions_group_id_b120cbf9; Type: INDEX; Schema: public; Owner: -
--

CREATE INDEX auth_group_permissions_group_id_b120cbf9 ON public.auth_group_permissions USING btree (group_id);


--
-- TOC entry 3373 (class 1259 OID 16572)
-- Name: auth_group_permissions_permission_id_84c5c92e; Type: INDEX; Schema: public; Owner: -
--

CREATE INDEX auth_group_permissions_permission_id_84c5c92e ON public.auth_group_permissions USING btree (permission_id);


--
-- TOC entry 3376 (class 1259 OID 16573)
-- Name: auth_permission_content_type_id_2f476e4b; Type: INDEX; Schema: public; Owner: -
--

CREATE INDEX auth_permission_content_type_id_2f476e4b ON public.auth_permission USING btree (content_type_id);


--
-- TOC entry 3386 (class 1259 OID 16574)
-- Name: auth_user_groups_group_id_97559544; Type: INDEX; Schema: public; Owner: -
--

CREATE INDEX auth_user_groups_group_id_97559544 ON public.auth_user_groups USING btree (group_id);


--
-- TOC entry 3389 (class 1259 OID 16575)
-- Name: auth_user_groups_user_id_6a12ed8b; Type: INDEX; Schema: public; Owner: -
--

CREATE INDEX auth_user_groups_user_id_6a12ed8b ON public.auth_user_groups USING btree (user_id);


--
-- TOC entry 3392 (class 1259 OID 16576)
-- Name: auth_user_user_permissions_permission_id_1fbb5f2c; Type: INDEX; Schema: public; Owner: -
--

CREATE INDEX auth_user_user_permissions_permission_id_1fbb5f2c ON public.auth_user_user_permissions USING btree (permission_id);


--
-- TOC entry 3395 (class 1259 OID 16577)
-- Name: auth_user_user_permissions_user_id_a95ead1b; Type: INDEX; Schema: public; Owner: -
--

CREATE INDEX auth_user_user_permissions_user_id_a95ead1b ON public.auth_user_user_permissions USING btree (user_id);


--
-- TOC entry 3383 (class 1259 OID 16578)
-- Name: auth_user_username_6821ab7c_like; Type: INDEX; Schema: public; Owner: -
--

CREATE INDEX auth_user_username_6821ab7c_like ON public.auth_user USING btree (username varchar_pattern_ops);


--
-- TOC entry 3398 (class 1259 OID 16579)
-- Name: champion_pa_champio_49a3a0_idx; Type: INDEX; Schema: public; Owner: -
--

CREATE INDEX champion_pa_champio_49a3a0_idx ON public.champion_patches USING btree (champion_id, patch_id);


--
-- TOC entry 3399 (class 1259 OID 16580)
-- Name: champion_pa_patch_i_fcd383_idx; Type: INDEX; Schema: public; Owner: -
--

CREATE INDEX champion_pa_patch_i_fcd383_idx ON public.champion_patches USING btree (patch_id);


--
-- TOC entry 3400 (class 1259 OID 16581)
-- Name: champion_patches_champion_id_68817054; Type: INDEX; Schema: public; Owner: -
--

CREATE INDEX champion_patches_champion_id_68817054 ON public.champion_patches USING btree (champion_id);


--
-- TOC entry 3403 (class 1259 OID 16582)
-- Name: champion_patches_patch_id_ca2ae3b9; Type: INDEX; Schema: public; Owner: -
--

CREATE INDEX champion_patches_patch_id_ca2ae3b9 ON public.champion_patches USING btree (patch_id);


--
-- TOC entry 3495 (class 1259 OID 16927)
-- Name: champion_se_champio_8e8f74_idx; Type: INDEX; Schema: public; Owner: -
--

CREATE INDEX champion_se_champio_8e8f74_idx ON public.champion_season_stats USING btree (champion_id, season_id);


--
-- TOC entry 3496 (class 1259 OID 16928)
-- Name: champion_se_season__31eac3_idx; Type: INDEX; Schema: public; Owner: -
--

CREATE INDEX champion_se_season__31eac3_idx ON public.champion_season_stats USING btree (season_id);


--
-- TOC entry 3497 (class 1259 OID 16931)
-- Name: champion_season_stats_champion_id_3e307c9a; Type: INDEX; Schema: public; Owner: -
--

CREATE INDEX champion_season_stats_champion_id_3e307c9a ON public.champion_season_stats USING btree (champion_id);


--
-- TOC entry 3502 (class 1259 OID 16932)
-- Name: champion_season_stats_season_id_b41e1e64; Type: INDEX; Schema: public; Owner: -
--

CREATE INDEX champion_season_stats_season_id_b41e1e64 ON public.champion_season_stats USING btree (season_id);


--
-- TOC entry 3406 (class 1259 OID 16583)
-- Name: champions_name_87e5d91b_like; Type: INDEX; Schema: public; Owner: -
--

CREATE INDEX champions_name_87e5d91b_like ON public.champions USING btree (name varchar_pattern_ops);


--
-- TOC entry 3411 (class 1259 OID 16584)
-- Name: champions_roles_champion_id_8d957e92; Type: INDEX; Schema: public; Owner: -
--

CREATE INDEX champions_roles_champion_id_8d957e92 ON public.champions_roles USING btree (champion_id);


--
-- TOC entry 3416 (class 1259 OID 16585)
-- Name: champions_roles_role_id_ccfdf5da; Type: INDEX; Schema: public; Owner: -
--

CREATE INDEX champions_roles_role_id_ccfdf5da ON public.champions_roles USING btree (role_id);


--
-- TOC entry 3417 (class 1259 OID 16586)
-- Name: django_admin_log_content_type_id_c4bce8eb; Type: INDEX; Schema: public; Owner: -
--

CREATE INDEX django_admin_log_content_type_id_c4bce8eb ON public.django_admin_log USING btree (content_type_id);


--
-- TOC entry 3420 (class 1259 OID 16587)
-- Name: django_admin_log_user_id_c564eba6; Type: INDEX; Schema: public; Owner: -
--

CREATE INDEX django_admin_log_user_id_c564eba6 ON public.django_admin_log USING btree (user_id);


--
-- TOC entry 3427 (class 1259 OID 16588)
-- Name: django_session_expire_date_a5c62663; Type: INDEX; Schema: public; Owner: -
--

CREATE INDEX django_session_expire_date_a5c62663 ON public.django_session USING btree (expire_date);


--
-- TOC entry 3430 (class 1259 OID 16589)
-- Name: django_session_session_key_c0390e0f_like; Type: INDEX; Schema: public; Owner: -
--

CREATE INDEX django_session_session_key_c0390e0f_like ON public.django_session USING btree (session_key varchar_pattern_ops);


--
-- TOC entry 3431 (class 1259 OID 16590)
-- Name: games_blue_te_52c731_idx; Type: INDEX; Schema: public; Owner: -
--

CREATE INDEX games_blue_te_52c731_idx ON public.games USING btree (blue_team_id, date);


--
-- TOC entry 3432 (class 1259 OID 16591)
-- Name: games_blue_team_champion_pick_1_id_ab2e51a6; Type: INDEX; Schema: public; Owner: -
--

CREATE INDEX games_blue_team_champion_pick_1_id_ab2e51a6 ON public.games USING btree (blue_team_champion_pick_1_id);


--
-- TOC entry 3433 (class 1259 OID 16592)
-- Name: games_blue_team_champion_pick_2_id_7b3caf00; Type: INDEX; Schema: public; Owner: -
--

CREATE INDEX games_blue_team_champion_pick_2_id_7b3caf00 ON public.games USING btree (blue_team_champion_pick_2_id);


--
-- TOC entry 3434 (class 1259 OID 16593)
-- Name: games_blue_team_champion_pick_3_id_ac5a92dd; Type: INDEX; Schema: public; Owner: -
--

CREATE INDEX games_blue_team_champion_pick_3_id_ac5a92dd ON public.games USING btree (blue_team_champion_pick_3_id);


--
-- TOC entry 3435 (class 1259 OID 16594)
-- Name: games_blue_team_champion_pick_4_id_3f8cecea; Type: INDEX; Schema: public; Owner: -
--

CREATE INDEX games_blue_team_champion_pick_4_id_3f8cecea ON public.games USING btree (blue_team_champion_pick_4_id);


--
-- TOC entry 3436 (class 1259 OID 16595)
-- Name: games_blue_team_champion_pick_5_id_147dffd6; Type: INDEX; Schema: public; Owner: -
--

CREATE INDEX games_blue_team_champion_pick_5_id_147dffd6 ON public.games USING btree (blue_team_champion_pick_5_id);


--
-- TOC entry 3437 (class 1259 OID 16596)
-- Name: games_blue_team_id_658b8a0a; Type: INDEX; Schema: public; Owner: -
--

CREATE INDEX games_blue_team_id_658b8a0a ON public.games USING btree (blue_team_id);


--
-- TOC entry 3438 (class 1259 OID 16597)
-- Name: games_bot_lane_winning_team_id_21d04f21; Type: INDEX; Schema: public; Owner: -
--

CREATE INDEX games_bot_lane_winning_team_id_21d04f21 ON public.games USING btree (bot_lane_winning_team_id);


--
-- TOC entry 3439 (class 1259 OID 16598)
-- Name: games_date_02ed81_idx; Type: INDEX; Schema: public; Owner: -
--

CREATE INDEX games_date_02ed81_idx ON public.games USING btree (date);


--
-- TOC entry 3440 (class 1259 OID 16599)
-- Name: games_mid_lane_winning_team_id_c077a4aa; Type: INDEX; Schema: public; Owner: -
--

CREATE INDEX games_mid_lane_winning_team_id_c077a4aa ON public.games USING btree (mid_lane_winning_team_id);


--
-- TOC entry 3441 (class 1259 OID 16600)
-- Name: games_patch_i_737c74_idx; Type: INDEX; Schema: public; Owner: -
--

CREATE INDEX games_patch_i_737c74_idx ON public.games USING btree (patch_id, date);


--
-- TOC entry 3442 (class 1259 OID 16601)
-- Name: games_patch_id_0a5f25b7; Type: INDEX; Schema: public; Owner: -
--

CREATE INDEX games_patch_id_0a5f25b7 ON public.games USING btree (patch_id);


--
-- TOC entry 3445 (class 1259 OID 16602)
-- Name: games_red_tea_67c4db_idx; Type: INDEX; Schema: public; Owner: -
--

CREATE INDEX games_red_tea_67c4db_idx ON public.games USING btree (red_team_id, date);


--
-- TOC entry 3446 (class 1259 OID 16603)
-- Name: games_red_team_champion_pick_1_id_c1fffebe; Type: INDEX; Schema: public; Owner: -
--

CREATE INDEX games_red_team_champion_pick_1_id_c1fffebe ON public.games USING btree (red_team_champion_pick_1_id);


--
-- TOC entry 3447 (class 1259 OID 16604)
-- Name: games_red_team_champion_pick_2_id_26eeb196; Type: INDEX; Schema: public; Owner: -
--

CREATE INDEX games_red_team_champion_pick_2_id_26eeb196 ON public.games USING btree (red_team_champion_pick_2_id);


--
-- TOC entry 3448 (class 1259 OID 16605)
-- Name: games_red_team_champion_pick_3_id_946c2bd2; Type: INDEX; Schema: public; Owner: -
--

CREATE INDEX games_red_team_champion_pick_3_id_946c2bd2 ON public.games USING btree (red_team_champion_pick_3_id);


--
-- TOC entry 3449 (class 1259 OID 16606)
-- Name: games_red_team_champion_pick_4_id_d04b94ad; Type: INDEX; Schema: public; Owner: -
--

CREATE INDEX games_red_team_champion_pick_4_id_d04b94ad ON public.games USING btree (red_team_champion_pick_4_id);


--
-- TOC entry 3450 (class 1259 OID 16607)
-- Name: games_red_team_champion_pick_5_id_2ab7c607; Type: INDEX; Schema: public; Owner: -
--

CREATE INDEX games_red_team_champion_pick_5_id_2ab7c607 ON public.games USING btree (red_team_champion_pick_5_id);


--
-- TOC entry 3451 (class 1259 OID 16608)
-- Name: games_red_team_id_78e95bbd; Type: INDEX; Schema: public; Owner: -
--

CREATE INDEX games_red_team_id_78e95bbd ON public.games USING btree (red_team_id);


--
-- TOC entry 3452 (class 1259 OID 16609)
-- Name: games_season__6ec7ec_idx; Type: INDEX; Schema: public; Owner: -
--

CREATE INDEX games_season__6ec7ec_idx ON public.games USING btree (season_id, date);


--
-- TOC entry 3453 (class 1259 OID 16610)
-- Name: games_season_id_68b23a8e; Type: INDEX; Schema: public; Owner: -
--

CREATE INDEX games_season_id_68b23a8e ON public.games USING btree (season_id);


--
-- TOC entry 3454 (class 1259 OID 16611)
-- Name: games_top_lane_winning_team_id_6e5b154e; Type: INDEX; Schema: public; Owner: -
--

CREATE INDEX games_top_lane_winning_team_id_6e5b154e ON public.games USING btree (top_lane_winning_team_id);


--
-- TOC entry 3455 (class 1259 OID 16612)
-- Name: games_tournam_9778cf_idx; Type: INDEX; Schema: public; Owner: -
--

CREATE INDEX games_tournam_9778cf_idx ON public.games USING btree (tournament_id, date);


--
-- TOC entry 3456 (class 1259 OID 16613)
-- Name: games_tournament_id_d50a370f; Type: INDEX; Schema: public; Owner: -
--

CREATE INDEX games_tournament_id_d50a370f ON public.games USING btree (tournament_id);


--
-- TOC entry 3457 (class 1259 OID 16614)
-- Name: games_winning_182568_idx; Type: INDEX; Schema: public; Owner: -
--

CREATE INDEX games_winning_182568_idx ON public.games USING btree (winning_team_id);


--
-- TOC entry 3458 (class 1259 OID 16615)
-- Name: games_winning_team_id_9840d7ac; Type: INDEX; Schema: public; Owner: -
--

CREATE INDEX games_winning_team_id_9840d7ac ON public.games USING btree (winning_team_id);


--
-- TOC entry 3459 (class 1259 OID 16616)
-- Name: patches_date_d3507b_idx; Type: INDEX; Schema: public; Owner: -
--

CREATE INDEX patches_date_d3507b_idx ON public.patches USING btree (date);


--
-- TOC entry 3462 (class 1259 OID 16617)
-- Name: patches_version_8a8ce1_idx; Type: INDEX; Schema: public; Owner: -
--

CREATE INDEX patches_version_8a8ce1_idx ON public.patches USING btree (version_num);


--
-- TOC entry 3463 (class 1259 OID 16618)
-- Name: patches_version_num_01f82d43_like; Type: INDEX; Schema: public; Owner: -
--

CREATE INDEX patches_version_num_01f82d43_like ON public.patches USING btree (version_num varchar_pattern_ops);


--
-- TOC entry 3466 (class 1259 OID 16619)
-- Name: roles_name_51259447_like; Type: INDEX; Schema: public; Owner: -
--

CREATE INDEX roles_name_51259447_like ON public.roles USING btree (name varchar_pattern_ops);


--
-- TOC entry 3471 (class 1259 OID 16621)
-- Name: seasons_name_583c4792_like; Type: INDEX; Schema: public; Owner: -
--

CREATE INDEX seasons_name_583c4792_like ON public.seasons USING btree (name varchar_pattern_ops);


--
-- TOC entry 3476 (class 1259 OID 16622)
-- Name: team_tourna_team_id_909cae_idx; Type: INDEX; Schema: public; Owner: -
--

CREATE INDEX team_tourna_team_id_909cae_idx ON public.team_tournaments USING btree (team_id, tournament_id);


--
-- TOC entry 3477 (class 1259 OID 16623)
-- Name: team_tourna_tournam_cf44c0_idx; Type: INDEX; Schema: public; Owner: -
--

CREATE INDEX team_tourna_tournam_cf44c0_idx ON public.team_tournaments USING btree (tournament_id, placement);


--
-- TOC entry 3480 (class 1259 OID 16624)
-- Name: team_tournaments_team_id_835b4732; Type: INDEX; Schema: public; Owner: -
--

CREATE INDEX team_tournaments_team_id_835b4732 ON public.team_tournaments USING btree (team_id);


--
-- TOC entry 3483 (class 1259 OID 16625)
-- Name: team_tournaments_tournament_id_89c854fe; Type: INDEX; Schema: public; Owner: -
--

CREATE INDEX team_tournaments_tournament_id_89c854fe ON public.team_tournaments USING btree (tournament_id);


--
-- TOC entry 3484 (class 1259 OID 16626)
-- Name: teams_name_bd7d028e_like; Type: INDEX; Schema: public; Owner: -
--

CREATE INDEX teams_name_bd7d028e_like ON public.teams USING btree (name varchar_pattern_ops);


--
-- TOC entry 3489 (class 1259 OID 16627)
-- Name: teams_region_652a69_idx; Type: INDEX; Schema: public; Owner: -
--

CREATE INDEX teams_region_652a69_idx ON public.teams USING btree (region);


--
-- TOC entry 3490 (class 1259 OID 16628)
-- Name: tournaments_date_634226_idx; Type: INDEX; Schema: public; Owner: -
--

CREATE INDEX tournaments_date_634226_idx ON public.tournaments USING btree (date);


--
-- TOC entry 3491 (class 1259 OID 16629)
-- Name: tournaments_patch_id_941fb6a4; Type: INDEX; Schema: public; Owner: -
--

CREATE INDEX tournaments_patch_id_941fb6a4 ON public.tournaments USING btree (patch_id);


--
-- TOC entry 3494 (class 1259 OID 16630)
-- Name: tournaments_tier_384c97_idx; Type: INDEX; Schema: public; Owner: -
--

CREATE INDEX tournaments_tier_384c97_idx ON public.tournaments USING btree (tier);


--
-- TOC entry 3503 (class 2606 OID 16635)
-- Name: auth_group_permissions auth_group_permissio_permission_id_84c5c92e_fk_auth_perm; Type: FK CONSTRAINT; Schema: public; Owner: -
--

ALTER TABLE ONLY public.auth_group_permissions
    ADD CONSTRAINT auth_group_permissio_permission_id_84c5c92e_fk_auth_perm FOREIGN KEY (permission_id) REFERENCES public.auth_permission(id) DEFERRABLE INITIALLY DEFERRED;


--
-- TOC entry 3504 (class 2606 OID 16640)
-- Name: auth_group_permissions auth_group_permissions_group_id_b120cbf9_fk_auth_group_id; Type: FK CONSTRAINT; Schema: public; Owner: -
--

ALTER TABLE ONLY public.auth_group_permissions
    ADD CONSTRAINT auth_group_permissions_group_id_b120cbf9_fk_auth_group_id FOREIGN KEY (group_id) REFERENCES public.auth_group(id) DEFERRABLE INITIALLY DEFERRED;


--
-- TOC entry 3505 (class 2606 OID 16645)
-- Name: auth_permission auth_permission_content_type_id_2f476e4b_fk_django_co; Type: FK CONSTRAINT; Schema: public; Owner: -
--

ALTER TABLE ONLY public.auth_permission
    ADD CONSTRAINT auth_permission_content_type_id_2f476e4b_fk_django_co FOREIGN KEY (content_type_id) REFERENCES public.django_content_type(id) DEFERRABLE INITIALLY DEFERRED;


--
-- TOC entry 3506 (class 2606 OID 16650)
-- Name: auth_user_groups auth_user_groups_group_id_97559544_fk_auth_group_id; Type: FK CONSTRAINT; Schema: public; Owner: -
--

ALTER TABLE ONLY public.auth_user_groups
    ADD CONSTRAINT auth_user_groups_group_id_97559544_fk_auth_group_id FOREIGN KEY (group_id) REFERENCES public.auth_group(id) DEFERRABLE INITIALLY DEFERRED;


--
-- TOC entry 3507 (class 2606 OID 16655)
-- Name: auth_user_groups auth_user_groups_user_id_6a12ed8b_fk_auth_user_id; Type: FK CONSTRAINT; Schema: public; Owner: -
--

ALTER TABLE ONLY public.auth_user_groups
    ADD CONSTRAINT auth_user_groups_user_id_6a12ed8b_fk_auth_user_id FOREIGN KEY (user_id) REFERENCES public.auth_user(id) DEFERRABLE INITIALLY DEFERRED;


--
-- TOC entry 3508 (class 2606 OID 16660)
-- Name: auth_user_user_permissions auth_user_user_permi_permission_id_1fbb5f2c_fk_auth_perm; Type: FK CONSTRAINT; Schema: public; Owner: -
--

ALTER TABLE ONLY public.auth_user_user_permissions
    ADD CONSTRAINT auth_user_user_permi_permission_id_1fbb5f2c_fk_auth_perm FOREIGN KEY (permission_id) REFERENCES public.auth_permission(id) DEFERRABLE INITIALLY DEFERRED;


--
-- TOC entry 3509 (class 2606 OID 16665)
-- Name: auth_user_user_permissions auth_user_user_permissions_user_id_a95ead1b_fk_auth_user_id; Type: FK CONSTRAINT; Schema: public; Owner: -
--

ALTER TABLE ONLY public.auth_user_user_permissions
    ADD CONSTRAINT auth_user_user_permissions_user_id_a95ead1b_fk_auth_user_id FOREIGN KEY (user_id) REFERENCES public.auth_user(id) DEFERRABLE INITIALLY DEFERRED;


--
-- TOC entry 3510 (class 2606 OID 16670)
-- Name: champion_patches champion_patches_champion_id_68817054_fk_champions_id; Type: FK CONSTRAINT; Schema: public; Owner: -
--

ALTER TABLE ONLY public.champion_patches
    ADD CONSTRAINT champion_patches_champion_id_68817054_fk_champions_id FOREIGN KEY (champion_id) REFERENCES public.champions(id) DEFERRABLE INITIALLY DEFERRED;


--
-- TOC entry 3511 (class 2606 OID 16675)
-- Name: champion_patches champion_patches_patch_id_ca2ae3b9_fk_patches_id; Type: FK CONSTRAINT; Schema: public; Owner: -
--

ALTER TABLE ONLY public.champion_patches
    ADD CONSTRAINT champion_patches_patch_id_ca2ae3b9_fk_patches_id FOREIGN KEY (patch_id) REFERENCES public.patches(id) DEFERRABLE INITIALLY DEFERRED;


--
-- TOC entry 3538 (class 2606 OID 16917)
-- Name: champion_season_stats champion_season_stats_champion_id_3e307c9a_fk_champions_id; Type: FK CONSTRAINT; Schema: public; Owner: -
--

ALTER TABLE ONLY public.champion_season_stats
    ADD CONSTRAINT champion_season_stats_champion_id_3e307c9a_fk_champions_id FOREIGN KEY (champion_id) REFERENCES public.champions(id) DEFERRABLE INITIALLY DEFERRED;


--
-- TOC entry 3539 (class 2606 OID 16922)
-- Name: champion_season_stats champion_season_stats_season_id_b41e1e64_fk_seasons_id; Type: FK CONSTRAINT; Schema: public; Owner: -
--

ALTER TABLE ONLY public.champion_season_stats
    ADD CONSTRAINT champion_season_stats_season_id_b41e1e64_fk_seasons_id FOREIGN KEY (season_id) REFERENCES public.seasons(id) DEFERRABLE INITIALLY DEFERRED;


--
-- TOC entry 3512 (class 2606 OID 16680)
-- Name: champions_roles champions_roles_champion_id_8d957e92_fk_champions_id; Type: FK CONSTRAINT; Schema: public; Owner: -
--

ALTER TABLE ONLY public.champions_roles
    ADD CONSTRAINT champions_roles_champion_id_8d957e92_fk_champions_id FOREIGN KEY (champion_id) REFERENCES public.champions(id) DEFERRABLE INITIALLY DEFERRED;


--
-- TOC entry 3513 (class 2606 OID 16685)
-- Name: champions_roles champions_roles_role_id_ccfdf5da_fk_roles_id; Type: FK CONSTRAINT; Schema: public; Owner: -
--

ALTER TABLE ONLY public.champions_roles
    ADD CONSTRAINT champions_roles_role_id_ccfdf5da_fk_roles_id FOREIGN KEY (role_id) REFERENCES public.roles(id) DEFERRABLE INITIALLY DEFERRED;


--
-- TOC entry 3514 (class 2606 OID 16690)
-- Name: django_admin_log django_admin_log_content_type_id_c4bce8eb_fk_django_co; Type: FK CONSTRAINT; Schema: public; Owner: -
--

ALTER TABLE ONLY public.django_admin_log
    ADD CONSTRAINT django_admin_log_content_type_id_c4bce8eb_fk_django_co FOREIGN KEY (content_type_id) REFERENCES public.django_content_type(id) DEFERRABLE INITIALLY DEFERRED;


--
-- TOC entry 3515 (class 2606 OID 16695)
-- Name: django_admin_log django_admin_log_user_id_c564eba6_fk_auth_user_id; Type: FK CONSTRAINT; Schema: public; Owner: -
--

ALTER TABLE ONLY public.django_admin_log
    ADD CONSTRAINT django_admin_log_user_id_c564eba6_fk_auth_user_id FOREIGN KEY (user_id) REFERENCES public.auth_user(id) DEFERRABLE INITIALLY DEFERRED;


--
-- TOC entry 3516 (class 2606 OID 16700)
-- Name: games games_blue_team_champion_pick_1_id_ab2e51a6_fk_champions_id; Type: FK CONSTRAINT; Schema: public; Owner: -
--

ALTER TABLE ONLY public.games
    ADD CONSTRAINT games_blue_team_champion_pick_1_id_ab2e51a6_fk_champions_id FOREIGN KEY (blue_team_champion_pick_1_id) REFERENCES public.champions(id) DEFERRABLE INITIALLY DEFERRED;


--
-- TOC entry 3517 (class 2606 OID 16705)
-- Name: games games_blue_team_champion_pick_2_id_7b3caf00_fk_champions_id; Type: FK CONSTRAINT; Schema: public; Owner: -
--

ALTER TABLE ONLY public.games
    ADD CONSTRAINT games_blue_team_champion_pick_2_id_7b3caf00_fk_champions_id FOREIGN KEY (blue_team_champion_pick_2_id) REFERENCES public.champions(id) DEFERRABLE INITIALLY DEFERRED;


--
-- TOC entry 3518 (class 2606 OID 16710)
-- Name: games games_blue_team_champion_pick_3_id_ac5a92dd_fk_champions_id; Type: FK CONSTRAINT; Schema: public; Owner: -
--

ALTER TABLE ONLY public.games
    ADD CONSTRAINT games_blue_team_champion_pick_3_id_ac5a92dd_fk_champions_id FOREIGN KEY (blue_team_champion_pick_3_id) REFERENCES public.champions(id) DEFERRABLE INITIALLY DEFERRED;


--
-- TOC entry 3519 (class 2606 OID 16715)
-- Name: games games_blue_team_champion_pick_4_id_3f8cecea_fk_champions_id; Type: FK CONSTRAINT; Schema: public; Owner: -
--

ALTER TABLE ONLY public.games
    ADD CONSTRAINT games_blue_team_champion_pick_4_id_3f8cecea_fk_champions_id FOREIGN KEY (blue_team_champion_pick_4_id) REFERENCES public.champions(id) DEFERRABLE INITIALLY DEFERRED;


--
-- TOC entry 3520 (class 2606 OID 16720)
-- Name: games games_blue_team_champion_pick_5_id_147dffd6_fk_champions_id; Type: FK CONSTRAINT; Schema: public; Owner: -
--

ALTER TABLE ONLY public.games
    ADD CONSTRAINT games_blue_team_champion_pick_5_id_147dffd6_fk_champions_id FOREIGN KEY (blue_team_champion_pick_5_id) REFERENCES public.champions(id) DEFERRABLE INITIALLY DEFERRED;


--
-- TOC entry 3521 (class 2606 OID 16725)
-- Name: games games_blue_team_id_658b8a0a_fk_teams_id; Type: FK CONSTRAINT; Schema: public; Owner: -
--

ALTER TABLE ONLY public.games
    ADD CONSTRAINT games_blue_team_id_658b8a0a_fk_teams_id FOREIGN KEY (blue_team_id) REFERENCES public.teams(id) DEFERRABLE INITIALLY DEFERRED;


--
-- TOC entry 3522 (class 2606 OID 16730)
-- Name: games games_bot_lane_winning_team_id_21d04f21_fk_teams_id; Type: FK CONSTRAINT; Schema: public; Owner: -
--

ALTER TABLE ONLY public.games
    ADD CONSTRAINT games_bot_lane_winning_team_id_21d04f21_fk_teams_id FOREIGN KEY (bot_lane_winning_team_id) REFERENCES public.teams(id) DEFERRABLE INITIALLY DEFERRED;


--
-- TOC entry 3523 (class 2606 OID 16735)
-- Name: games games_mid_lane_winning_team_id_c077a4aa_fk_teams_id; Type: FK CONSTRAINT; Schema: public; Owner: -
--

ALTER TABLE ONLY public.games
    ADD CONSTRAINT games_mid_lane_winning_team_id_c077a4aa_fk_teams_id FOREIGN KEY (mid_lane_winning_team_id) REFERENCES public.teams(id) DEFERRABLE INITIALLY DEFERRED;


--
-- TOC entry 3524 (class 2606 OID 16740)
-- Name: games games_patch_id_0a5f25b7_fk_patches_id; Type: FK CONSTRAINT; Schema: public; Owner: -
--

ALTER TABLE ONLY public.games
    ADD CONSTRAINT games_patch_id_0a5f25b7_fk_patches_id FOREIGN KEY (patch_id) REFERENCES public.patches(id) DEFERRABLE INITIALLY DEFERRED;


--
-- TOC entry 3525 (class 2606 OID 16745)
-- Name: games games_red_team_champion_pick_1_id_c1fffebe_fk_champions_id; Type: FK CONSTRAINT; Schema: public; Owner: -
--

ALTER TABLE ONLY public.games
    ADD CONSTRAINT games_red_team_champion_pick_1_id_c1fffebe_fk_champions_id FOREIGN KEY (red_team_champion_pick_1_id) REFERENCES public.champions(id) DEFERRABLE INITIALLY DEFERRED;


--
-- TOC entry 3526 (class 2606 OID 16750)
-- Name: games games_red_team_champion_pick_2_id_26eeb196_fk_champions_id; Type: FK CONSTRAINT; Schema: public; Owner: -
--

ALTER TABLE ONLY public.games
    ADD CONSTRAINT games_red_team_champion_pick_2_id_26eeb196_fk_champions_id FOREIGN KEY (red_team_champion_pick_2_id) REFERENCES public.champions(id) DEFERRABLE INITIALLY DEFERRED;


--
-- TOC entry 3527 (class 2606 OID 16755)
-- Name: games games_red_team_champion_pick_3_id_946c2bd2_fk_champions_id; Type: FK CONSTRAINT; Schema: public; Owner: -
--

ALTER TABLE ONLY public.games
    ADD CONSTRAINT games_red_team_champion_pick_3_id_946c2bd2_fk_champions_id FOREIGN KEY (red_team_champion_pick_3_id) REFERENCES public.champions(id) DEFERRABLE INITIALLY DEFERRED;


--
-- TOC entry 3528 (class 2606 OID 16760)
-- Name: games games_red_team_champion_pick_4_id_d04b94ad_fk_champions_id; Type: FK CONSTRAINT; Schema: public; Owner: -
--

ALTER TABLE ONLY public.games
    ADD CONSTRAINT games_red_team_champion_pick_4_id_d04b94ad_fk_champions_id FOREIGN KEY (red_team_champion_pick_4_id) REFERENCES public.champions(id) DEFERRABLE INITIALLY DEFERRED;


--
-- TOC entry 3529 (class 2606 OID 16765)
-- Name: games games_red_team_champion_pick_5_id_2ab7c607_fk_champions_id; Type: FK CONSTRAINT; Schema: public; Owner: -
--

ALTER TABLE ONLY public.games
    ADD CONSTRAINT games_red_team_champion_pick_5_id_2ab7c607_fk_champions_id FOREIGN KEY (red_team_champion_pick_5_id) REFERENCES public.champions(id) DEFERRABLE INITIALLY DEFERRED;


--
-- TOC entry 3530 (class 2606 OID 16770)
-- Name: games games_red_team_id_78e95bbd_fk_teams_id; Type: FK CONSTRAINT; Schema: public; Owner: -
--

ALTER TABLE ONLY public.games
    ADD CONSTRAINT games_red_team_id_78e95bbd_fk_teams_id FOREIGN KEY (red_team_id) REFERENCES public.teams(id) DEFERRABLE INITIALLY DEFERRED;


--
-- TOC entry 3531 (class 2606 OID 16775)
-- Name: games games_season_id_68b23a8e_fk_seasons_id; Type: FK CONSTRAINT; Schema: public; Owner: -
--

ALTER TABLE ONLY public.games
    ADD CONSTRAINT games_season_id_68b23a8e_fk_seasons_id FOREIGN KEY (season_id) REFERENCES public.seasons(id) DEFERRABLE INITIALLY DEFERRED;


--
-- TOC entry 3532 (class 2606 OID 16780)
-- Name: games games_top_lane_winning_team_id_6e5b154e_fk_teams_id; Type: FK CONSTRAINT; Schema: public; Owner: -
--

ALTER TABLE ONLY public.games
    ADD CONSTRAINT games_top_lane_winning_team_id_6e5b154e_fk_teams_id FOREIGN KEY (top_lane_winning_team_id) REFERENCES public.teams(id) DEFERRABLE INITIALLY DEFERRED;


--
-- TOC entry 3533 (class 2606 OID 16785)
-- Name: games games_tournament_id_d50a370f_fk_tournaments_id; Type: FK CONSTRAINT; Schema: public; Owner: -
--

ALTER TABLE ONLY public.games
    ADD CONSTRAINT games_tournament_id_d50a370f_fk_tournaments_id FOREIGN KEY (tournament_id) REFERENCES public.tournaments(id) DEFERRABLE INITIALLY DEFERRED;


--
-- TOC entry 3534 (class 2606 OID 16790)
-- Name: games games_winning_team_id_9840d7ac_fk_teams_id; Type: FK CONSTRAINT; Schema: public; Owner: -
--

ALTER TABLE ONLY public.games
    ADD CONSTRAINT games_winning_team_id_9840d7ac_fk_teams_id FOREIGN KEY (winning_team_id) REFERENCES public.teams(id) DEFERRABLE INITIALLY DEFERRED;


--
-- TOC entry 3535 (class 2606 OID 16795)
-- Name: team_tournaments team_tournaments_team_id_835b4732_fk_teams_id; Type: FK CONSTRAINT; Schema: public; Owner: -
--

ALTER TABLE ONLY public.team_tournaments
    ADD CONSTRAINT team_tournaments_team_id_835b4732_fk_teams_id FOREIGN KEY (team_id) REFERENCES public.teams(id) DEFERRABLE INITIALLY DEFERRED;


--
-- TOC entry 3536 (class 2606 OID 16800)
-- Name: team_tournaments team_tournaments_tournament_id_89c854fe_fk_tournaments_id; Type: FK CONSTRAINT; Schema: public; Owner: -
--

ALTER TABLE ONLY public.team_tournaments
    ADD CONSTRAINT team_tournaments_tournament_id_89c854fe_fk_tournaments_id FOREIGN KEY (tournament_id) REFERENCES public.tournaments(id) DEFERRABLE INITIALLY DEFERRED;


--
-- TOC entry 3537 (class 2606 OID 16805)
-- Name: tournaments tournaments_patch_id_941fb6a4_fk_patches_id; Type: FK CONSTRAINT; Schema: public; Owner: -
--

ALTER TABLE ONLY public.tournaments
    ADD CONSTRAINT tournaments_patch_id_941fb6a4_fk_patches_id FOREIGN KEY (patch_id) REFERENCES public.patches(id) DEFERRABLE INITIALLY DEFERRED;


-- Completed on 2025-11-07 18:13:35

--
-- PostgreSQL database dump complete
--

\unrestrict kd9GqGebmDpkEhZmcWYM6eMbiWONcx0bqTERp4PNUSov9oTL6cyLIJj9V6o6UHK

