--
-- PostgreSQL database dump
--

\restrict dEgifNlBtULIQv35tBpqG68v6p6g3wWjzf0Cj2vyMT7r8mjprzBHeVF7g4cqVfl

-- Dumped from database version 15.14
-- Dumped by pg_dump version 15.14

-- Started on 2025-11-07 17:54:51

SET statement_timeout = 0;
SET lock_timeout = 0;
SET idle_in_transaction_session_timeout = 0;
SET client_encoding = 'UTF8';
SET standard_conforming_strings = on;
SELECT pg_catalog.set_config('search_path', '', false);
SET check_function_bodies = false;
SET xmloption = content;
SET client_min_messages = warning;
SET row_security = off;

--
-- TOC entry 2 (class 3079 OID 16388)
-- Name: adminpack; Type: EXTENSION; Schema: -; Owner: -
--

CREATE EXTENSION IF NOT EXISTS adminpack WITH SCHEMA pg_catalog;


--
-- TOC entry 3728 (class 0 OID 0)
-- Dependencies: 2
-- Name: EXTENSION adminpack; Type: COMMENT; Schema: -; Owner: -
--

COMMENT ON EXTENSION adminpack IS 'administrative functions for PostgreSQL';


SET default_tablespace = '';

SET default_table_access_method = heap;

--
-- TOC entry 215 (class 1259 OID 16398)
-- Name: auth_group; Type: TABLE; Schema: public; Owner: -
--

CREATE TABLE public.auth_group (
    id integer NOT NULL,
    name character varying(150) NOT NULL
);


--
-- TOC entry 216 (class 1259 OID 16401)
-- Name: auth_group_id_seq; Type: SEQUENCE; Schema: public; Owner: -
--

ALTER TABLE public.auth_group ALTER COLUMN id ADD GENERATED BY DEFAULT AS IDENTITY (
    SEQUENCE NAME public.auth_group_id_seq
    START WITH 1
    INCREMENT BY 1
    NO MINVALUE
    NO MAXVALUE
    CACHE 1
);


--
-- TOC entry 217 (class 1259 OID 16402)
-- Name: auth_group_permissions; Type: TABLE; Schema: public; Owner: -
--

CREATE TABLE public.auth_group_permissions (
    id bigint NOT NULL,
    group_id integer NOT NULL,
    permission_id integer NOT NULL
);


--
-- TOC entry 218 (class 1259 OID 16405)
-- Name: auth_group_permissions_id_seq; Type: SEQUENCE; Schema: public; Owner: -
--

ALTER TABLE public.auth_group_permissions ALTER COLUMN id ADD GENERATED BY DEFAULT AS IDENTITY (
    SEQUENCE NAME public.auth_group_permissions_id_seq
    START WITH 1
    INCREMENT BY 1
    NO MINVALUE
    NO MAXVALUE
    CACHE 1
);


--
-- TOC entry 219 (class 1259 OID 16406)
-- Name: auth_permission; Type: TABLE; Schema: public; Owner: -
--

CREATE TABLE public.auth_permission (
    id integer NOT NULL,
    name character varying(255) NOT NULL,
    content_type_id integer NOT NULL,
    codename character varying(100) NOT NULL
);


--
-- TOC entry 220 (class 1259 OID 16409)
-- Name: auth_permission_id_seq; Type: SEQUENCE; Schema: public; Owner: -
--

ALTER TABLE public.auth_permission ALTER COLUMN id ADD GENERATED BY DEFAULT AS IDENTITY (
    SEQUENCE NAME public.auth_permission_id_seq
    START WITH 1
    INCREMENT BY 1
    NO MINVALUE
    NO MAXVALUE
    CACHE 1
);


--
-- TOC entry 221 (class 1259 OID 16410)
-- Name: auth_user; Type: TABLE; Schema: public; Owner: -
--

CREATE TABLE public.auth_user (
    id integer NOT NULL,
    password character varying(128) NOT NULL,
    last_login timestamp with time zone,
    is_superuser boolean NOT NULL,
    username character varying(150) NOT NULL,
    first_name character varying(150) NOT NULL,
    last_name character varying(150) NOT NULL,
    email character varying(254) NOT NULL,
    is_staff boolean NOT NULL,
    is_active boolean NOT NULL,
    date_joined timestamp with time zone NOT NULL
);


--
-- TOC entry 222 (class 1259 OID 16415)
-- Name: auth_user_groups; Type: TABLE; Schema: public; Owner: -
--

CREATE TABLE public.auth_user_groups (
    id bigint NOT NULL,
    user_id integer NOT NULL,
    group_id integer NOT NULL
);


--
-- TOC entry 223 (class 1259 OID 16418)
-- Name: auth_user_groups_id_seq; Type: SEQUENCE; Schema: public; Owner: -
--

ALTER TABLE public.auth_user_groups ALTER COLUMN id ADD GENERATED BY DEFAULT AS IDENTITY (
    SEQUENCE NAME public.auth_user_groups_id_seq
    START WITH 1
    INCREMENT BY 1
    NO MINVALUE
    NO MAXVALUE
    CACHE 1
);


--
-- TOC entry 224 (class 1259 OID 16419)
-- Name: auth_user_id_seq; Type: SEQUENCE; Schema: public; Owner: -
--

ALTER TABLE public.auth_user ALTER COLUMN id ADD GENERATED BY DEFAULT AS IDENTITY (
    SEQUENCE NAME public.auth_user_id_seq
    START WITH 1
    INCREMENT BY 1
    NO MINVALUE
    NO MAXVALUE
    CACHE 1
);


--
-- TOC entry 225 (class 1259 OID 16420)
-- Name: auth_user_user_permissions; Type: TABLE; Schema: public; Owner: -
--

CREATE TABLE public.auth_user_user_permissions (
    id bigint NOT NULL,
    user_id integer NOT NULL,
    permission_id integer NOT NULL
);


--
-- TOC entry 226 (class 1259 OID 16423)
-- Name: auth_user_user_permissions_id_seq; Type: SEQUENCE; Schema: public; Owner: -
--

ALTER TABLE public.auth_user_user_permissions ALTER COLUMN id ADD GENERATED BY DEFAULT AS IDENTITY (
    SEQUENCE NAME public.auth_user_user_permissions_id_seq
    START WITH 1
    INCREMENT BY 1
    NO MINVALUE
    NO MAXVALUE
    CACHE 1
);


--
-- TOC entry 227 (class 1259 OID 16424)
-- Name: champion_patches; Type: TABLE; Schema: public; Owner: -
--

CREATE TABLE public.champion_patches (
    id bigint NOT NULL,
    change_type character varying(100) NOT NULL,
    created_at timestamp with time zone NOT NULL,
    updated_at timestamp with time zone NOT NULL,
    champion_id bigint NOT NULL,
    patch_id bigint NOT NULL
);


--
-- TOC entry 228 (class 1259 OID 16427)
-- Name: champion_patches_id_seq; Type: SEQUENCE; Schema: public; Owner: -
--

ALTER TABLE public.champion_patches ALTER COLUMN id ADD GENERATED BY DEFAULT AS IDENTITY (
    SEQUENCE NAME public.champion_patches_id_seq
    START WITH 1
    INCREMENT BY 1
    NO MINVALUE
    NO MAXVALUE
    CACHE 1
);


--
-- TOC entry 255 (class 1259 OID 16908)
-- Name: champion_season_stats; Type: TABLE; Schema: public; Owner: -
--

CREATE TABLE public.champion_season_stats (
    id bigint NOT NULL,
    picks integer NOT NULL,
    bans integer NOT NULL,
    prioscore numeric(5,2) NOT NULL,
    wins integer NOT NULL,
    losses integer NOT NULL,
    winrate numeric(5,2) NOT NULL,
    "KDA" double precision NOT NULL,
    avg_bt double precision NOT NULL,
    avg_rp double precision NOT NULL,
    gt interval,
    csm double precision NOT NULL,
    dpm integer NOT NULL,
    gpm integer NOT NULL,
    csd_15 integer NOT NULL,
    gd_15 integer NOT NULL,
    xpd_15 integer NOT NULL,
    created_at timestamp with time zone NOT NULL,
    updated_at timestamp with time zone NOT NULL,
    champion_id bigint NOT NULL,
    season_id bigint NOT NULL,
    CONSTRAINT champion_season_stats_bans_check CHECK ((bans >= 0)),
    CONSTRAINT champion_season_stats_dpm_check CHECK ((dpm >= 0)),
    CONSTRAINT champion_season_stats_gpm_check CHECK ((gpm >= 0)),
    CONSTRAINT champion_season_stats_picks_check CHECK ((picks >= 0))
);


--
-- TOC entry 254 (class 1259 OID 16907)
-- Name: champion_season_stats_id_seq; Type: SEQUENCE; Schema: public; Owner: -
--

ALTER TABLE public.champion_season_stats ALTER COLUMN id ADD GENERATED BY DEFAULT AS IDENTITY (
    SEQUENCE NAME public.champion_season_stats_id_seq
    START WITH 1
    INCREMENT BY 1
    NO MINVALUE
    NO MAXVALUE
    CACHE 1
);


--
-- TOC entry 229 (class 1259 OID 16428)
-- Name: champions; Type: TABLE; Schema: public; Owner: -
--

CREATE TABLE public.champions (
    id bigint NOT NULL,
    name character varying(100) NOT NULL,
    release_date date NOT NULL,
    primary_damage_type character varying(50) NOT NULL,
    created_at timestamp with time zone NOT NULL,
    updated_at timestamp with time zone NOT NULL
);


--
-- TOC entry 230 (class 1259 OID 16437)
-- Name: champions_id_seq; Type: SEQUENCE; Schema: public; Owner: -
--

ALTER TABLE public.champions ALTER COLUMN id ADD GENERATED BY DEFAULT AS IDENTITY (
    SEQUENCE NAME public.champions_id_seq
    START WITH 1
    INCREMENT BY 1
    NO MINVALUE
    NO MAXVALUE
    CACHE 1
);


--
-- TOC entry 231 (class 1259 OID 16438)
-- Name: champions_roles; Type: TABLE; Schema: public; Owner: -
--

CREATE TABLE public.champions_roles (
    id bigint NOT NULL,
    champion_id bigint NOT NULL,
    role_id bigint NOT NULL
);


--
-- TOC entry 232 (class 1259 OID 16441)
-- Name: champions_roles_id_seq; Type: SEQUENCE; Schema: public; Owner: -
--

ALTER TABLE public.champions_roles ALTER COLUMN id ADD GENERATED BY DEFAULT AS IDENTITY (
    SEQUENCE NAME public.champions_roles_id_seq
    START WITH 1
    INCREMENT BY 1
    NO MINVALUE
    NO MAXVALUE
    CACHE 1
);


--
-- TOC entry 233 (class 1259 OID 16442)
-- Name: django_admin_log; Type: TABLE; Schema: public; Owner: -
--

CREATE TABLE public.django_admin_log (
    id integer NOT NULL,
    action_time timestamp with time zone NOT NULL,
    object_id text,
    object_repr character varying(200) NOT NULL,
    action_flag smallint NOT NULL,
    change_message text NOT NULL,
    content_type_id integer,
    user_id integer NOT NULL,
    CONSTRAINT django_admin_log_action_flag_check CHECK ((action_flag >= 0))
);


--
-- TOC entry 234 (class 1259 OID 16448)
-- Name: django_admin_log_id_seq; Type: SEQUENCE; Schema: public; Owner: -
--

ALTER TABLE public.django_admin_log ALTER COLUMN id ADD GENERATED BY DEFAULT AS IDENTITY (
    SEQUENCE NAME public.django_admin_log_id_seq
    START WITH 1
    INCREMENT BY 1
    NO MINVALUE
    NO MAXVALUE
    CACHE 1
);


--
-- TOC entry 235 (class 1259 OID 16449)
-- Name: django_content_type; Type: TABLE; Schema: public; Owner: -
--

CREATE TABLE public.django_content_type (
    id integer NOT NULL,
    app_label character varying(100) NOT NULL,
    model character varying(100) NOT NULL
);


--
-- TOC entry 236 (class 1259 OID 16452)
-- Name: django_content_type_id_seq; Type: SEQUENCE; Schema: public; Owner: -
--

ALTER TABLE public.django_content_type ALTER COLUMN id ADD GENERATED BY DEFAULT AS IDENTITY (
    SEQUENCE NAME public.django_content_type_id_seq
    START WITH 1
    INCREMENT BY 1
    NO MINVALUE
    NO MAXVALUE
    CACHE 1
);


--
-- TOC entry 237 (class 1259 OID 16453)
-- Name: django_migrations; Type: TABLE; Schema: public; Owner: -
--

CREATE TABLE public.django_migrations (
    id bigint NOT NULL,
    app character varying(255) NOT NULL,
    name character varying(255) NOT NULL,
    applied timestamp with time zone NOT NULL
);


--
-- TOC entry 238 (class 1259 OID 16458)
-- Name: django_migrations_id_seq; Type: SEQUENCE; Schema: public; Owner: -
--

ALTER TABLE public.django_migrations ALTER COLUMN id ADD GENERATED BY DEFAULT AS IDENTITY (
    SEQUENCE NAME public.django_migrations_id_seq
    START WITH 1
    INCREMENT BY 1
    NO MINVALUE
    NO MAXVALUE
    CACHE 1
);


--
-- TOC entry 239 (class 1259 OID 16459)
-- Name: django_session; Type: TABLE; Schema: public; Owner: -
--

CREATE TABLE public.django_session (
    session_key character varying(40) NOT NULL,
    session_data text NOT NULL,
    expire_date timestamp with time zone NOT NULL
);


--
-- TOC entry 240 (class 1259 OID 16464)
-- Name: games; Type: TABLE; Schema: public; Owner: -
--

CREATE TABLE public.games (
    id bigint NOT NULL,
    date date NOT NULL,
    created_at timestamp with time zone NOT NULL,
    updated_at timestamp with time zone NOT NULL,
    blue_team_id bigint NOT NULL,
    blue_team_champion_pick_1_id bigint,
    blue_team_champion_pick_2_id bigint,
    blue_team_champion_pick_3_id bigint,
    blue_team_champion_pick_4_id bigint,
    blue_team_champion_pick_5_id bigint,
    bot_lane_winning_team_id bigint,
    mid_lane_winning_team_id bigint,
    patch_id bigint,
    red_team_id bigint NOT NULL,
    red_team_champion_pick_1_id bigint,
    red_team_champion_pick_2_id bigint,
    red_team_champion_pick_3_id bigint,
    red_team_champion_pick_4_id bigint,
    red_team_champion_pick_5_id bigint,
    season_id bigint,
    top_lane_winning_team_id bigint,
    tournament_id bigint,
    winning_team_id bigint
);


--
-- TOC entry 241 (class 1259 OID 16467)
-- Name: games_id_seq; Type: SEQUENCE; Schema: public; Owner: -
--

ALTER TABLE public.games ALTER COLUMN id ADD GENERATED BY DEFAULT AS IDENTITY (
    SEQUENCE NAME public.games_id_seq
    START WITH 1
    INCREMENT BY 1
    NO MINVALUE
    NO MAXVALUE
    CACHE 1
);


--
-- TOC entry 242 (class 1259 OID 16468)
-- Name: patches; Type: TABLE; Schema: public; Owner: -
--

CREATE TABLE public.patches (
    id bigint NOT NULL,
    version_num character varying(20) NOT NULL,
    date date NOT NULL,
    created_at timestamp with time zone NOT NULL,
    updated_at timestamp with time zone NOT NULL
);


--
-- TOC entry 243 (class 1259 OID 16471)
-- Name: patches_id_seq; Type: SEQUENCE; Schema: public; Owner: -
--

ALTER TABLE public.patches ALTER COLUMN id ADD GENERATED BY DEFAULT AS IDENTITY (
    SEQUENCE NAME public.patches_id_seq
    START WITH 1
    INCREMENT BY 1
    NO MINVALUE
    NO MAXVALUE
    CACHE 1
);


--
-- TOC entry 244 (class 1259 OID 16472)
-- Name: roles; Type: TABLE; Schema: public; Owner: -
--

CREATE TABLE public.roles (
    id bigint NOT NULL,
    name character varying(50) NOT NULL,
    created_at timestamp with time zone NOT NULL,
    updated_at timestamp with time zone NOT NULL
);


--
-- TOC entry 245 (class 1259 OID 16475)
-- Name: roles_id_seq; Type: SEQUENCE; Schema: public; Owner: -
--

ALTER TABLE public.roles ALTER COLUMN id ADD GENERATED BY DEFAULT AS IDENTITY (
    SEQUENCE NAME public.roles_id_seq
    START WITH 1
    INCREMENT BY 1
    NO MINVALUE
    NO MAXVALUE
    CACHE 1
);


--
-- TOC entry 246 (class 1259 OID 16476)
-- Name: seasons; Type: TABLE; Schema: public; Owner: -
--

CREATE TABLE public.seasons (
    id bigint NOT NULL,
    name character varying(100) NOT NULL,
    created_at timestamp with time zone NOT NULL,
    updated_at timestamp with time zone NOT NULL
);


--
-- TOC entry 247 (class 1259 OID 16479)
-- Name: seasons_id_seq; Type: SEQUENCE; Schema: public; Owner: -
--

ALTER TABLE public.seasons ALTER COLUMN id ADD GENERATED BY DEFAULT AS IDENTITY (
    SEQUENCE NAME public.seasons_id_seq
    START WITH 1
    INCREMENT BY 1
    NO MINVALUE
    NO MAXVALUE
    CACHE 1
);


--
-- TOC entry 248 (class 1259 OID 16480)
-- Name: team_tournaments; Type: TABLE; Schema: public; Owner: -
--

CREATE TABLE public.team_tournaments (
    id bigint NOT NULL,
    placement integer,
    created_at timestamp with time zone NOT NULL,
    updated_at timestamp with time zone NOT NULL,
    team_id bigint NOT NULL,
    tournament_id bigint NOT NULL
);


--
-- TOC entry 249 (class 1259 OID 16483)
-- Name: team_tournaments_id_seq; Type: SEQUENCE; Schema: public; Owner: -
--

ALTER TABLE public.team_tournaments ALTER COLUMN id ADD GENERATED BY DEFAULT AS IDENTITY (
    SEQUENCE NAME public.team_tournaments_id_seq
    START WITH 1
    INCREMENT BY 1
    NO MINVALUE
    NO MAXVALUE
    CACHE 1
);


--
-- TOC entry 250 (class 1259 OID 16484)
-- Name: teams; Type: TABLE; Schema: public; Owner: -
--

CREATE TABLE public.teams (
    id bigint NOT NULL,
    name character varying(100) NOT NULL,
    region character varying(50) NOT NULL,
    created_at timestamp with time zone NOT NULL,
    updated_at timestamp with time zone NOT NULL
);


--
-- TOC entry 251 (class 1259 OID 16487)
-- Name: teams_id_seq; Type: SEQUENCE; Schema: public; Owner: -
--

ALTER TABLE public.teams ALTER COLUMN id ADD GENERATED BY DEFAULT AS IDENTITY (
    SEQUENCE NAME public.teams_id_seq
    START WITH 1
    INCREMENT BY 1
    NO MINVALUE
    NO MAXVALUE
    CACHE 1
);


--
-- TOC entry 252 (class 1259 OID 16488)
-- Name: tournaments; Type: TABLE; Schema: public; Owner: -
--

CREATE TABLE public.tournaments (
    id bigint NOT NULL,
    name character varying(200) NOT NULL,
    tier character varying(50) NOT NULL,
    date date NOT NULL,
    created_at timestamp with time zone NOT NULL,
    updated_at timestamp with time zone NOT NULL,
    patch_id bigint
);


--
-- TOC entry 253 (class 1259 OID 16491)
-- Name: tournaments_id_seq; Type: SEQUENCE; Schema: public; Owner: -
--

ALTER TABLE public.tournaments ALTER COLUMN id ADD GENERATED BY DEFAULT AS IDENTITY (
    SEQUENCE NAME public.tournaments_id_seq
    START WITH 1
    INCREMENT BY 1
    NO MINVALUE
    NO MAXVALUE
    CACHE 1
);


--
-- TOC entry 3682 (class 0 OID 16398)
-- Dependencies: 215
-- Data for Name: auth_group; Type: TABLE DATA; Schema: public; Owner: -
--

COPY public.auth_group (id, name) FROM stdin;
\.


--
-- TOC entry 3684 (class 0 OID 16402)
-- Dependencies: 217
-- Data for Name: auth_group_permissions; Type: TABLE DATA; Schema: public; Owner: -
--

COPY public.auth_group_permissions (id, group_id, permission_id) FROM stdin;
\.


--
-- TOC entry 3686 (class 0 OID 16406)
-- Dependencies: 219
-- Data for Name: auth_permission; Type: TABLE DATA; Schema: public; Owner: -
--

COPY public.auth_permission (id, name, content_type_id, codename) FROM stdin;
1	Can add log entry	1	add_logentry
2	Can change log entry	1	change_logentry
3	Can delete log entry	1	delete_logentry
4	Can view log entry	1	view_logentry
5	Can add permission	2	add_permission
6	Can change permission	2	change_permission
7	Can delete permission	2	delete_permission
8	Can view permission	2	view_permission
9	Can add group	3	add_group
10	Can change group	3	change_group
11	Can delete group	3	delete_group
12	Can view group	3	view_group
13	Can add user	4	add_user
14	Can change user	4	change_user
15	Can delete user	4	delete_user
16	Can view user	4	view_user
17	Can add content type	5	add_contenttype
18	Can change content type	5	change_contenttype
19	Can delete content type	5	delete_contenttype
20	Can view content type	5	view_contenttype
21	Can add session	6	add_session
22	Can change session	6	change_session
23	Can delete session	6	delete_session
24	Can view session	6	view_session
25	Can add champion	7	add_champion
26	Can change champion	7	change_champion
27	Can delete champion	7	delete_champion
28	Can view champion	7	view_champion
29	Can add champion patch	8	add_championpatch
30	Can change champion patch	8	change_championpatch
31	Can delete champion patch	8	delete_championpatch
32	Can view champion patch	8	view_championpatch
33	Can add game	9	add_game
34	Can change game	9	change_game
35	Can delete game	9	delete_game
36	Can view game	9	view_game
37	Can add patch	10	add_patch
38	Can change patch	10	change_patch
39	Can delete patch	10	delete_patch
40	Can view patch	10	view_patch
41	Can add season	11	add_season
42	Can change season	11	change_season
43	Can delete season	11	delete_season
44	Can view season	11	view_season
45	Can add team	12	add_team
46	Can change team	12	change_team
47	Can delete team	12	delete_team
48	Can view team	12	view_team
49	Can add win loss record	13	add_winlossrecord
50	Can change win loss record	13	change_winlossrecord
51	Can delete win loss record	13	delete_winlossrecord
52	Can view win loss record	13	view_winlossrecord
53	Can add tournament	14	add_tournament
54	Can change tournament	14	change_tournament
55	Can delete tournament	14	delete_tournament
56	Can view tournament	14	view_tournament
57	Can add team tournament	15	add_teamtournament
58	Can change team tournament	15	change_teamtournament
59	Can delete team tournament	15	delete_teamtournament
60	Can view team tournament	15	view_teamtournament
61	Can add role	16	add_role
62	Can change role	16	change_role
63	Can delete role	16	delete_role
64	Can view role	16	view_role
65	Can add champion role	17	add_championrole
66	Can change champion role	17	change_championrole
67	Can delete champion role	17	delete_championrole
68	Can view champion role	17	view_championrole
69	Can add champion season stats	18	add_championseasonstats
70	Can change champion season stats	18	change_championseasonstats
71	Can delete champion season stats	18	delete_championseasonstats
72	Can view champion season stats	18	view_championseasonstats
\.


--
-- TOC entry 3688 (class 0 OID 16410)
-- Dependencies: 221
-- Data for Name: auth_user; Type: TABLE DATA; Schema: public; Owner: -
--

COPY public.auth_user (id, password, last_login, is_superuser, username, first_name, last_name, email, is_staff, is_active, date_joined) FROM stdin;
1	pbkdf2_sha256$600000$GgQP8TuHO7Ew4JhiT2heZ3$wyVbCFAbhH7WXACY5szQiDLeQEYRuzbWLsLSh9JVTkM=	2025-11-06 06:19:27.961035+00	t	alanc				t	t	2025-11-06 06:19:18.098552+00
\.


--
-- TOC entry 3689 (class 0 OID 16415)
-- Dependencies: 222
-- Data for Name: auth_user_groups; Type: TABLE DATA; Schema: public; Owner: -
--

COPY public.auth_user_groups (id, user_id, group_id) FROM stdin;
\.


--
-- TOC entry 3692 (class 0 OID 16420)
-- Dependencies: 225
-- Data for Name: auth_user_user_permissions; Type: TABLE DATA; Schema: public; Owner: -
--

COPY public.auth_user_user_permissions (id, user_id, permission_id) FROM stdin;
\.


--
-- TOC entry 3694 (class 0 OID 16424)
-- Dependencies: 227
-- Data for Name: champion_patches; Type: TABLE DATA; Schema: public; Owner: -
--

COPY public.champion_patches (id, change_type, created_at, updated_at, champion_id, patch_id) FROM stdin;
\.


--
-- TOC entry 3722 (class 0 OID 16908)
-- Dependencies: 255
-- Data for Name: champion_season_stats; Type: TABLE DATA; Schema: public; Owner: -
--

COPY public.champion_season_stats (id, picks, bans, prioscore, wins, losses, winrate, "KDA", avg_bt, avg_rp, gt, csm, dpm, gpm, csd_15, gd_15, xpd_15, created_at, updated_at, champion_id, season_id) FROM stdin;
\.


--
-- TOC entry 3696 (class 0 OID 16428)
-- Dependencies: 229
-- Data for Name: champions; Type: TABLE DATA; Schema: public; Owner: -
--

COPY public.champions (id, name, release_date, primary_damage_type, created_at, updated_at) FROM stdin;
8	Ambessa	2024-11-06	AD	2025-11-06 06:08:13.937277+00	2025-11-06 06:41:42.174318+00
11	Alistar	2009-02-21	AP	2025-11-06 06:08:13.940395+00	2025-11-06 06:40:58.90943+00
46	Akali	2010-05-11	AD	2025-11-06 06:08:13.975074+00	2025-11-06 06:41:22.558862+00
21	Aurora	2024-07-17	AP	2025-11-06 06:08:13.950583+00	2025-11-06 06:43:58.299094+00
4	Azir	2014-09-16	AP	2025-11-06 06:08:13.933386+00	2025-11-06 06:44:14.229945+00
24	Braum	2014-05-12	AP	2025-11-06 06:08:13.953903+00	2025-11-06 06:45:23.466931+00
14	Corki	2009-09-19	AD	2025-11-06 06:08:13.943519+00	2025-11-06 06:46:52.975625+00
13	Ezreal	2010-03-16	AD	2025-11-06 06:08:13.942609+00	2025-11-06 06:48:55.492394+00
40	Galio	2010-08-10	AP	2025-11-06 06:08:13.96943+00	2025-11-06 06:50:05.955341+00
5	Gwen	2021-04-15	AP	2025-11-06 06:08:13.934319+00	2025-11-06 06:51:53.38756+00
42	Jax	2009-02-21	AD	2025-11-06 06:08:13.971215+00	2025-11-06 06:54:02.90391+00
12	Jayce	2012-07-07	AD	2025-11-06 06:08:13.941397+00	2025-11-06 06:54:20.465135+00
26	Kaisa	2018-03-07	AP	2025-11-06 06:08:13.955726+00	2025-11-06 06:55:00.230963+00
15	Kalista	2014-11-20	AD	2025-11-06 06:08:13.94443+00	2025-11-06 06:55:22.202341+00
28	KSante	2022-11-02	AD	2025-11-06 06:08:13.957546+00	2025-11-06 06:58:04.328218+00
31	Leona	2011-07-13	AD	2025-11-06 06:08:13.960724+00	2025-11-06 06:58:53.260189+00
41	Lucian	2013-08-22	AD	2025-11-06 06:08:13.970331+00	2025-11-06 06:59:17.188682+00
27	Maokai	2011-02-16	AP	2025-11-06 06:08:13.956634+00	2025-11-06 07:00:16.451422+00
33	Miss Fortune	2010-09-08	AD	2025-11-06 06:08:13.962546+00	2025-11-06 07:01:06.131043+00
34	Naafiri	2023-07-19	AD	2025-11-06 06:08:13.963443+00	2025-11-06 07:01:43.797943+00
17	Nautilus	2012-02-14	AP	2025-11-06 06:08:13.946553+00	2025-11-06 07:02:21.96716+00
23	Neeko	2018-12-05	AP	2025-11-06 06:08:13.952919+00	2025-11-06 07:02:36.550601+00
36	Nocturne	2011-03-15	AD	2025-11-06 06:08:13.96523+00	2025-11-06 07:03:10.544553+00
22	Orianna	2011-06-01	AP	2025-11-06 06:08:13.951582+00	2025-11-06 07:03:44.163162+00
6	Pantheon	2010-02-02	AD	2025-11-06 06:08:13.935273+00	2025-11-06 07:04:14.949098+00
9	Poppy	2010-01-13	AD	2025-11-06 06:08:13.938249+00	2025-11-06 07:04:26.633118+00
19	Rakan	2017-04-19	AP	2025-11-06 06:08:13.9485+00	2025-11-06 07:05:26.315179+00
10	Rell	2020-12-10	AP	2025-11-06 06:08:13.939468+00	2025-11-06 07:06:01.891782+00
3	Rumble	2011-04-26	AP	2025-11-06 06:08:13.932427+00	2025-11-06 07:06:57.821137+00
43	Ryze	2009-02-21	AP	2025-11-06 06:08:13.972107+00	2025-11-06 07:07:08.194621+00
29	Sejuani	2012-01-17	AP	2025-11-06 06:08:13.958444+00	2025-11-06 07:07:30.87943+00
30	Sion	2009-02-21	AD	2025-11-06 06:08:13.959433+00	2025-11-06 07:08:56.355532+00
20	Skarner	2011-08-09	AD	2025-11-06 06:08:13.949413+00	2025-11-06 07:09:21.28813+00
7	Taliyah	2016-05-18	AP	2025-11-06 06:08:13.93619+00	2025-11-06 07:10:49.60651+00
39	Trundle	2010-12-01	AD	2025-11-06 06:08:13.968533+00	2025-11-06 07:11:53.611851+00
1	Varus	2012-05-08	AD	2025-11-06 06:08:13.928664+00	2025-11-06 07:12:43.097457+00
2	Vi	2012-12-19	AD	2025-11-06 06:08:13.930986+00	2025-11-06 07:13:49.422106+00
35	Viktor	2011-12-29	AP	2025-11-06 06:08:13.964333+00	2025-11-06 07:14:08.291491+00
25	Wukong	2011-07-26	AD	2025-11-06 06:08:13.954822+00	2025-11-06 07:14:50.854393+00
44	Xayah	2017-04-19	AD	2025-11-06 06:08:13.972993+00	2025-11-06 07:15:02.230461+00
16	Xin Zhao	2010-07-13	AD	2025-11-06 06:08:13.945336+00	2025-11-06 07:15:27.819976+00
18	Yone	2020-08-06	AD	2025-11-06 06:08:13.947554+00	2025-11-06 07:15:55.151421+00
45	Yunara	2025-07-16	AD	2025-11-06 06:08:13.974173+00	2025-11-06 07:16:15.25716+00
52	Annie	2009-02-21	AP	2025-11-06 06:08:13.98103+00	2025-11-06 06:42:35.283118+00
89	Aphelios	2019-12-11	AD	2025-11-06 06:08:14.016746+00	2025-11-06 06:43:08.447346+00
48	Ashe	2009-02-21	AD	2025-11-06 06:08:13.977248+00	2025-11-06 06:43:23.572715+00
58	Bard	2015-03-12	AP	2025-11-06 06:08:13.986665+00	2025-11-06 06:44:27.295425+00
88	Blitzcrank	2009-09-02	AD	2025-11-06 06:08:14.015827+00	2025-11-06 06:44:55.138981+00
69	Caitlyn	2011-01-04	AD	2025-11-06 06:08:13.997424+00	2025-11-06 06:45:52.041111+00
72	Camille	2016-12-07	AD	2025-11-06 06:08:14.000245+00	2025-11-06 06:46:04.572999+00
85	Cassiopeia	2010-12-14	AP	2025-11-06 06:08:14.012684+00	2025-11-06 06:46:20.763478+00
87	Chogath	2009-06-26	AP	2025-11-06 06:08:14.0146+00	2025-11-06 06:46:36.270261+00
75	Draven	2012-06-06	AD	2025-11-06 06:08:14.003337+00	2025-11-06 06:47:49.463811+00
79	Elise	2012-10-26	AP	2025-11-06 06:08:14.00689+00	2025-11-06 06:48:17.803559+00
73	Fiora	2012-02-29	AD	2025-11-06 06:08:14.001369+00	2025-11-06 06:49:29.7775+00
53	Gnar	2014-08-14	AD	2025-11-06 06:08:13.982005+00	2025-11-06 06:51:14.822935+00
76	Gragas	2010-02-02	AP	2025-11-06 06:08:14.004219+00	2025-11-06 06:51:28.264198+00
59	Ivern	2016-10-05	AP	2025-11-06 06:08:13.988064+00	2025-11-06 06:53:20.311698+00
51	Jarvan IV	2011-03-01	AD	2025-11-06 06:08:13.979957+00	2025-11-06 06:53:49.400425+00
70	Jinx	2013-10-10	AD	2025-11-06 06:08:13.998318+00	2025-11-06 06:54:48.448497+00
63	Karma	2011-02-01	AP	2025-11-06 06:08:13.991643+00	2025-11-06 06:55:36.075653+00
91	Kindred	2015-10-14	AD	2025-11-06 06:08:14.018551+00	2025-11-06 06:57:19.848407+00
82	LeBlanc	2010-11-02	AP	2025-11-06 06:08:14.010025+00	2025-11-06 06:58:16.996743+00
80	Lee Sin	2011-04-01	AD	2025-11-06 06:08:14.007876+00	2025-11-06 06:58:27.788571+00
65	Lillia	2020-07-22	AP	2025-11-06 06:08:13.993427+00	2025-11-06 06:58:40.236933+00
66	Lulu	2012-03-20	AP	2025-11-06 06:08:13.994628+00	2025-11-06 06:59:29.036886+00
74	Mel	2025-01-23	AP	2025-11-06 06:08:14.002428+00	2025-11-06 07:00:42.461688+00
92	Nami	2012-12-07	AD	2025-11-06 06:08:14.019464+00	2025-11-06 07:01:55.693535+00
71	Nidalee	2009-12-17	AP	2025-11-06 06:08:13.99932+00	2025-11-06 07:02:48.097168+00
83	Olaf	2010-06-09	AD	2025-11-06 06:08:14.010913+00	2025-11-06 07:03:32.756331+00
57	Ornn	2017-08-23	AD	2025-11-06 06:08:13.985776+00	2025-11-06 07:04:01.983137+00
84	Pyke	2018-05-31	AD	2025-11-06 06:08:14.011805+00	2025-11-06 07:04:44.733342+00
90	Qiyana	2019-06-28	AD	2025-11-06 06:08:14.017643+00	2025-11-06 07:04:57.827106+00
67	Senna	2019-11-10	AD	2025-11-06 06:08:13.995626+00	2025-11-06 07:07:41.987895+00
81	Shen	2010-03-24	AD	2025-11-06 06:08:14.009127+00	2025-11-06 07:08:24.597261+00
50	Sivir	2009-02-21	AD	2025-11-06 06:08:13.979056+00	2025-11-06 07:09:08.805008+00
77	Smolder	2024-01-31	AD	2025-11-06 06:08:14.005103+00	2025-11-06 07:09:32.27474+00
47	Sylas	2019-01-25	AP	2025-11-06 06:08:13.97596+00	2025-11-06 07:10:16.891695+00
62	Syndra	2012-09-13	AP	2025-11-06 06:08:13.990755+00	2025-11-06 07:10:27.002131+00
60	Tristana	2009-02-21	AD	2025-11-06 06:08:13.988981+00	2025-11-06 07:11:40.675046+00
54	Viego	2021-01-21	AD	2025-11-06 06:08:13.982987+00	2025-11-06 07:13:59.386144+00
56	Yorick	2011-06-22	AD	2025-11-06 06:08:13.984883+00	2025-11-06 07:16:05.747034+00
86	Zed	2012-11-13	AD	2025-11-06 06:08:14.013572+00	2025-11-06 07:16:50.223845+00
78	Zeri	2022-01-20	AD	2025-11-06 06:08:14.005994+00	2025-11-06 07:17:01.48969+00
68	Ziggs	2012-02-01	AP	2025-11-06 06:08:13.996536+00	2025-11-06 07:17:14.090357+00
49	Zyra	2012-07-24	AP	2025-11-06 06:08:13.978156+00	2025-11-06 07:17:49.882249+00
113	Amumu	2009-06-26	AP	2025-11-06 06:08:14.039361+00	2025-11-06 06:42:01.908391+00
137	Anivia	2009-07-10	AP	2025-11-06 06:08:14.062531+00	2025-11-06 06:42:19.091304+00
106	Belveth	2022-06-09	AD	2025-11-06 06:08:14.03295+00	2025-11-06 06:44:39.946666+00
127	Brand	2011-04-12	AP	2025-11-06 06:08:14.052808+00	2025-11-06 06:45:10.538671+00
95	Darius	2012-05-23	AD	2025-11-06 06:08:14.022542+00	2025-11-06 06:47:07.975572+00
136	Diana	2012-08-07	AP	2025-11-06 06:08:14.061567+00	2025-11-06 06:47:23.148752+00
99	Dr. Mundo	2009-09-02	AD	2025-11-06 06:08:14.026157+00	2025-11-06 06:47:35.837983+00
117	Fiddlesticks	2009-02-21	AP	2025-11-06 06:08:14.043168+00	2025-11-06 06:49:13.642087+00
112	Gangplank	2009-08-19	AD	2025-11-06 06:08:14.038476+00	2025-11-06 06:50:48.351301+00
107	Garen	2010-04-27	AD	2025-11-06 06:08:14.033833+00	2025-11-06 06:51:01.836325+00
93	Irelia	2010-11-16	AD	2025-11-06 06:08:14.020355+00	2025-11-06 06:53:05.900808+00
128	Janna	2009-09-02	AP	2025-11-06 06:08:14.053684+00	2025-11-06 06:53:36.304565+00
115	Karthus	2009-06-12	AP	2025-11-06 06:08:14.041136+00	2025-11-06 06:55:47.957846+00
118	Kayn	2017-07-12	AD	2025-11-06 06:08:14.044228+00	2025-11-06 06:56:37.003882+00
103	Kennen	2010-04-08	AP	2025-11-06 06:08:14.030229+00	2025-11-06 06:56:47.683982+00
133	Kled	2016-08-10	AD	2025-11-06 06:08:14.058396+00	2025-11-06 06:57:35.641698+00
119	KogMaw	2010-06-24	AD	2025-11-06 06:08:14.045139+00	2025-11-06 06:57:46.403822+00
114	Lux	2010-10-19	AP	2025-11-06 06:08:14.040247+00	2025-11-06 06:59:39.96133+00
108	Milio	2023-03-23	AP	2025-11-06 06:08:14.034723+00	2025-11-06 07:00:54.059193+00
121	Mordekaiser	2010-02-24	AP	2025-11-06 06:08:14.047147+00	2025-11-06 07:01:17.354616+00
130	Morgana	2009-02-21	AP	2025-11-06 06:08:14.055449+00	2025-11-06 07:01:31.657151+00
139	Nilah	2022-07-13	AD	2025-11-06 06:08:14.064713+00	2025-11-06 07:02:59.912204+00
131	Nunu	2009-02-21	AP	2025-11-06 06:08:14.056323+00	2025-11-06 07:03:21.445079+00
116	RekSai	2014-12-11	AD	2025-11-06 06:08:14.042017+00	2025-11-06 07:05:51.398677+00
123	Riven	2011-09-14	AD	2025-11-06 06:08:14.049057+00	2025-11-06 07:06:47.230997+00
97	Seraphine	2020-10-29	AP	2025-11-06 06:08:14.02439+00	2025-11-06 07:07:54.498355+00
109	Sett	2020-01-14	AD	2025-11-06 06:08:14.035616+00	2025-11-06 07:08:04.626545+00
111	Swain	2010-10-05	AP	2025-11-06 06:08:14.037578+00	2025-11-06 07:10:04.049819+00
122	Tahm Kench	2015-07-09	AP	2025-11-06 06:08:14.048136+00	2025-11-06 07:10:38.118099+00
138	Talon	2011-08-24	AD	2025-11-06 06:08:14.063453+00	2025-11-06 07:10:59.377547+00
124	Taric	2009-08-19	AD	2025-11-06 06:08:14.050033+00	2025-11-06 07:11:09.778377+00
100	Thresh	2013-01-23	AD	2025-11-06 06:08:14.027065+00	2025-11-06 07:11:32.33718+00
101	Twisted Fate	2009-02-21	AP	2025-11-06 06:08:14.028043+00	2025-11-06 07:12:14.497736+00
135	Twitch	2009-05-01	AD	2025-11-06 06:08:14.060365+00	2025-11-06 07:12:23.175235+00
134	Urgot	2010-08-24	AD	2025-11-06 06:08:14.059297+00	2025-11-06 07:12:52.680963+00
132	Vayne	2011-05-10	AD	2025-11-06 06:08:14.057427+00	2025-11-06 07:13:01.510703+00
110	Vladimir	2010-07-27	AP	2025-11-06 06:08:14.036674+00	2025-11-06 07:14:19.204028+00
98	Volibear	2011-11-29	AD	2025-11-06 06:08:14.025285+00	2025-11-06 07:14:29.426932+00
126	Warwick	2009-02-21	AD	2025-11-06 06:08:14.05191+00	2025-11-06 07:14:42.37456+00
129	Xerath	2011-10-05	AP	2025-11-06 06:08:14.054568+00	2025-11-06 07:15:13.008713+00
96	Yasuo	2013-12-13	AD	2025-11-06 06:08:14.02349+00	2025-11-06 07:15:42.891632+00
105	Zac	2013-03-29	AP	2025-11-06 06:08:14.032022+00	2025-11-06 07:16:39.532833+00
94	Zoe	2017-11-21	AP	2025-11-06 06:08:14.021302+00	2025-11-06 07:17:39.100663+00
61	Aatrox	2013-06-13	AD	2025-11-06 06:08:13.989873+00	2025-11-06 06:38:55.679378+00
32	Ahri	2011-12-14	AP	2025-11-06 06:08:13.961638+00	2025-11-06 06:39:09.492129+00
120	Akshan	2021-07-22	AD	2025-11-06 06:08:14.046232+00	2025-11-06 06:41:09.868157+00
125	Aurelion Sol	2016-03-24	AP	2025-11-06 06:08:14.05101+00	2025-11-06 06:43:41.326347+00
168	Briar	2023-09-14	AD	2025-11-06 06:08:14.09442+00	2025-11-06 06:45:36.395375+00
154	Ekko	2015-05-29	AP	2025-11-06 06:08:14.079257+00	2025-11-06 06:48:03.389684+00
160	Evelynn	2009-05-01	AP	2025-11-06 06:08:14.084887+00	2025-11-06 06:48:32.295635+00
171	Fizz	2011-11-15	AP	2025-11-06 06:08:14.097176+00	2025-11-06 06:49:46.963902+00
152	Graves	2011-10-19	AD	2025-11-06 06:08:14.077037+00	2025-11-06 06:51:39.642352+00
159	Hecarim	2012-04-18	AD	2025-11-06 06:08:14.083725+00	2025-11-06 06:52:09.49031+00
156	Heimerdinger	2009-10-10	AP	2025-11-06 06:08:14.081036+00	2025-11-06 06:52:23.505987+00
64	Hwei	2023-12-05	AP	2025-11-06 06:08:13.992541+00	2025-11-06 06:52:37.350062+00
157	Illaoi	2015-11-24	AD	2025-11-06 06:08:14.081951+00	2025-11-06 06:52:49.797875+00
37	Jhin	2016-02-01	AD	2025-11-06 06:08:13.966123+00	2025-11-06 06:54:34.791705+00
153	Kassadin	2009-08-07	AP	2025-11-06 06:08:14.078348+00	2025-11-06 06:55:58.819872+00
158	Katarina	2009-09-19	AP	2025-11-06 06:08:14.082836+00	2025-11-06 06:56:14.687896+00
162	Kayle	2009-02-21	AD	2025-11-06 06:08:14.086849+00	2025-11-06 06:56:26.523513+00
141	KhaZix	2012-09-27	AD	2025-11-06 06:08:14.066535+00	2025-11-06 06:57:09.354024+00
143	Lissandra	2013-04-30	AP	2025-11-06 06:08:14.068439+00	2025-11-06 06:59:05.137195+00
102	Malphite	2009-09-02	AP	2025-11-06 06:08:14.029183+00	2025-11-06 06:59:53.590046+00
164	Malzahar	2010-06-01	AP	2025-11-06 06:08:14.088738+00	2025-11-06 07:00:05.503658+00
170	Master Yi	2009-02-21	AD	2025-11-06 06:08:14.096275+00	2025-11-06 07:00:29.606214+00
163	Nasus	2009-10-01	AD	2025-11-06 06:08:14.087824+00	2025-11-06 07:02:08.715556+00
161	Quinn	2013-03-01	AD	2025-11-06 06:08:14.085959+00	2025-11-06 07:05:11.616372+00
169	Rammus	2009-07-10	AD	2025-11-06 06:08:14.095356+00	2025-11-06 07:05:37.639615+00
55	Renata Glasc	2022-02-17	AP	2025-11-06 06:08:13.983978+00	2025-11-06 07:06:14.429932+00
38	Renekton	2011-01-18	AD	2025-11-06 06:08:13.967435+00	2025-11-06 07:06:26.098719+00
144	Rengar	2012-08-21	AD	2025-11-06 06:08:14.069335+00	2025-11-06 07:06:37.161024+00
167	Samira	2020-09-21	AD	2025-11-06 06:08:14.093483+00	2025-11-06 07:07:19.978732+00
155	Shaco	2009-10-10	AD	2025-11-06 06:08:14.08015+00	2025-11-06 07:08:15.082044+00
151	Shyvana	2011-11-01	AD	2025-11-06 06:08:14.075848+00	2025-11-06 07:08:35.784495+00
166	Singed	2009-04-18	AP	2025-11-06 06:08:14.090517+00	2025-11-06 07:08:47.463045+00
165	Sona	2010-09-21	AP	2025-11-06 06:08:14.089639+00	2025-11-06 07:09:42.573583+00
140	Soraka	2009-02-21	AP	2025-11-06 06:08:14.065618+00	2025-11-06 07:09:53.456373+00
150	Teemo	2009-02-21	AP	2025-11-06 06:08:14.074964+00	2025-11-06 07:11:19.959038+00
147	Tryndamere	2009-05-01	AD	2025-11-06 06:08:14.072305+00	2025-11-06 07:12:03.003105+00
104	Udyr	2009-12-02	AD	2025-11-06 06:08:14.031126+00	2025-11-06 07:12:33.153266+00
148	Veigar	2009-07-24	AP	2025-11-06 06:08:14.073191+00	2025-11-06 07:13:10.884936+00
149	VelKoz	2014-02-27	AP	2025-11-06 06:08:14.074078+00	2025-11-06 07:13:26.479338+00
146	Vex	2021-09-23	AP	2025-11-06 06:08:14.071397+00	2025-11-06 07:13:37.151639+00
142	Yuumi	2019-05-14	AP	2025-11-06 06:08:14.067455+00	2025-11-06 07:16:28.756799+00
145	Zilean	2009-04-18	AP	2025-11-06 06:08:14.070221+00	2025-11-06 07:17:25.110036+00
\.


--
-- TOC entry 3698 (class 0 OID 16438)
-- Dependencies: 231
-- Data for Name: champions_roles; Type: TABLE DATA; Schema: public; Owner: -
--

COPY public.champions_roles (id, champion_id, role_id) FROM stdin;
1	61	1
2	32	3
3	46	1
4	46	3
5	120	3
6	11	5
7	8	1
8	113	2
9	137	3
10	52	3
11	89	4
12	48	4
13	48	5
14	125	3
15	21	1
16	21	3
17	4	3
18	58	5
19	106	2
20	88	5
21	127	2
22	127	5
23	24	5
24	168	2
25	69	4
26	72	1
27	85	3
28	87	1
29	14	3
30	95	1
31	136	2
32	136	3
33	99	1
34	75	4
35	154	2
36	154	3
37	79	2
38	160	2
39	13	4
40	117	2
41	73	1
42	171	3
43	40	3
44	112	1
45	107	1
46	53	1
47	76	2
48	152	2
49	5	1
50	159	2
51	156	5
52	64	3
53	64	5
54	157	1
55	93	1
56	93	3
57	59	2
58	128	5
59	51	2
60	42	1
61	42	2
62	12	1
63	37	4
64	70	4
65	26	4
66	15	4
67	63	3
68	63	5
69	115	2
70	153	3
71	158	3
72	162	1
73	118	2
74	103	1
75	141	2
76	91	2
77	133	1
78	119	4
79	28	1
80	82	3
81	80	2
82	65	2
83	31	5
84	143	3
85	41	4
86	66	5
87	114	3
88	114	5
89	102	1
90	164	3
91	27	5
92	170	2
93	74	3
94	74	5
95	108	5
96	33	4
97	121	1
98	130	3
99	130	5
100	34	3
101	92	5
102	163	1
103	17	5
104	23	3
105	23	5
106	71	2
107	139	4
108	36	2
109	131	2
110	83	1
111	22	3
112	57	1
113	6	1
114	6	5
115	9	1
116	9	2
117	84	5
118	90	3
119	161	1
120	19	5
121	169	2
122	116	2
123	10	5
124	55	5
125	38	1
126	144	2
127	123	1
128	3	1
129	43	3
130	167	4
131	29	2
132	67	4
133	67	5
134	97	4
135	97	5
136	109	1
137	155	2
138	81	1
139	151	2
140	166	1
141	30	1
142	50	4
143	20	1
144	20	2
145	77	4
146	165	5
147	140	5
148	111	3
149	111	5
150	47	3
151	62	3
152	122	1
153	7	2
154	7	3
155	138	3
156	124	5
157	150	1
158	100	5
159	60	4
160	39	1
161	147	1
162	101	3
163	101	4
164	135	4
165	104	1
166	104	2
167	1	4
168	134	1
169	132	4
170	148	3
171	149	5
172	146	3
173	2	2
174	54	2
175	35	3
176	110	3
177	98	1
178	126	2
179	25	2
180	44	4
181	129	3
182	129	5
183	16	2
184	96	1
185	96	3
186	96	4
187	18	1
188	18	3
189	56	1
190	45	4
191	142	5
192	105	2
193	86	3
194	78	4
195	68	4
196	145	5
197	94	3
\.


--
-- TOC entry 3700 (class 0 OID 16442)
-- Dependencies: 233
-- Data for Name: django_admin_log; Type: TABLE DATA; Schema: public; Owner: -
--

COPY public.django_admin_log (id, action_time, object_id, object_repr, action_flag, change_message, content_type_id, user_id) FROM stdin;
1	2025-11-06 06:29:54.712715+00	61	Aatrox	2	[{"changed": {"fields": ["Release date", "Primary damage type", "Primary role"]}}]	7	1
2	2025-11-06 06:30:40.465453+00	32	Ahri	2	[{"changed": {"fields": ["Release date", "Primary damage type", "Primary role"]}}]	7	1
3	2025-11-06 06:38:13.620419+00	1	Top	1	[{"added": {}}]	16	1
4	2025-11-06 06:38:17.94339+00	2	Jungle	1	[{"added": {}}]	16	1
5	2025-11-06 06:38:20.542607+00	3	Mid	1	[{"added": {}}]	16	1
6	2025-11-06 06:38:25.964248+00	4	BOT	1	[{"added": {}}]	16	1
7	2025-11-06 06:38:28.219612+00	5	Support	1	[{"added": {}}]	16	1
8	2025-11-06 06:38:34.309433+00	4	Bot	2	[{"changed": {"fields": ["Name"]}}]	16	1
9	2025-11-06 06:38:55.681592+00	61	Aatrox	2	[{"changed": {"fields": ["Roles"]}}]	7	1
10	2025-11-06 06:39:09.493814+00	32	Ahri	2	[{"changed": {"fields": ["Roles"]}}]	7	1
11	2025-11-06 06:39:53.983862+00	46	Akali	2	[{"changed": {"fields": ["Primary damage type", "Roles"]}}]	7	1
12	2025-11-06 06:40:12.296436+00	120	Akshan	2	[{"changed": {"fields": ["Primary damage type", "Roles"]}}]	7	1
13	2025-11-06 06:40:58.911123+00	11	Alistar	2	[{"changed": {"fields": ["Release date", "Primary damage type", "Roles"]}}]	7	1
14	2025-11-06 06:41:09.869648+00	120	Akshan	2	[{"changed": {"fields": ["Release date"]}}]	7	1
15	2025-11-06 06:41:22.560152+00	46	Akali	2	[{"changed": {"fields": ["Release date"]}}]	7	1
16	2025-11-06 06:41:42.176304+00	8	Ambessa	2	[{"changed": {"fields": ["Release date", "Primary damage type", "Roles"]}}]	7	1
17	2025-11-06 06:42:01.910566+00	113	Amumu	2	[{"changed": {"fields": ["Release date", "Primary damage type", "Roles"]}}]	7	1
18	2025-11-06 06:42:19.093152+00	137	Anivia	2	[{"changed": {"fields": ["Release date", "Primary damage type", "Roles"]}}]	7	1
19	2025-11-06 06:42:35.284797+00	52	Annie	2	[{"changed": {"fields": ["Release date", "Primary damage type", "Roles"]}}]	7	1
20	2025-11-06 06:43:08.449249+00	89	Aphelios	2	[{"changed": {"fields": ["Release date", "Primary damage type", "Roles"]}}]	7	1
21	2025-11-06 06:43:23.574575+00	48	Ashe	2	[{"changed": {"fields": ["Release date", "Primary damage type", "Roles"]}}]	7	1
22	2025-11-06 06:43:41.328946+00	125	Aurelion Sol	2	[{"changed": {"fields": ["Release date", "Primary damage type", "Roles"]}}]	7	1
23	2025-11-06 06:43:58.30131+00	21	Aurora	2	[{"changed": {"fields": ["Release date", "Primary damage type", "Roles"]}}]	7	1
24	2025-11-06 06:44:14.232181+00	4	Azir	2	[{"changed": {"fields": ["Release date", "Primary damage type", "Roles"]}}]	7	1
25	2025-11-06 06:44:27.297284+00	58	Bard	2	[{"changed": {"fields": ["Release date", "Primary damage type", "Roles"]}}]	7	1
26	2025-11-06 06:44:39.948424+00	106	Belveth	2	[{"changed": {"fields": ["Release date", "Primary damage type", "Roles"]}}]	7	1
27	2025-11-06 06:44:55.140671+00	88	Blitzcrank	2	[{"changed": {"fields": ["Release date", "Primary damage type", "Roles"]}}]	7	1
28	2025-11-06 06:45:10.540583+00	127	Brand	2	[{"changed": {"fields": ["Release date", "Primary damage type", "Roles"]}}]	7	1
29	2025-11-06 06:45:23.468609+00	24	Braum	2	[{"changed": {"fields": ["Release date", "Primary damage type", "Roles"]}}]	7	1
30	2025-11-06 06:45:36.397457+00	168	Briar	2	[{"changed": {"fields": ["Release date", "Primary damage type", "Roles"]}}]	7	1
31	2025-11-06 06:45:52.042795+00	69	Caitlyn	2	[{"changed": {"fields": ["Release date", "Primary damage type", "Roles"]}}]	7	1
32	2025-11-06 06:46:04.574652+00	72	Camille	2	[{"changed": {"fields": ["Release date", "Primary damage type", "Roles"]}}]	7	1
33	2025-11-06 06:46:20.765144+00	85	Cassiopeia	2	[{"changed": {"fields": ["Release date", "Primary damage type", "Roles"]}}]	7	1
34	2025-11-06 06:46:36.271928+00	87	Chogath	2	[{"changed": {"fields": ["Release date", "Primary damage type", "Roles"]}}]	7	1
35	2025-11-06 06:46:52.977296+00	14	Corki	2	[{"changed": {"fields": ["Release date", "Primary damage type", "Roles"]}}]	7	1
36	2025-11-06 06:47:07.977438+00	95	Darius	2	[{"changed": {"fields": ["Release date", "Primary damage type", "Roles"]}}]	7	1
37	2025-11-06 06:47:23.150505+00	136	Diana	2	[{"changed": {"fields": ["Release date", "Primary damage type", "Roles"]}}]	7	1
38	2025-11-06 06:47:35.839667+00	99	Dr. Mundo	2	[{"changed": {"fields": ["Release date", "Primary damage type", "Roles"]}}]	7	1
39	2025-11-06 06:47:49.465893+00	75	Draven	2	[{"changed": {"fields": ["Release date", "Primary damage type", "Roles"]}}]	7	1
40	2025-11-06 06:48:03.392077+00	154	Ekko	2	[{"changed": {"fields": ["Release date", "Primary damage type", "Roles"]}}]	7	1
41	2025-11-06 06:48:17.805264+00	79	Elise	2	[{"changed": {"fields": ["Release date", "Primary damage type", "Roles"]}}]	7	1
42	2025-11-06 06:48:32.297537+00	160	Evelynn	2	[{"changed": {"fields": ["Release date", "Primary damage type", "Roles"]}}]	7	1
43	2025-11-06 06:48:55.494137+00	13	Ezreal	2	[{"changed": {"fields": ["Release date", "Primary damage type", "Roles"]}}]	7	1
44	2025-11-06 06:49:13.643955+00	117	Fiddlesticks	2	[{"changed": {"fields": ["Release date", "Primary damage type", "Roles"]}}]	7	1
45	2025-11-06 06:49:29.779413+00	73	Fiora	2	[{"changed": {"fields": ["Release date", "Primary damage type", "Roles"]}}]	7	1
46	2025-11-06 06:49:46.965566+00	171	Fizz	2	[{"changed": {"fields": ["Release date", "Primary damage type", "Roles"]}}]	7	1
47	2025-11-06 06:50:05.957137+00	40	Galio	2	[{"changed": {"fields": ["Release date", "Primary damage type", "Roles"]}}]	7	1
48	2025-11-06 06:50:48.353212+00	112	Gangplank	2	[{"changed": {"fields": ["Release date", "Primary damage type", "Roles"]}}]	7	1
49	2025-11-06 06:51:01.838609+00	107	Garen	2	[{"changed": {"fields": ["Release date", "Primary damage type", "Roles"]}}]	7	1
50	2025-11-06 06:51:14.824683+00	53	Gnar	2	[{"changed": {"fields": ["Release date", "Primary damage type", "Roles"]}}]	7	1
51	2025-11-06 06:51:28.265873+00	76	Gragas	2	[{"changed": {"fields": ["Release date", "Primary damage type", "Roles"]}}]	7	1
52	2025-11-06 06:51:39.644314+00	152	Graves	2	[{"changed": {"fields": ["Release date", "Primary damage type", "Roles"]}}]	7	1
53	2025-11-06 06:51:53.389352+00	5	Gwen	2	[{"changed": {"fields": ["Release date", "Primary damage type", "Roles"]}}]	7	1
54	2025-11-06 06:52:09.492308+00	159	Hecarim	2	[{"changed": {"fields": ["Release date", "Primary damage type", "Roles"]}}]	7	1
55	2025-11-06 06:52:23.507771+00	156	Heimerdinger	2	[{"changed": {"fields": ["Release date", "Primary damage type", "Roles"]}}]	7	1
56	2025-11-06 06:52:37.352074+00	64	Hwei	2	[{"changed": {"fields": ["Release date", "Primary damage type", "Roles"]}}]	7	1
57	2025-11-06 06:52:49.800442+00	157	Illaoi	2	[{"changed": {"fields": ["Release date", "Primary damage type", "Roles"]}}]	7	1
58	2025-11-06 06:53:05.902583+00	93	Irelia	2	[{"changed": {"fields": ["Release date", "Primary damage type", "Roles"]}}]	7	1
59	2025-11-06 06:53:20.313373+00	59	Ivern	2	[{"changed": {"fields": ["Release date", "Primary damage type", "Roles"]}}]	7	1
60	2025-11-06 06:53:36.306415+00	128	Janna	2	[{"changed": {"fields": ["Release date", "Primary damage type", "Roles"]}}]	7	1
61	2025-11-06 06:53:49.402191+00	51	Jarvan IV	2	[{"changed": {"fields": ["Release date", "Primary damage type", "Roles"]}}]	7	1
62	2025-11-06 06:54:02.906136+00	42	Jax	2	[{"changed": {"fields": ["Release date", "Primary damage type", "Roles"]}}]	7	1
63	2025-11-06 06:54:20.466822+00	12	Jayce	2	[{"changed": {"fields": ["Release date", "Primary damage type", "Roles"]}}]	7	1
64	2025-11-06 06:54:34.793611+00	37	Jhin	2	[{"changed": {"fields": ["Release date", "Primary damage type", "Roles"]}}]	7	1
65	2025-11-06 06:54:48.450208+00	70	Jinx	2	[{"changed": {"fields": ["Release date", "Primary damage type", "Roles"]}}]	7	1
66	2025-11-06 06:55:00.233432+00	26	Kaisa	2	[{"changed": {"fields": ["Release date", "Primary damage type", "Roles"]}}]	7	1
67	2025-11-06 06:55:22.204294+00	15	Kalista	2	[{"changed": {"fields": ["Release date", "Primary damage type", "Roles"]}}]	7	1
68	2025-11-06 06:55:36.077743+00	63	Karma	2	[{"changed": {"fields": ["Release date", "Primary damage type", "Roles"]}}]	7	1
69	2025-11-06 06:55:47.960003+00	115	Karthus	2	[{"changed": {"fields": ["Release date", "Primary damage type", "Roles"]}}]	7	1
70	2025-11-06 06:55:58.821735+00	153	Kassadin	2	[{"changed": {"fields": ["Release date", "Primary damage type", "Roles"]}}]	7	1
71	2025-11-06 06:56:14.68992+00	158	Katarina	2	[{"changed": {"fields": ["Release date", "Primary damage type", "Roles"]}}]	7	1
72	2025-11-06 06:56:26.525198+00	162	Kayle	2	[{"changed": {"fields": ["Release date", "Primary damage type", "Roles"]}}]	7	1
73	2025-11-06 06:56:37.005876+00	118	Kayn	2	[{"changed": {"fields": ["Release date", "Primary damage type", "Roles"]}}]	7	1
74	2025-11-06 06:56:47.685774+00	103	Kennen	2	[{"changed": {"fields": ["Release date", "Primary damage type", "Roles"]}}]	7	1
75	2025-11-06 06:57:09.355724+00	141	KhaZix	2	[{"changed": {"fields": ["Release date", "Primary damage type", "Roles"]}}]	7	1
76	2025-11-06 06:57:19.850098+00	91	Kindred	2	[{"changed": {"fields": ["Release date", "Primary damage type", "Roles"]}}]	7	1
77	2025-11-06 06:57:35.64339+00	133	Kled	2	[{"changed": {"fields": ["Release date", "Primary damage type", "Roles"]}}]	7	1
78	2025-11-06 06:57:46.405741+00	119	KogMaw	2	[{"changed": {"fields": ["Release date", "Primary damage type", "Roles"]}}]	7	1
79	2025-11-06 06:58:04.329929+00	28	KSante	2	[{"changed": {"fields": ["Release date", "Primary damage type", "Roles"]}}]	7	1
80	2025-11-06 06:58:16.998494+00	82	LeBlanc	2	[{"changed": {"fields": ["Release date", "Primary damage type", "Roles"]}}]	7	1
81	2025-11-06 06:58:27.790804+00	80	Lee Sin	2	[{"changed": {"fields": ["Release date", "Primary damage type", "Roles"]}}]	7	1
82	2025-11-06 06:58:40.238738+00	65	Lillia	2	[{"changed": {"fields": ["Release date", "Primary damage type", "Roles"]}}]	7	1
83	2025-11-06 06:58:53.261973+00	31	Leona	2	[{"changed": {"fields": ["Release date", "Primary damage type", "Roles"]}}]	7	1
84	2025-11-06 06:59:05.139573+00	143	Lissandra	2	[{"changed": {"fields": ["Release date", "Primary damage type", "Roles"]}}]	7	1
85	2025-11-06 06:59:17.190328+00	41	Lucian	2	[{"changed": {"fields": ["Release date", "Primary damage type", "Roles"]}}]	7	1
86	2025-11-06 06:59:29.038836+00	66	Lulu	2	[{"changed": {"fields": ["Release date", "Primary damage type", "Roles"]}}]	7	1
87	2025-11-06 06:59:39.963087+00	114	Lux	2	[{"changed": {"fields": ["Release date", "Primary damage type", "Roles"]}}]	7	1
88	2025-11-06 06:59:53.592157+00	102	Malphite	2	[{"changed": {"fields": ["Release date", "Primary damage type", "Roles"]}}]	7	1
89	2025-11-06 07:00:05.505573+00	164	Malzahar	2	[{"changed": {"fields": ["Release date", "Primary damage type", "Roles"]}}]	7	1
90	2025-11-06 07:00:16.453346+00	27	Maokai	2	[{"changed": {"fields": ["Release date", "Primary damage type", "Roles"]}}]	7	1
91	2025-11-06 07:00:29.608156+00	170	Master Yi	2	[{"changed": {"fields": ["Release date", "Primary damage type", "Roles"]}}]	7	1
92	2025-11-06 07:00:42.463597+00	74	Mel	2	[{"changed": {"fields": ["Release date", "Primary damage type", "Roles"]}}]	7	1
93	2025-11-06 07:00:54.060853+00	108	Milio	2	[{"changed": {"fields": ["Release date", "Primary damage type", "Roles"]}}]	7	1
94	2025-11-06 07:01:06.132851+00	33	Miss Fortune	2	[{"changed": {"fields": ["Release date", "Primary damage type", "Roles"]}}]	7	1
95	2025-11-06 07:01:17.35626+00	121	Mordekaiser	2	[{"changed": {"fields": ["Release date", "Primary damage type", "Roles"]}}]	7	1
96	2025-11-06 07:01:31.658988+00	130	Morgana	2	[{"changed": {"fields": ["Release date", "Primary damage type", "Roles"]}}]	7	1
97	2025-11-06 07:01:43.800002+00	34	Naafiri	2	[{"changed": {"fields": ["Release date", "Primary damage type", "Roles"]}}]	7	1
98	2025-11-06 07:01:55.695173+00	92	Nami	2	[{"changed": {"fields": ["Release date", "Primary damage type", "Roles"]}}]	7	1
99	2025-11-06 07:02:08.71726+00	163	Nasus	2	[{"changed": {"fields": ["Release date", "Primary damage type", "Roles"]}}]	7	1
100	2025-11-06 07:02:21.968867+00	17	Nautilus	2	[{"changed": {"fields": ["Release date", "Primary damage type", "Roles"]}}]	7	1
101	2025-11-06 07:02:36.552455+00	23	Neeko	2	[{"changed": {"fields": ["Release date", "Primary damage type", "Roles"]}}]	7	1
102	2025-11-06 07:02:48.098944+00	71	Nidalee	2	[{"changed": {"fields": ["Release date", "Primary damage type", "Roles"]}}]	7	1
103	2025-11-06 07:02:59.913887+00	139	Nilah	2	[{"changed": {"fields": ["Release date", "Primary damage type", "Roles"]}}]	7	1
104	2025-11-06 07:03:10.546329+00	36	Nocturne	2	[{"changed": {"fields": ["Release date", "Primary damage type", "Roles"]}}]	7	1
105	2025-11-06 07:03:21.447005+00	131	Nunu	2	[{"changed": {"fields": ["Release date", "Primary damage type", "Roles"]}}]	7	1
106	2025-11-06 07:03:32.758027+00	83	Olaf	2	[{"changed": {"fields": ["Release date", "Primary damage type", "Roles"]}}]	7	1
107	2025-11-06 07:03:44.164939+00	22	Orianna	2	[{"changed": {"fields": ["Release date", "Primary damage type", "Roles"]}}]	7	1
108	2025-11-06 07:04:01.985162+00	57	Ornn	2	[{"changed": {"fields": ["Release date", "Primary damage type", "Roles"]}}]	7	1
109	2025-11-06 07:04:14.950848+00	6	Pantheon	2	[{"changed": {"fields": ["Release date", "Primary damage type", "Roles"]}}]	7	1
110	2025-11-06 07:04:26.634852+00	9	Poppy	2	[{"changed": {"fields": ["Release date", "Primary damage type", "Roles"]}}]	7	1
111	2025-11-06 07:04:44.735462+00	84	Pyke	2	[{"changed": {"fields": ["Release date", "Primary damage type", "Roles"]}}]	7	1
112	2025-11-06 07:04:57.828975+00	90	Qiyana	2	[{"changed": {"fields": ["Release date", "Primary damage type", "Roles"]}}]	7	1
113	2025-11-06 07:05:11.618286+00	161	Quinn	2	[{"changed": {"fields": ["Release date", "Primary damage type", "Roles"]}}]	7	1
114	2025-11-06 07:05:26.316968+00	19	Rakan	2	[{"changed": {"fields": ["Release date", "Primary damage type", "Roles"]}}]	7	1
115	2025-11-06 07:05:37.641487+00	169	Rammus	2	[{"changed": {"fields": ["Release date", "Primary damage type", "Roles"]}}]	7	1
116	2025-11-06 07:05:51.400481+00	116	RekSai	2	[{"changed": {"fields": ["Release date", "Primary damage type", "Roles"]}}]	7	1
117	2025-11-06 07:06:01.893612+00	10	Rell	2	[{"changed": {"fields": ["Release date", "Primary damage type", "Roles"]}}]	7	1
118	2025-11-06 07:06:14.432079+00	55	Renata Glasc	2	[{"changed": {"fields": ["Release date", "Primary damage type", "Roles"]}}]	7	1
119	2025-11-06 07:06:26.100882+00	38	Renekton	2	[{"changed": {"fields": ["Release date", "Primary damage type", "Roles"]}}]	7	1
120	2025-11-06 07:06:37.162951+00	144	Rengar	2	[{"changed": {"fields": ["Release date", "Primary damage type", "Roles"]}}]	7	1
121	2025-11-06 07:06:47.233323+00	123	Riven	2	[{"changed": {"fields": ["Release date", "Primary damage type", "Roles"]}}]	7	1
122	2025-11-06 07:06:57.823034+00	3	Rumble	2	[{"changed": {"fields": ["Release date", "Primary damage type", "Roles"]}}]	7	1
123	2025-11-06 07:07:08.196349+00	43	Ryze	2	[{"changed": {"fields": ["Release date", "Primary damage type", "Roles"]}}]	7	1
124	2025-11-06 07:07:19.980626+00	167	Samira	2	[{"changed": {"fields": ["Release date", "Primary damage type", "Roles"]}}]	7	1
125	2025-11-06 07:07:30.881253+00	29	Sejuani	2	[{"changed": {"fields": ["Release date", "Primary damage type", "Roles"]}}]	7	1
126	2025-11-06 07:07:41.989658+00	67	Senna	2	[{"changed": {"fields": ["Release date", "Primary damage type", "Roles"]}}]	7	1
127	2025-11-06 07:07:54.500381+00	97	Seraphine	2	[{"changed": {"fields": ["Release date", "Primary damage type", "Roles"]}}]	7	1
128	2025-11-06 07:08:04.628721+00	109	Sett	2	[{"changed": {"fields": ["Release date", "Primary damage type", "Roles"]}}]	7	1
129	2025-11-06 07:08:15.083923+00	155	Shaco	2	[{"changed": {"fields": ["Release date", "Primary damage type", "Roles"]}}]	7	1
130	2025-11-06 07:08:24.59928+00	81	Shen	2	[{"changed": {"fields": ["Release date", "Primary damage type", "Roles"]}}]	7	1
131	2025-11-06 07:08:35.786328+00	151	Shyvana	2	[{"changed": {"fields": ["Release date", "Primary damage type", "Roles"]}}]	7	1
132	2025-11-06 07:08:47.464707+00	166	Singed	2	[{"changed": {"fields": ["Release date", "Primary damage type", "Roles"]}}]	7	1
133	2025-11-06 07:08:56.357094+00	30	Sion	2	[{"changed": {"fields": ["Release date", "Primary damage type", "Roles"]}}]	7	1
134	2025-11-06 07:09:08.807156+00	50	Sivir	2	[{"changed": {"fields": ["Release date", "Primary damage type", "Roles"]}}]	7	1
135	2025-11-06 07:09:21.289947+00	20	Skarner	2	[{"changed": {"fields": ["Release date", "Primary damage type", "Roles"]}}]	7	1
136	2025-11-06 07:09:32.276539+00	77	Smolder	2	[{"changed": {"fields": ["Release date", "Primary damage type", "Roles"]}}]	7	1
137	2025-11-06 07:09:42.575519+00	165	Sona	2	[{"changed": {"fields": ["Release date", "Primary damage type", "Roles"]}}]	7	1
138	2025-11-06 07:09:53.458116+00	140	Soraka	2	[{"changed": {"fields": ["Release date", "Primary damage type", "Roles"]}}]	7	1
139	2025-11-06 07:10:04.051918+00	111	Swain	2	[{"changed": {"fields": ["Release date", "Primary damage type", "Roles"]}}]	7	1
140	2025-11-06 07:10:16.893634+00	47	Sylas	2	[{"changed": {"fields": ["Release date", "Primary damage type", "Roles"]}}]	7	1
141	2025-11-06 07:10:27.003841+00	62	Syndra	2	[{"changed": {"fields": ["Release date", "Primary damage type", "Roles"]}}]	7	1
142	2025-11-06 07:10:38.119786+00	122	Tahm Kench	2	[{"changed": {"fields": ["Release date", "Primary damage type", "Roles"]}}]	7	1
143	2025-11-06 07:10:49.60831+00	7	Taliyah	2	[{"changed": {"fields": ["Release date", "Primary damage type", "Roles"]}}]	7	1
144	2025-11-06 07:10:59.379836+00	138	Talon	2	[{"changed": {"fields": ["Release date", "Primary damage type", "Roles"]}}]	7	1
145	2025-11-06 07:11:09.780228+00	124	Taric	2	[{"changed": {"fields": ["Release date", "Primary damage type", "Roles"]}}]	7	1
146	2025-11-06 07:11:19.960837+00	150	Teemo	2	[{"changed": {"fields": ["Release date", "Primary damage type", "Roles"]}}]	7	1
147	2025-11-06 07:11:32.339331+00	100	Thresh	2	[{"changed": {"fields": ["Release date", "Primary damage type", "Roles"]}}]	7	1
148	2025-11-06 07:11:40.677198+00	60	Tristana	2	[{"changed": {"fields": ["Release date", "Primary damage type", "Roles"]}}]	7	1
149	2025-11-06 07:11:53.614223+00	39	Trundle	2	[{"changed": {"fields": ["Release date", "Primary damage type", "Roles"]}}]	7	1
150	2025-11-06 07:12:03.005192+00	147	Tryndamere	2	[{"changed": {"fields": ["Release date", "Primary damage type", "Roles"]}}]	7	1
151	2025-11-06 07:12:14.499872+00	101	Twisted Fate	2	[{"changed": {"fields": ["Release date", "Primary damage type", "Roles"]}}]	7	1
152	2025-11-06 07:12:23.17753+00	135	Twitch	2	[{"changed": {"fields": ["Release date", "Primary damage type", "Roles"]}}]	7	1
153	2025-11-06 07:12:33.15549+00	104	Udyr	2	[{"changed": {"fields": ["Release date", "Primary damage type", "Roles"]}}]	7	1
154	2025-11-06 07:12:43.099404+00	1	Varus	2	[{"changed": {"fields": ["Release date", "Primary damage type", "Roles"]}}]	7	1
155	2025-11-06 07:12:52.682921+00	134	Urgot	2	[{"changed": {"fields": ["Release date", "Primary damage type", "Roles"]}}]	7	1
156	2025-11-06 07:13:01.512919+00	132	Vayne	2	[{"changed": {"fields": ["Release date", "Primary damage type", "Roles"]}}]	7	1
157	2025-11-06 07:13:10.886767+00	148	Veigar	2	[{"changed": {"fields": ["Release date", "Primary damage type", "Roles"]}}]	7	1
158	2025-11-06 07:13:26.481424+00	149	VelKoz	2	[{"changed": {"fields": ["Release date", "Primary damage type", "Roles"]}}]	7	1
159	2025-11-06 07:13:37.153963+00	146	Vex	2	[{"changed": {"fields": ["Release date", "Primary damage type", "Roles"]}}]	7	1
160	2025-11-06 07:13:49.424011+00	2	Vi	2	[{"changed": {"fields": ["Release date", "Primary damage type", "Roles"]}}]	7	1
161	2025-11-06 07:13:59.388155+00	54	Viego	2	[{"changed": {"fields": ["Release date", "Primary damage type", "Roles"]}}]	7	1
162	2025-11-06 07:14:08.293414+00	35	Viktor	2	[{"changed": {"fields": ["Release date", "Primary damage type", "Roles"]}}]	7	1
163	2025-11-06 07:14:19.205874+00	110	Vladimir	2	[{"changed": {"fields": ["Release date", "Primary damage type", "Roles"]}}]	7	1
164	2025-11-06 07:14:29.429218+00	98	Volibear	2	[{"changed": {"fields": ["Release date", "Primary damage type", "Roles"]}}]	7	1
165	2025-11-06 07:14:42.376963+00	126	Warwick	2	[{"changed": {"fields": ["Release date", "Primary damage type", "Roles"]}}]	7	1
166	2025-11-06 07:14:50.856503+00	25	Wukong	2	[{"changed": {"fields": ["Release date", "Primary damage type", "Roles"]}}]	7	1
167	2025-11-06 07:15:02.232314+00	44	Xayah	2	[{"changed": {"fields": ["Release date", "Primary damage type", "Roles"]}}]	7	1
168	2025-11-06 07:15:13.011468+00	129	Xerath	2	[{"changed": {"fields": ["Release date", "Primary damage type", "Roles"]}}]	7	1
169	2025-11-06 07:15:27.822143+00	16	Xin Zhao	2	[{"changed": {"fields": ["Release date", "Primary damage type", "Roles"]}}]	7	1
170	2025-11-06 07:15:42.89354+00	96	Yasuo	2	[{"changed": {"fields": ["Release date", "Primary damage type", "Roles"]}}]	7	1
171	2025-11-06 07:15:55.153647+00	18	Yone	2	[{"changed": {"fields": ["Release date", "Primary damage type", "Roles"]}}]	7	1
172	2025-11-06 07:16:05.748982+00	56	Yorick	2	[{"changed": {"fields": ["Release date", "Primary damage type", "Roles"]}}]	7	1
173	2025-11-06 07:16:15.259239+00	45	Yunara	2	[{"changed": {"fields": ["Release date", "Primary damage type", "Roles"]}}]	7	1
174	2025-11-06 07:16:28.759004+00	142	Yuumi	2	[{"changed": {"fields": ["Release date", "Primary damage type", "Roles"]}}]	7	1
175	2025-11-06 07:16:39.534704+00	105	Zac	2	[{"changed": {"fields": ["Release date", "Primary damage type", "Roles"]}}]	7	1
176	2025-11-06 07:16:50.225793+00	86	Zed	2	[{"changed": {"fields": ["Release date", "Primary damage type", "Roles"]}}]	7	1
177	2025-11-06 07:17:01.491808+00	78	Zeri	2	[{"changed": {"fields": ["Release date", "Primary damage type", "Roles"]}}]	7	1
178	2025-11-06 07:17:14.092377+00	68	Ziggs	2	[{"changed": {"fields": ["Release date", "Primary damage type", "Roles"]}}]	7	1
179	2025-11-06 07:17:25.112058+00	145	Zilean	2	[{"changed": {"fields": ["Release date", "Primary damage type", "Roles"]}}]	7	1
180	2025-11-06 07:17:39.102719+00	94	Zoe	2	[{"changed": {"fields": ["Release date", "Primary damage type", "Roles"]}}]	7	1
181	2025-11-06 07:17:49.883816+00	49	Zyra	2	[{"changed": {"fields": ["Release date", "Primary damage type"]}}]	7	1
182	2025-11-08 01:37:39.587529+00	1	S5	1	[{"added": {}}]	11	1
183	2025-11-08 01:37:42.925365+00	2	S6	1	[{"added": {}}]	11	1
184	2025-11-08 01:37:48.013117+00	3	S7	1	[{"added": {}}]	11	1
185	2025-11-08 01:37:51.619505+00	4	S8	1	[{"added": {}}]	11	1
186	2025-11-08 01:37:58.867971+00	5	S9	1	[{"added": {}}]	11	1
187	2025-11-08 01:38:02.085649+00	6	S10	1	[{"added": {}}]	11	1
188	2025-11-08 01:38:10.16902+00	7	S11	1	[{"added": {}}]	11	1
189	2025-11-08 01:38:12.810081+00	8	S12	1	[{"added": {}}]	11	1
190	2025-11-08 01:38:16.484612+00	9	S13	1	[{"added": {}}]	11	1
191	2025-11-08 01:38:19.39795+00	10	S14	1	[{"added": {}}]	11	1
192	2025-11-08 01:38:22.251085+00	11	S15	1	[{"added": {}}]	11	1
\.


--
-- TOC entry 3702 (class 0 OID 16449)
-- Dependencies: 235
-- Data for Name: django_content_type; Type: TABLE DATA; Schema: public; Owner: -
--

COPY public.django_content_type (id, app_label, model) FROM stdin;
1	admin	logentry
2	auth	permission
3	auth	group
4	auth	user
5	contenttypes	contenttype
6	sessions	session
7	league	champion
8	league	championpatch
9	league	game
10	league	patch
11	league	season
12	league	team
13	league	winlossrecord
14	league	tournament
15	league	teamtournament
16	league	role
17	league	championrole
18	league	championseasonstats
\.


--
-- TOC entry 3704 (class 0 OID 16453)
-- Dependencies: 237
-- Data for Name: django_migrations; Type: TABLE DATA; Schema: public; Owner: -
--

COPY public.django_migrations (id, app, name, applied) FROM stdin;
1	contenttypes	0001_initial	2025-11-06 03:08:37.536988+00
2	auth	0001_initial	2025-11-06 03:08:37.579163+00
3	admin	0001_initial	2025-11-06 03:08:37.589397+00
4	admin	0002_logentry_remove_auto_add	2025-11-06 03:08:37.593092+00
5	admin	0003_logentry_add_action_flag_choices	2025-11-06 03:08:37.5958+00
6	contenttypes	0002_remove_content_type_name	2025-11-06 03:08:37.602518+00
7	auth	0002_alter_permission_name_max_length	2025-11-06 03:08:37.605579+00
8	auth	0003_alter_user_email_max_length	2025-11-06 03:08:37.608216+00
9	auth	0004_alter_user_username_opts	2025-11-06 03:08:37.61094+00
10	auth	0005_alter_user_last_login_null	2025-11-06 03:08:37.61329+00
11	auth	0006_require_contenttypes_0002	2025-11-06 03:08:37.614202+00
12	auth	0007_alter_validators_add_error_messages	2025-11-06 03:08:37.61683+00
13	auth	0008_alter_user_username_max_length	2025-11-06 03:08:37.6222+00
14	auth	0009_alter_user_last_name_max_length	2025-11-06 03:08:37.624907+00
15	auth	0010_alter_group_name_max_length	2025-11-06 03:08:37.627689+00
16	auth	0011_update_proxy_permissions	2025-11-06 03:08:37.630102+00
17	auth	0012_alter_user_first_name_max_length	2025-11-06 03:08:37.632859+00
18	sessions	0001_initial	2025-11-06 03:08:37.639793+00
19	league	0001_initial	2025-11-06 03:15:11.365166+00
20	league	0002_champion_kda_champion_avg_bt_champion_avg_rp_and_more	2025-11-06 04:07:25.162681+00
21	league	0003_remove_champion_damage_type_and_more	2025-11-06 06:15:14.614254+00
22	league	0004_role_alter_champion_primary_role_champion_roles	2025-11-06 06:34:42.006696+00
23	league	0005_remove_champion_primary_role	2025-11-06 06:37:00.053119+00
24	league	0006_championrole_alter_champion_roles	2025-11-06 23:49:12.196304+00
25	league	0007_championrole_alter_champion_roles	2025-11-07 00:33:36.662746+00
27	league	0008_championseasonstats_remove_champion_kda_and_more	2025-11-08 01:25:03.889795+00
28	league	0009_remove_season_date	2025-11-08 01:32:51.821468+00
\.


--
-- TOC entry 3706 (class 0 OID 16459)
-- Dependencies: 239
-- Data for Name: django_session; Type: TABLE DATA; Schema: public; Owner: -
--

COPY public.django_session (session_key, session_data, expire_date) FROM stdin;
h95z44x214i51apido0h76qt55quorn1	.eJxVjMEOwiAQRP-FsyFdKKV69O43kN2FlaqBpLQn47_bJj3obTLvzbxVwHXJYW1pDlNUFwXq9NsR8jOVHcQHlnvVXMsyT6R3RR-06VuN6XU93L-DjC1va5Zzx86ABQNsyDkaInuRzntvkWQcXS8UAZB8PyTuwG7iliUxOhH1-QLm0jh_:1vGtLD:XX9hK-CUr076x_d2dSVTep4qtCRlIxve1IC2quEA4vw	2025-11-20 06:19:27.963954+00
\.


--
-- TOC entry 3707 (class 0 OID 16464)
-- Dependencies: 240
-- Data for Name: games; Type: TABLE DATA; Schema: public; Owner: -
--

COPY public.games (id, date, created_at, updated_at, blue_team_id, blue_team_champion_pick_1_id, blue_team_champion_pick_2_id, blue_team_champion_pick_3_id, blue_team_champion_pick_4_id, blue_team_champion_pick_5_id, bot_lane_winning_team_id, mid_lane_winning_team_id, patch_id, red_team_id, red_team_champion_pick_1_id, red_team_champion_pick_2_id, red_team_champion_pick_3_id, red_team_champion_pick_4_id, red_team_champion_pick_5_id, season_id, top_lane_winning_team_id, tournament_id, winning_team_id) FROM stdin;
\.


--
-- TOC entry 3709 (class 0 OID 16468)
-- Dependencies: 242
-- Data for Name: patches; Type: TABLE DATA; Schema: public; Owner: -
--

COPY public.patches (id, version_num, date, created_at, updated_at) FROM stdin;
\.


--
-- TOC entry 3711 (class 0 OID 16472)
-- Dependencies: 244
-- Data for Name: roles; Type: TABLE DATA; Schema: public; Owner: -
--

COPY public.roles (id, name, created_at, updated_at) FROM stdin;
1	Top	2025-11-06 06:38:13.619575+00	2025-11-06 06:38:13.619584+00
2	Jungle	2025-11-06 06:38:17.942931+00	2025-11-06 06:38:17.942939+00
3	Mid	2025-11-06 06:38:20.541841+00	2025-11-06 06:38:20.541856+00
5	Support	2025-11-06 06:38:28.21913+00	2025-11-06 06:38:28.219137+00
4	Bot	2025-11-06 06:38:25.963815+00	2025-11-06 06:38:34.308867+00
\.


--
-- TOC entry 3713 (class 0 OID 16476)
-- Dependencies: 246
-- Data for Name: seasons; Type: TABLE DATA; Schema: public; Owner: -
--

COPY public.seasons (id, name, created_at, updated_at) FROM stdin;
1	S5	2025-11-08 01:37:39.58639+00	2025-11-08 01:37:39.586403+00
2	S6	2025-11-08 01:37:42.924452+00	2025-11-08 01:37:42.924459+00
3	S7	2025-11-08 01:37:48.012195+00	2025-11-08 01:37:48.012202+00
4	S8	2025-11-08 01:37:51.618412+00	2025-11-08 01:37:51.618418+00
5	S9	2025-11-08 01:37:58.867032+00	2025-11-08 01:37:58.867039+00
6	S10	2025-11-08 01:38:02.084711+00	2025-11-08 01:38:02.084718+00
7	S11	2025-11-08 01:38:10.168154+00	2025-11-08 01:38:10.16816+00
8	S12	2025-11-08 01:38:12.809096+00	2025-11-08 01:38:12.809102+00
9	S13	2025-11-08 01:38:16.483709+00	2025-11-08 01:38:16.483716+00
10	S14	2025-11-08 01:38:19.397052+00	2025-11-08 01:38:19.39706+00
11	S15	2025-11-08 01:38:22.250161+00	2025-11-08 01:38:22.250168+00
\.


--
-- TOC entry 3715 (class 0 OID 16480)
-- Dependencies: 248
-- Data for Name: team_tournaments; Type: TABLE DATA; Schema: public; Owner: -
--

COPY public.team_tournaments (id, placement, created_at, updated_at, team_id, tournament_id) FROM stdin;
\.


--
-- TOC entry 3717 (class 0 OID 16484)
-- Dependencies: 250
-- Data for Name: teams; Type: TABLE DATA; Schema: public; Owner: -
--

COPY public.teams (id, name, region, created_at, updated_at) FROM stdin;
\.


--
-- TOC entry 3719 (class 0 OID 16488)
-- Dependencies: 252
-- Data for Name: tournaments; Type: TABLE DATA; Schema: public; Owner: -
--

COPY public.tournaments (id, name, tier, date, created_at, updated_at, patch_id) FROM stdin;
\.


--
-- TOC entry 3729 (class 0 OID 0)
-- Dependencies: 216
-- Name: auth_group_id_seq; Type: SEQUENCE SET; Schema: public; Owner: -
--

SELECT pg_catalog.setval('public.auth_group_id_seq', 1, false);


--
-- TOC entry 3730 (class 0 OID 0)
-- Dependencies: 218
-- Name: auth_group_permissions_id_seq; Type: SEQUENCE SET; Schema: public; Owner: -
--

SELECT pg_catalog.setval('public.auth_group_permissions_id_seq', 1, false);


--
-- TOC entry 3731 (class 0 OID 0)
-- Dependencies: 220
-- Name: auth_permission_id_seq; Type: SEQUENCE SET; Schema: public; Owner: -
--

SELECT pg_catalog.setval('public.auth_permission_id_seq', 72, true);


--
-- TOC entry 3732 (class 0 OID 0)
-- Dependencies: 223
-- Name: auth_user_groups_id_seq; Type: SEQUENCE SET; Schema: public; Owner: -
--

SELECT pg_catalog.setval('public.auth_user_groups_id_seq', 1, false);


--
-- TOC entry 3733 (class 0 OID 0)
-- Dependencies: 224
-- Name: auth_user_id_seq; Type: SEQUENCE SET; Schema: public; Owner: -
--

SELECT pg_catalog.setval('public.auth_user_id_seq', 1, true);


--
-- TOC entry 3734 (class 0 OID 0)
-- Dependencies: 226
-- Name: auth_user_user_permissions_id_seq; Type: SEQUENCE SET; Schema: public; Owner: -
--

SELECT pg_catalog.setval('public.auth_user_user_permissions_id_seq', 1, false);


--
-- TOC entry 3735 (class 0 OID 0)
-- Dependencies: 228
-- Name: champion_patches_id_seq; Type: SEQUENCE SET; Schema: public; Owner: -
--

SELECT pg_catalog.setval('public.champion_patches_id_seq', 1, false);


--
-- TOC entry 3736 (class 0 OID 0)
-- Dependencies: 254
-- Name: champion_season_stats_id_seq; Type: SEQUENCE SET; Schema: public; Owner: -
--

SELECT pg_catalog.setval('public.champion_season_stats_id_seq', 1, false);


--
-- TOC entry 3737 (class 0 OID 0)
-- Dependencies: 230
-- Name: champions_id_seq; Type: SEQUENCE SET; Schema: public; Owner: -
--

SELECT pg_catalog.setval('public.champions_id_seq', 171, true);


--
-- TOC entry 3738 (class 0 OID 0)
-- Dependencies: 232
-- Name: champions_roles_id_seq; Type: SEQUENCE SET; Schema: public; Owner: -
--

SELECT pg_catalog.setval('public.champions_roles_id_seq', 197, true);


--
-- TOC entry 3739 (class 0 OID 0)
-- Dependencies: 234
-- Name: django_admin_log_id_seq; Type: SEQUENCE SET; Schema: public; Owner: -
--

SELECT pg_catalog.setval('public.django_admin_log_id_seq', 192, true);


--
-- TOC entry 3740 (class 0 OID 0)
-- Dependencies: 236
-- Name: django_content_type_id_seq; Type: SEQUENCE SET; Schema: public; Owner: -
--

SELECT pg_catalog.setval('public.django_content_type_id_seq', 18, true);


--
-- TOC entry 3741 (class 0 OID 0)
-- Dependencies: 238
-- Name: django_migrations_id_seq; Type: SEQUENCE SET; Schema: public; Owner: -
--

SELECT pg_catalog.setval('public.django_migrations_id_seq', 28, true);


--
-- TOC entry 3742 (class 0 OID 0)
-- Dependencies: 241
-- Name: games_id_seq; Type: SEQUENCE SET; Schema: public; Owner: -
--

SELECT pg_catalog.setval('public.games_id_seq', 1, false);


--
-- TOC entry 3743 (class 0 OID 0)
-- Dependencies: 243
-- Name: patches_id_seq; Type: SEQUENCE SET; Schema: public; Owner: -
--

SELECT pg_catalog.setval('public.patches_id_seq', 1, false);


--
-- TOC entry 3744 (class 0 OID 0)
-- Dependencies: 245
-- Name: roles_id_seq; Type: SEQUENCE SET; Schema: public; Owner: -
--

SELECT pg_catalog.setval('public.roles_id_seq', 5, true);


--
-- TOC entry 3745 (class 0 OID 0)
-- Dependencies: 247
-- Name: seasons_id_seq; Type: SEQUENCE SET; Schema: public; Owner: -
--

SELECT pg_catalog.setval('public.seasons_id_seq', 11, true);


--
-- TOC entry 3746 (class 0 OID 0)
-- Dependencies: 249
-- Name: team_tournaments_id_seq; Type: SEQUENCE SET; Schema: public; Owner: -
--

SELECT pg_catalog.setval('public.team_tournaments_id_seq', 1, false);


--
-- TOC entry 3747 (class 0 OID 0)
-- Dependencies: 251
-- Name: teams_id_seq; Type: SEQUENCE SET; Schema: public; Owner: -
--

SELECT pg_catalog.setval('public.teams_id_seq', 1, false);


--
-- TOC entry 3748 (class 0 OID 0)
-- Dependencies: 253
-- Name: tournaments_id_seq; Type: SEQUENCE SET; Schema: public; Owner: -
--

SELECT pg_catalog.setval('public.tournaments_id_seq', 1, false);


--
-- TOC entry 3367 (class 2606 OID 16497)
-- Name: auth_group auth_group_name_key; Type: CONSTRAINT; Schema: public; Owner: -
--

ALTER TABLE ONLY public.auth_group
    ADD CONSTRAINT auth_group_name_key UNIQUE (name);


--
-- TOC entry 3372 (class 2606 OID 16499)
-- Name: auth_group_permissions auth_group_permissions_group_id_permission_id_0cd325b0_uniq; Type: CONSTRAINT; Schema: public; Owner: -
--

ALTER TABLE ONLY public.auth_group_permissions
    ADD CONSTRAINT auth_group_permissions_group_id_permission_id_0cd325b0_uniq UNIQUE (group_id, permission_id);


--
-- TOC entry 3375 (class 2606 OID 16501)
-- Name: auth_group_permissions auth_group_permissions_pkey; Type: CONSTRAINT; Schema: public; Owner: -
--

ALTER TABLE ONLY public.auth_group_permissions
    ADD CONSTRAINT auth_group_permissions_pkey PRIMARY KEY (id);


--
-- TOC entry 3369 (class 2606 OID 16503)
-- Name: auth_group auth_group_pkey; Type: CONSTRAINT; Schema: public; Owner: -
--

ALTER TABLE ONLY public.auth_group
    ADD CONSTRAINT auth_group_pkey PRIMARY KEY (id);


--
-- TOC entry 3378 (class 2606 OID 16505)
-- Name: auth_permission auth_permission_content_type_id_codename_01ab375a_uniq; Type: CONSTRAINT; Schema: public; Owner: -
--

ALTER TABLE ONLY public.auth_permission
    ADD CONSTRAINT auth_permission_content_type_id_codename_01ab375a_uniq UNIQUE (content_type_id, codename);


--
-- TOC entry 3380 (class 2606 OID 16507)
-- Name: auth_permission auth_permission_pkey; Type: CONSTRAINT; Schema: public; Owner: -
--

ALTER TABLE ONLY public.auth_permission
    ADD CONSTRAINT auth_permission_pkey PRIMARY KEY (id);


--
-- TOC entry 3388 (class 2606 OID 16509)
-- Name: auth_user_groups auth_user_groups_pkey; Type: CONSTRAINT; Schema: public; Owner: -
--

ALTER TABLE ONLY public.auth_user_groups
    ADD CONSTRAINT auth_user_groups_pkey PRIMARY KEY (id);


--
-- TOC entry 3391 (class 2606 OID 16511)
-- Name: auth_user_groups auth_user_groups_user_id_group_id_94350c0c_uniq; Type: CONSTRAINT; Schema: public; Owner: -
--

ALTER TABLE ONLY public.auth_user_groups
    ADD CONSTRAINT auth_user_groups_user_id_group_id_94350c0c_uniq UNIQUE (user_id, group_id);


--
-- TOC entry 3382 (class 2606 OID 16513)
-- Name: auth_user auth_user_pkey; Type: CONSTRAINT; Schema: public; Owner: -
--

ALTER TABLE ONLY public.auth_user
    ADD CONSTRAINT auth_user_pkey PRIMARY KEY (id);


--
-- TOC entry 3394 (class 2606 OID 16515)
-- Name: auth_user_user_permissions auth_user_user_permissions_pkey; Type: CONSTRAINT; Schema: public; Owner: -
--

ALTER TABLE ONLY public.auth_user_user_permissions
    ADD CONSTRAINT auth_user_user_permissions_pkey PRIMARY KEY (id);


--
-- TOC entry 3397 (class 2606 OID 16517)
-- Name: auth_user_user_permissions auth_user_user_permissions_user_id_permission_id_14a6b632_uniq; Type: CONSTRAINT; Schema: public; Owner: -
--

ALTER TABLE ONLY public.auth_user_user_permissions
    ADD CONSTRAINT auth_user_user_permissions_user_id_permission_id_14a6b632_uniq UNIQUE (user_id, permission_id);


--
-- TOC entry 3385 (class 2606 OID 16519)
-- Name: auth_user auth_user_username_key; Type: CONSTRAINT; Schema: public; Owner: -
--

ALTER TABLE ONLY public.auth_user
    ADD CONSTRAINT auth_user_username_key UNIQUE (username);


--
-- TOC entry 3402 (class 2606 OID 16521)
-- Name: champion_patches champion_patches_champion_id_patch_id_233ceb22_uniq; Type: CONSTRAINT; Schema: public; Owner: -
--

ALTER TABLE ONLY public.champion_patches
    ADD CONSTRAINT champion_patches_champion_id_patch_id_233ceb22_uniq UNIQUE (champion_id, patch_id);


--
-- TOC entry 3405 (class 2606 OID 16523)
-- Name: champion_patches champion_patches_pkey; Type: CONSTRAINT; Schema: public; Owner: -
--

ALTER TABLE ONLY public.champion_patches
    ADD CONSTRAINT champion_patches_pkey PRIMARY KEY (id);


--
-- TOC entry 3499 (class 2606 OID 16930)
-- Name: champion_season_stats champion_season_stats_champion_id_season_id_df1a3389_uniq; Type: CONSTRAINT; Schema: public; Owner: -
--

ALTER TABLE ONLY public.champion_season_stats
    ADD CONSTRAINT champion_season_stats_champion_id_season_id_df1a3389_uniq UNIQUE (champion_id, season_id);


--
-- TOC entry 3501 (class 2606 OID 16916)
-- Name: champion_season_stats champion_season_stats_pkey; Type: CONSTRAINT; Schema: public; Owner: -
--

ALTER TABLE ONLY public.champion_season_stats
    ADD CONSTRAINT champion_season_stats_pkey PRIMARY KEY (id);


--
-- TOC entry 3408 (class 2606 OID 16525)
-- Name: champions champions_name_key; Type: CONSTRAINT; Schema: public; Owner: -
--

ALTER TABLE ONLY public.champions
    ADD CONSTRAINT champions_name_key UNIQUE (name);


--
-- TOC entry 3410 (class 2606 OID 16527)
-- Name: champions champions_pkey; Type: CONSTRAINT; Schema: public; Owner: -
--

ALTER TABLE ONLY public.champions
    ADD CONSTRAINT champions_pkey PRIMARY KEY (id);


--
-- TOC entry 3413 (class 2606 OID 16529)
-- Name: champions_roles champions_roles_champion_id_role_id_a61f8e1b_uniq; Type: CONSTRAINT; Schema: public; Owner: -
--

ALTER TABLE ONLY public.champions_roles
    ADD CONSTRAINT champions_roles_champion_id_role_id_a61f8e1b_uniq UNIQUE (champion_id, role_id);


--
-- TOC entry 3415 (class 2606 OID 16531)
-- Name: champions_roles champions_roles_pkey; Type: CONSTRAINT; Schema: public; Owner: -
--

ALTER TABLE ONLY public.champions_roles
    ADD CONSTRAINT champions_roles_pkey PRIMARY KEY (id);


--
-- TOC entry 3419 (class 2606 OID 16533)
-- Name: django_admin_log django_admin_log_pkey; Type: CONSTRAINT; Schema: public; Owner: -
--

ALTER TABLE ONLY public.django_admin_log
    ADD CONSTRAINT django_admin_log_pkey PRIMARY KEY (id);


--
-- TOC entry 3422 (class 2606 OID 16535)
-- Name: django_content_type django_content_type_app_label_model_76bd3d3b_uniq; Type: CONSTRAINT; Schema: public; Owner: -
--

ALTER TABLE ONLY public.django_content_type
    ADD CONSTRAINT django_content_type_app_label_model_76bd3d3b_uniq UNIQUE (app_label, model);


--
-- TOC entry 3424 (class 2606 OID 16537)
-- Name: django_content_type django_content_type_pkey; Type: CONSTRAINT; Schema: public; Owner: -
--

ALTER TABLE ONLY public.django_content_type
    ADD CONSTRAINT django_content_type_pkey PRIMARY KEY (id);


--
-- TOC entry 3426 (class 2606 OID 16539)
-- Name: django_migrations django_migrations_pkey; Type: CONSTRAINT; Schema: public; Owner: -
--

ALTER TABLE ONLY public.django_migrations
    ADD CONSTRAINT django_migrations_pkey PRIMARY KEY (id);


--
-- TOC entry 3429 (class 2606 OID 16541)
-- Name: django_session django_session_pkey; Type: CONSTRAINT; Schema: public; Owner: -
--

ALTER TABLE ONLY public.django_session
    ADD CONSTRAINT django_session_pkey PRIMARY KEY (session_key);


--
-- TOC entry 3444 (class 2606 OID 16543)
-- Name: games games_pkey; Type: CONSTRAINT; Schema: public; Owner: -
--

ALTER TABLE ONLY public.games
    ADD CONSTRAINT games_pkey PRIMARY KEY (id);


--
-- TOC entry 3461 (class 2606 OID 16545)
-- Name: patches patches_pkey; Type: CONSTRAINT; Schema: public; Owner: -
--

ALTER TABLE ONLY public.patches
    ADD CONSTRAINT patches_pkey PRIMARY KEY (id);


--
-- TOC entry 3465 (class 2606 OID 16547)
-- Name: patches patches_version_num_key; Type: CONSTRAINT; Schema: public; Owner: -
--

ALTER TABLE ONLY public.patches
    ADD CONSTRAINT patches_version_num_key UNIQUE (version_num);


--
-- TOC entry 3468 (class 2606 OID 16549)
-- Name: roles roles_name_key; Type: CONSTRAINT; Schema: public; Owner: -
--

ALTER TABLE ONLY public.roles
    ADD CONSTRAINT roles_name_key UNIQUE (name);


--
-- TOC entry 3470 (class 2606 OID 16551)
-- Name: roles roles_pkey; Type: CONSTRAINT; Schema: public; Owner: -
--

ALTER TABLE ONLY public.roles
    ADD CONSTRAINT roles_pkey PRIMARY KEY (id);


--
-- TOC entry 3473 (class 2606 OID 16553)
-- Name: seasons seasons_name_key; Type: CONSTRAINT; Schema: public; Owner: -
--

ALTER TABLE ONLY public.seasons
    ADD CONSTRAINT seasons_name_key UNIQUE (name);


--
-- TOC entry 3475 (class 2606 OID 16555)
-- Name: seasons seasons_pkey; Type: CONSTRAINT; Schema: public; Owner: -
--

ALTER TABLE ONLY public.seasons
    ADD CONSTRAINT seasons_pkey PRIMARY KEY (id);


--
-- TOC entry 3479 (class 2606 OID 16557)
-- Name: team_tournaments team_tournaments_pkey; Type: CONSTRAINT; Schema: public; Owner: -
--

ALTER TABLE ONLY public.team_tournaments
    ADD CONSTRAINT team_tournaments_pkey PRIMARY KEY (id);


--
-- TOC entry 3482 (class 2606 OID 16559)
-- Name: team_tournaments team_tournaments_team_id_tournament_id_eb51f42a_uniq; Type: CONSTRAINT; Schema: public; Owner: -
--

ALTER TABLE ONLY public.team_tournaments
    ADD CONSTRAINT team_tournaments_team_id_tournament_id_eb51f42a_uniq UNIQUE (team_id, tournament_id);


--
-- TOC entry 3486 (class 2606 OID 16561)
-- Name: teams teams_name_key; Type: CONSTRAINT; Schema: public; Owner: -
--

ALTER TABLE ONLY public.teams
    ADD CONSTRAINT teams_name_key UNIQUE (name);


--
-- TOC entry 3488 (class 2606 OID 16563)
-- Name: teams teams_pkey; Type: CONSTRAINT; Schema: public; Owner: -
--

ALTER TABLE ONLY public.teams
    ADD CONSTRAINT teams_pkey PRIMARY KEY (id);


--
-- TOC entry 3493 (class 2606 OID 16565)
-- Name: tournaments tournaments_pkey; Type: CONSTRAINT; Schema: public; Owner: -
--

ALTER TABLE ONLY public.tournaments
    ADD CONSTRAINT tournaments_pkey PRIMARY KEY (id);


--
-- TOC entry 3365 (class 1259 OID 16570)
-- Name: auth_group_name_a6ea08ec_like; Type: INDEX; Schema: public; Owner: -
--

CREATE INDEX auth_group_name_a6ea08ec_like ON public.auth_group USING btree (name varchar_pattern_ops);


--
-- TOC entry 3370 (class 1259 OID 16571)
-- Name: auth_group_permissions_group_id_b120cbf9; Type: INDEX; Schema: public; Owner: -
--

CREATE INDEX auth_group_permissions_group_id_b120cbf9 ON public.auth_group_permissions USING btree (group_id);


--
-- TOC entry 3373 (class 1259 OID 16572)
-- Name: auth_group_permissions_permission_id_84c5c92e; Type: INDEX; Schema: public; Owner: -
--

CREATE INDEX auth_group_permissions_permission_id_84c5c92e ON public.auth_group_permissions USING btree (permission_id);


--
-- TOC entry 3376 (class 1259 OID 16573)
-- Name: auth_permission_content_type_id_2f476e4b; Type: INDEX; Schema: public; Owner: -
--

CREATE INDEX auth_permission_content_type_id_2f476e4b ON public.auth_permission USING btree (content_type_id);


--
-- TOC entry 3386 (class 1259 OID 16574)
-- Name: auth_user_groups_group_id_97559544; Type: INDEX; Schema: public; Owner: -
--

CREATE INDEX auth_user_groups_group_id_97559544 ON public.auth_user_groups USING btree (group_id);


--
-- TOC entry 3389 (class 1259 OID 16575)
-- Name: auth_user_groups_user_id_6a12ed8b; Type: INDEX; Schema: public; Owner: -
--

CREATE INDEX auth_user_groups_user_id_6a12ed8b ON public.auth_user_groups USING btree (user_id);


--
-- TOC entry 3392 (class 1259 OID 16576)
-- Name: auth_user_user_permissions_permission_id_1fbb5f2c; Type: INDEX; Schema: public; Owner: -
--

CREATE INDEX auth_user_user_permissions_permission_id_1fbb5f2c ON public.auth_user_user_permissions USING btree (permission_id);


--
-- TOC entry 3395 (class 1259 OID 16577)
-- Name: auth_user_user_permissions_user_id_a95ead1b; Type: INDEX; Schema: public; Owner: -
--

CREATE INDEX auth_user_user_permissions_user_id_a95ead1b ON public.auth_user_user_permissions USING btree (user_id);


--
-- TOC entry 3383 (class 1259 OID 16578)
-- Name: auth_user_username_6821ab7c_like; Type: INDEX; Schema: public; Owner: -
--

CREATE INDEX auth_user_username_6821ab7c_like ON public.auth_user USING btree (username varchar_pattern_ops);


--
-- TOC entry 3398 (class 1259 OID 16579)
-- Name: champion_pa_champio_49a3a0_idx; Type: INDEX; Schema: public; Owner: -
--

CREATE INDEX champion_pa_champio_49a3a0_idx ON public.champion_patches USING btree (champion_id, patch_id);


--
-- TOC entry 3399 (class 1259 OID 16580)
-- Name: champion_pa_patch_i_fcd383_idx; Type: INDEX; Schema: public; Owner: -
--

CREATE INDEX champion_pa_patch_i_fcd383_idx ON public.champion_patches USING btree (patch_id);


--
-- TOC entry 3400 (class 1259 OID 16581)
-- Name: champion_patches_champion_id_68817054; Type: INDEX; Schema: public; Owner: -
--

CREATE INDEX champion_patches_champion_id_68817054 ON public.champion_patches USING btree (champion_id);


--
-- TOC entry 3403 (class 1259 OID 16582)
-- Name: champion_patches_patch_id_ca2ae3b9; Type: INDEX; Schema: public; Owner: -
--

CREATE INDEX champion_patches_patch_id_ca2ae3b9 ON public.champion_patches USING btree (patch_id);


--
-- TOC entry 3495 (class 1259 OID 16927)
-- Name: champion_se_champio_8e8f74_idx; Type: INDEX; Schema: public; Owner: -
--

CREATE INDEX champion_se_champio_8e8f74_idx ON public.champion_season_stats USING btree (champion_id, season_id);


--
-- TOC entry 3496 (class 1259 OID 16928)
-- Name: champion_se_season__31eac3_idx; Type: INDEX; Schema: public; Owner: -
--

CREATE INDEX champion_se_season__31eac3_idx ON public.champion_season_stats USING btree (season_id);


--
-- TOC entry 3497 (class 1259 OID 16931)
-- Name: champion_season_stats_champion_id_3e307c9a; Type: INDEX; Schema: public; Owner: -
--

CREATE INDEX champion_season_stats_champion_id_3e307c9a ON public.champion_season_stats USING btree (champion_id);


--
-- TOC entry 3502 (class 1259 OID 16932)
-- Name: champion_season_stats_season_id_b41e1e64; Type: INDEX; Schema: public; Owner: -
--

CREATE INDEX champion_season_stats_season_id_b41e1e64 ON public.champion_season_stats USING btree (season_id);


--
-- TOC entry 3406 (class 1259 OID 16583)
-- Name: champions_name_87e5d91b_like; Type: INDEX; Schema: public; Owner: -
--

CREATE INDEX champions_name_87e5d91b_like ON public.champions USING btree (name varchar_pattern_ops);


--
-- TOC entry 3411 (class 1259 OID 16584)
-- Name: champions_roles_champion_id_8d957e92; Type: INDEX; Schema: public; Owner: -
--

CREATE INDEX champions_roles_champion_id_8d957e92 ON public.champions_roles USING btree (champion_id);


--
-- TOC entry 3416 (class 1259 OID 16585)
-- Name: champions_roles_role_id_ccfdf5da; Type: INDEX; Schema: public; Owner: -
--

CREATE INDEX champions_roles_role_id_ccfdf5da ON public.champions_roles USING btree (role_id);


--
-- TOC entry 3417 (class 1259 OID 16586)
-- Name: django_admin_log_content_type_id_c4bce8eb; Type: INDEX; Schema: public; Owner: -
--

CREATE INDEX django_admin_log_content_type_id_c4bce8eb ON public.django_admin_log USING btree (content_type_id);


--
-- TOC entry 3420 (class 1259 OID 16587)
-- Name: django_admin_log_user_id_c564eba6; Type: INDEX; Schema: public; Owner: -
--

CREATE INDEX django_admin_log_user_id_c564eba6 ON public.django_admin_log USING btree (user_id);


--
-- TOC entry 3427 (class 1259 OID 16588)
-- Name: django_session_expire_date_a5c62663; Type: INDEX; Schema: public; Owner: -
--

CREATE INDEX django_session_expire_date_a5c62663 ON public.django_session USING btree (expire_date);


--
-- TOC entry 3430 (class 1259 OID 16589)
-- Name: django_session_session_key_c0390e0f_like; Type: INDEX; Schema: public; Owner: -
--

CREATE INDEX django_session_session_key_c0390e0f_like ON public.django_session USING btree (session_key varchar_pattern_ops);


--
-- TOC entry 3431 (class 1259 OID 16590)
-- Name: games_blue_te_52c731_idx; Type: INDEX; Schema: public; Owner: -
--

CREATE INDEX games_blue_te_52c731_idx ON public.games USING btree (blue_team_id, date);


--
-- TOC entry 3432 (class 1259 OID 16591)
-- Name: games_blue_team_champion_pick_1_id_ab2e51a6; Type: INDEX; Schema: public; Owner: -
--

CREATE INDEX games_blue_team_champion_pick_1_id_ab2e51a6 ON public.games USING btree (blue_team_champion_pick_1_id);


--
-- TOC entry 3433 (class 1259 OID 16592)
-- Name: games_blue_team_champion_pick_2_id_7b3caf00; Type: INDEX; Schema: public; Owner: -
--

CREATE INDEX games_blue_team_champion_pick_2_id_7b3caf00 ON public.games USING btree (blue_team_champion_pick_2_id);


--
-- TOC entry 3434 (class 1259 OID 16593)
-- Name: games_blue_team_champion_pick_3_id_ac5a92dd; Type: INDEX; Schema: public; Owner: -
--

CREATE INDEX games_blue_team_champion_pick_3_id_ac5a92dd ON public.games USING btree (blue_team_champion_pick_3_id);


--
-- TOC entry 3435 (class 1259 OID 16594)
-- Name: games_blue_team_champion_pick_4_id_3f8cecea; Type: INDEX; Schema: public; Owner: -
--

CREATE INDEX games_blue_team_champion_pick_4_id_3f8cecea ON public.games USING btree (blue_team_champion_pick_4_id);


--
-- TOC entry 3436 (class 1259 OID 16595)
-- Name: games_blue_team_champion_pick_5_id_147dffd6; Type: INDEX; Schema: public; Owner: -
--

CREATE INDEX games_blue_team_champion_pick_5_id_147dffd6 ON public.games USING btree (blue_team_champion_pick_5_id);


--
-- TOC entry 3437 (class 1259 OID 16596)
-- Name: games_blue_team_id_658b8a0a; Type: INDEX; Schema: public; Owner: -
--

CREATE INDEX games_blue_team_id_658b8a0a ON public.games USING btree (blue_team_id);


--
-- TOC entry 3438 (class 1259 OID 16597)
-- Name: games_bot_lane_winning_team_id_21d04f21; Type: INDEX; Schema: public; Owner: -
--

CREATE INDEX games_bot_lane_winning_team_id_21d04f21 ON public.games USING btree (bot_lane_winning_team_id);


--
-- TOC entry 3439 (class 1259 OID 16598)
-- Name: games_date_02ed81_idx; Type: INDEX; Schema: public; Owner: -
--

CREATE INDEX games_date_02ed81_idx ON public.games USING btree (date);


--
-- TOC entry 3440 (class 1259 OID 16599)
-- Name: games_mid_lane_winning_team_id_c077a4aa; Type: INDEX; Schema: public; Owner: -
--

CREATE INDEX games_mid_lane_winning_team_id_c077a4aa ON public.games USING btree (mid_lane_winning_team_id);


--
-- TOC entry 3441 (class 1259 OID 16600)
-- Name: games_patch_i_737c74_idx; Type: INDEX; Schema: public; Owner: -
--

CREATE INDEX games_patch_i_737c74_idx ON public.games USING btree (patch_id, date);


--
-- TOC entry 3442 (class 1259 OID 16601)
-- Name: games_patch_id_0a5f25b7; Type: INDEX; Schema: public; Owner: -
--

CREATE INDEX games_patch_id_0a5f25b7 ON public.games USING btree (patch_id);


--
-- TOC entry 3445 (class 1259 OID 16602)
-- Name: games_red_tea_67c4db_idx; Type: INDEX; Schema: public; Owner: -
--

CREATE INDEX games_red_tea_67c4db_idx ON public.games USING btree (red_team_id, date);


--
-- TOC entry 3446 (class 1259 OID 16603)
-- Name: games_red_team_champion_pick_1_id_c1fffebe; Type: INDEX; Schema: public; Owner: -
--

CREATE INDEX games_red_team_champion_pick_1_id_c1fffebe ON public.games USING btree (red_team_champion_pick_1_id);


--
-- TOC entry 3447 (class 1259 OID 16604)
-- Name: games_red_team_champion_pick_2_id_26eeb196; Type: INDEX; Schema: public; Owner: -
--

CREATE INDEX games_red_team_champion_pick_2_id_26eeb196 ON public.games USING btree (red_team_champion_pick_2_id);


--
-- TOC entry 3448 (class 1259 OID 16605)
-- Name: games_red_team_champion_pick_3_id_946c2bd2; Type: INDEX; Schema: public; Owner: -
--

CREATE INDEX games_red_team_champion_pick_3_id_946c2bd2 ON public.games USING btree (red_team_champion_pick_3_id);


--
-- TOC entry 3449 (class 1259 OID 16606)
-- Name: games_red_team_champion_pick_4_id_d04b94ad; Type: INDEX; Schema: public; Owner: -
--

CREATE INDEX games_red_team_champion_pick_4_id_d04b94ad ON public.games USING btree (red_team_champion_pick_4_id);


--
-- TOC entry 3450 (class 1259 OID 16607)
-- Name: games_red_team_champion_pick_5_id_2ab7c607; Type: INDEX; Schema: public; Owner: -
--

CREATE INDEX games_red_team_champion_pick_5_id_2ab7c607 ON public.games USING btree (red_team_champion_pick_5_id);


--
-- TOC entry 3451 (class 1259 OID 16608)
-- Name: games_red_team_id_78e95bbd; Type: INDEX; Schema: public; Owner: -
--

CREATE INDEX games_red_team_id_78e95bbd ON public.games USING btree (red_team_id);


--
-- TOC entry 3452 (class 1259 OID 16609)
-- Name: games_season__6ec7ec_idx; Type: INDEX; Schema: public; Owner: -
--

CREATE INDEX games_season__6ec7ec_idx ON public.games USING btree (season_id, date);


--
-- TOC entry 3453 (class 1259 OID 16610)
-- Name: games_season_id_68b23a8e; Type: INDEX; Schema: public; Owner: -
--

CREATE INDEX games_season_id_68b23a8e ON public.games USING btree (season_id);


--
-- TOC entry 3454 (class 1259 OID 16611)
-- Name: games_top_lane_winning_team_id_6e5b154e; Type: INDEX; Schema: public; Owner: -
--

CREATE INDEX games_top_lane_winning_team_id_6e5b154e ON public.games USING btree (top_lane_winning_team_id);


--
-- TOC entry 3455 (class 1259 OID 16612)
-- Name: games_tournam_9778cf_idx; Type: INDEX; Schema: public; Owner: -
--

CREATE INDEX games_tournam_9778cf_idx ON public.games USING btree (tournament_id, date);


--
-- TOC entry 3456 (class 1259 OID 16613)
-- Name: games_tournament_id_d50a370f; Type: INDEX; Schema: public; Owner: -
--

CREATE INDEX games_tournament_id_d50a370f ON public.games USING btree (tournament_id);


--
-- TOC entry 3457 (class 1259 OID 16614)
-- Name: games_winning_182568_idx; Type: INDEX; Schema: public; Owner: -
--

CREATE INDEX games_winning_182568_idx ON public.games USING btree (winning_team_id);


--
-- TOC entry 3458 (class 1259 OID 16615)
-- Name: games_winning_team_id_9840d7ac; Type: INDEX; Schema: public; Owner: -
--

CREATE INDEX games_winning_team_id_9840d7ac ON public.games USING btree (winning_team_id);


--
-- TOC entry 3459 (class 1259 OID 16616)
-- Name: patches_date_d3507b_idx; Type: INDEX; Schema: public; Owner: -
--

CREATE INDEX patches_date_d3507b_idx ON public.patches USING btree (date);


--
-- TOC entry 3462 (class 1259 OID 16617)
-- Name: patches_version_8a8ce1_idx; Type: INDEX; Schema: public; Owner: -
--

CREATE INDEX patches_version_8a8ce1_idx ON public.patches USING btree (version_num);


--
-- TOC entry 3463 (class 1259 OID 16618)
-- Name: patches_version_num_01f82d43_like; Type: INDEX; Schema: public; Owner: -
--

CREATE INDEX patches_version_num_01f82d43_like ON public.patches USING btree (version_num varchar_pattern_ops);


--
-- TOC entry 3466 (class 1259 OID 16619)
-- Name: roles_name_51259447_like; Type: INDEX; Schema: public; Owner: -
--

CREATE INDEX roles_name_51259447_like ON public.roles USING btree (name varchar_pattern_ops);


--
-- TOC entry 3471 (class 1259 OID 16621)
-- Name: seasons_name_583c4792_like; Type: INDEX; Schema: public; Owner: -
--

CREATE INDEX seasons_name_583c4792_like ON public.seasons USING btree (name varchar_pattern_ops);


--
-- TOC entry 3476 (class 1259 OID 16622)
-- Name: team_tourna_team_id_909cae_idx; Type: INDEX; Schema: public; Owner: -
--

CREATE INDEX team_tourna_team_id_909cae_idx ON public.team_tournaments USING btree (team_id, tournament_id);


--
-- TOC entry 3477 (class 1259 OID 16623)
-- Name: team_tourna_tournam_cf44c0_idx; Type: INDEX; Schema: public; Owner: -
--

CREATE INDEX team_tourna_tournam_cf44c0_idx ON public.team_tournaments USING btree (tournament_id, placement);


--
-- TOC entry 3480 (class 1259 OID 16624)
-- Name: team_tournaments_team_id_835b4732; Type: INDEX; Schema: public; Owner: -
--

CREATE INDEX team_tournaments_team_id_835b4732 ON public.team_tournaments USING btree (team_id);


--
-- TOC entry 3483 (class 1259 OID 16625)
-- Name: team_tournaments_tournament_id_89c854fe; Type: INDEX; Schema: public; Owner: -
--

CREATE INDEX team_tournaments_tournament_id_89c854fe ON public.team_tournaments USING btree (tournament_id);


--
-- TOC entry 3484 (class 1259 OID 16626)
-- Name: teams_name_bd7d028e_like; Type: INDEX; Schema: public; Owner: -
--

CREATE INDEX teams_name_bd7d028e_like ON public.teams USING btree (name varchar_pattern_ops);


--
-- TOC entry 3489 (class 1259 OID 16627)
-- Name: teams_region_652a69_idx; Type: INDEX; Schema: public; Owner: -
--

CREATE INDEX teams_region_652a69_idx ON public.teams USING btree (region);


--
-- TOC entry 3490 (class 1259 OID 16628)
-- Name: tournaments_date_634226_idx; Type: INDEX; Schema: public; Owner: -
--

CREATE INDEX tournaments_date_634226_idx ON public.tournaments USING btree (date);


--
-- TOC entry 3491 (class 1259 OID 16629)
-- Name: tournaments_patch_id_941fb6a4; Type: INDEX; Schema: public; Owner: -
--

CREATE INDEX tournaments_patch_id_941fb6a4 ON public.tournaments USING btree (patch_id);


--
-- TOC entry 3494 (class 1259 OID 16630)
-- Name: tournaments_tier_384c97_idx; Type: INDEX; Schema: public; Owner: -
--

CREATE INDEX tournaments_tier_384c97_idx ON public.tournaments USING btree (tier);


--
-- TOC entry 3503 (class 2606 OID 16635)
-- Name: auth_group_permissions auth_group_permissio_permission_id_84c5c92e_fk_auth_perm; Type: FK CONSTRAINT; Schema: public; Owner: -
--

ALTER TABLE ONLY public.auth_group_permissions
    ADD CONSTRAINT auth_group_permissio_permission_id_84c5c92e_fk_auth_perm FOREIGN KEY (permission_id) REFERENCES public.auth_permission(id) DEFERRABLE INITIALLY DEFERRED;


--
-- TOC entry 3504 (class 2606 OID 16640)
-- Name: auth_group_permissions auth_group_permissions_group_id_b120cbf9_fk_auth_group_id; Type: FK CONSTRAINT; Schema: public; Owner: -
--

ALTER TABLE ONLY public.auth_group_permissions
    ADD CONSTRAINT auth_group_permissions_group_id_b120cbf9_fk_auth_group_id FOREIGN KEY (group_id) REFERENCES public.auth_group(id) DEFERRABLE INITIALLY DEFERRED;


--
-- TOC entry 3505 (class 2606 OID 16645)
-- Name: auth_permission auth_permission_content_type_id_2f476e4b_fk_django_co; Type: FK CONSTRAINT; Schema: public; Owner: -
--

ALTER TABLE ONLY public.auth_permission
    ADD CONSTRAINT auth_permission_content_type_id_2f476e4b_fk_django_co FOREIGN KEY (content_type_id) REFERENCES public.django_content_type(id) DEFERRABLE INITIALLY DEFERRED;


--
-- TOC entry 3506 (class 2606 OID 16650)
-- Name: auth_user_groups auth_user_groups_group_id_97559544_fk_auth_group_id; Type: FK CONSTRAINT; Schema: public; Owner: -
--

ALTER TABLE ONLY public.auth_user_groups
    ADD CONSTRAINT auth_user_groups_group_id_97559544_fk_auth_group_id FOREIGN KEY (group_id) REFERENCES public.auth_group(id) DEFERRABLE INITIALLY DEFERRED;


--
-- TOC entry 3507 (class 2606 OID 16655)
-- Name: auth_user_groups auth_user_groups_user_id_6a12ed8b_fk_auth_user_id; Type: FK CONSTRAINT; Schema: public; Owner: -
--

ALTER TABLE ONLY public.auth_user_groups
    ADD CONSTRAINT auth_user_groups_user_id_6a12ed8b_fk_auth_user_id FOREIGN KEY (user_id) REFERENCES public.auth_user(id) DEFERRABLE INITIALLY DEFERRED;


--
-- TOC entry 3508 (class 2606 OID 16660)
-- Name: auth_user_user_permissions auth_user_user_permi_permission_id_1fbb5f2c_fk_auth_perm; Type: FK CONSTRAINT; Schema: public; Owner: -
--

ALTER TABLE ONLY public.auth_user_user_permissions
    ADD CONSTRAINT auth_user_user_permi_permission_id_1fbb5f2c_fk_auth_perm FOREIGN KEY (permission_id) REFERENCES public.auth_permission(id) DEFERRABLE INITIALLY DEFERRED;


--
-- TOC entry 3509 (class 2606 OID 16665)
-- Name: auth_user_user_permissions auth_user_user_permissions_user_id_a95ead1b_fk_auth_user_id; Type: FK CONSTRAINT; Schema: public; Owner: -
--

ALTER TABLE ONLY public.auth_user_user_permissions
    ADD CONSTRAINT auth_user_user_permissions_user_id_a95ead1b_fk_auth_user_id FOREIGN KEY (user_id) REFERENCES public.auth_user(id) DEFERRABLE INITIALLY DEFERRED;


--
-- TOC entry 3510 (class 2606 OID 16670)
-- Name: champion_patches champion_patches_champion_id_68817054_fk_champions_id; Type: FK CONSTRAINT; Schema: public; Owner: -
--

ALTER TABLE ONLY public.champion_patches
    ADD CONSTRAINT champion_patches_champion_id_68817054_fk_champions_id FOREIGN KEY (champion_id) REFERENCES public.champions(id) DEFERRABLE INITIALLY DEFERRED;


--
-- TOC entry 3511 (class 2606 OID 16675)
-- Name: champion_patches champion_patches_patch_id_ca2ae3b9_fk_patches_id; Type: FK CONSTRAINT; Schema: public; Owner: -
--

ALTER TABLE ONLY public.champion_patches
    ADD CONSTRAINT champion_patches_patch_id_ca2ae3b9_fk_patches_id FOREIGN KEY (patch_id) REFERENCES public.patches(id) DEFERRABLE INITIALLY DEFERRED;


--
-- TOC entry 3538 (class 2606 OID 16917)
-- Name: champion_season_stats champion_season_stats_champion_id_3e307c9a_fk_champions_id; Type: FK CONSTRAINT; Schema: public; Owner: -
--

ALTER TABLE ONLY public.champion_season_stats
    ADD CONSTRAINT champion_season_stats_champion_id_3e307c9a_fk_champions_id FOREIGN KEY (champion_id) REFERENCES public.champions(id) DEFERRABLE INITIALLY DEFERRED;


--
-- TOC entry 3539 (class 2606 OID 16922)
-- Name: champion_season_stats champion_season_stats_season_id_b41e1e64_fk_seasons_id; Type: FK CONSTRAINT; Schema: public; Owner: -
--

ALTER TABLE ONLY public.champion_season_stats
    ADD CONSTRAINT champion_season_stats_season_id_b41e1e64_fk_seasons_id FOREIGN KEY (season_id) REFERENCES public.seasons(id) DEFERRABLE INITIALLY DEFERRED;


--
-- TOC entry 3512 (class 2606 OID 16680)
-- Name: champions_roles champions_roles_champion_id_8d957e92_fk_champions_id; Type: FK CONSTRAINT; Schema: public; Owner: -
--

ALTER TABLE ONLY public.champions_roles
    ADD CONSTRAINT champions_roles_champion_id_8d957e92_fk_champions_id FOREIGN KEY (champion_id) REFERENCES public.champions(id) DEFERRABLE INITIALLY DEFERRED;


--
-- TOC entry 3513 (class 2606 OID 16685)
-- Name: champions_roles champions_roles_role_id_ccfdf5da_fk_roles_id; Type: FK CONSTRAINT; Schema: public; Owner: -
--

ALTER TABLE ONLY public.champions_roles
    ADD CONSTRAINT champions_roles_role_id_ccfdf5da_fk_roles_id FOREIGN KEY (role_id) REFERENCES public.roles(id) DEFERRABLE INITIALLY DEFERRED;


--
-- TOC entry 3514 (class 2606 OID 16690)
-- Name: django_admin_log django_admin_log_content_type_id_c4bce8eb_fk_django_co; Type: FK CONSTRAINT; Schema: public; Owner: -
--

ALTER TABLE ONLY public.django_admin_log
    ADD CONSTRAINT django_admin_log_content_type_id_c4bce8eb_fk_django_co FOREIGN KEY (content_type_id) REFERENCES public.django_content_type(id) DEFERRABLE INITIALLY DEFERRED;


--
-- TOC entry 3515 (class 2606 OID 16695)
-- Name: django_admin_log django_admin_log_user_id_c564eba6_fk_auth_user_id; Type: FK CONSTRAINT; Schema: public; Owner: -
--

ALTER TABLE ONLY public.django_admin_log
    ADD CONSTRAINT django_admin_log_user_id_c564eba6_fk_auth_user_id FOREIGN KEY (user_id) REFERENCES public.auth_user(id) DEFERRABLE INITIALLY DEFERRED;


--
-- TOC entry 3516 (class 2606 OID 16700)
-- Name: games games_blue_team_champion_pick_1_id_ab2e51a6_fk_champions_id; Type: FK CONSTRAINT; Schema: public; Owner: -
--

ALTER TABLE ONLY public.games
    ADD CONSTRAINT games_blue_team_champion_pick_1_id_ab2e51a6_fk_champions_id FOREIGN KEY (blue_team_champion_pick_1_id) REFERENCES public.champions(id) DEFERRABLE INITIALLY DEFERRED;


--
-- TOC entry 3517 (class 2606 OID 16705)
-- Name: games games_blue_team_champion_pick_2_id_7b3caf00_fk_champions_id; Type: FK CONSTRAINT; Schema: public; Owner: -
--

ALTER TABLE ONLY public.games
    ADD CONSTRAINT games_blue_team_champion_pick_2_id_7b3caf00_fk_champions_id FOREIGN KEY (blue_team_champion_pick_2_id) REFERENCES public.champions(id) DEFERRABLE INITIALLY DEFERRED;


--
-- TOC entry 3518 (class 2606 OID 16710)
-- Name: games games_blue_team_champion_pick_3_id_ac5a92dd_fk_champions_id; Type: FK CONSTRAINT; Schema: public; Owner: -
--

ALTER TABLE ONLY public.games
    ADD CONSTRAINT games_blue_team_champion_pick_3_id_ac5a92dd_fk_champions_id FOREIGN KEY (blue_team_champion_pick_3_id) REFERENCES public.champions(id) DEFERRABLE INITIALLY DEFERRED;


--
-- TOC entry 3519 (class 2606 OID 16715)
-- Name: games games_blue_team_champion_pick_4_id_3f8cecea_fk_champions_id; Type: FK CONSTRAINT; Schema: public; Owner: -
--

ALTER TABLE ONLY public.games
    ADD CONSTRAINT games_blue_team_champion_pick_4_id_3f8cecea_fk_champions_id FOREIGN KEY (blue_team_champion_pick_4_id) REFERENCES public.champions(id) DEFERRABLE INITIALLY DEFERRED;


--
-- TOC entry 3520 (class 2606 OID 16720)
-- Name: games games_blue_team_champion_pick_5_id_147dffd6_fk_champions_id; Type: FK CONSTRAINT; Schema: public; Owner: -
--

ALTER TABLE ONLY public.games
    ADD CONSTRAINT games_blue_team_champion_pick_5_id_147dffd6_fk_champions_id FOREIGN KEY (blue_team_champion_pick_5_id) REFERENCES public.champions(id) DEFERRABLE INITIALLY DEFERRED;


--
-- TOC entry 3521 (class 2606 OID 16725)
-- Name: games games_blue_team_id_658b8a0a_fk_teams_id; Type: FK CONSTRAINT; Schema: public; Owner: -
--

ALTER TABLE ONLY public.games
    ADD CONSTRAINT games_blue_team_id_658b8a0a_fk_teams_id FOREIGN KEY (blue_team_id) REFERENCES public.teams(id) DEFERRABLE INITIALLY DEFERRED;


--
-- TOC entry 3522 (class 2606 OID 16730)
-- Name: games games_bot_lane_winning_team_id_21d04f21_fk_teams_id; Type: FK CONSTRAINT; Schema: public; Owner: -
--

ALTER TABLE ONLY public.games
    ADD CONSTRAINT games_bot_lane_winning_team_id_21d04f21_fk_teams_id FOREIGN KEY (bot_lane_winning_team_id) REFERENCES public.teams(id) DEFERRABLE INITIALLY DEFERRED;


--
-- TOC entry 3523 (class 2606 OID 16735)
-- Name: games games_mid_lane_winning_team_id_c077a4aa_fk_teams_id; Type: FK CONSTRAINT; Schema: public; Owner: -
--

ALTER TABLE ONLY public.games
    ADD CONSTRAINT games_mid_lane_winning_team_id_c077a4aa_fk_teams_id FOREIGN KEY (mid_lane_winning_team_id) REFERENCES public.teams(id) DEFERRABLE INITIALLY DEFERRED;


--
-- TOC entry 3524 (class 2606 OID 16740)
-- Name: games games_patch_id_0a5f25b7_fk_patches_id; Type: FK CONSTRAINT; Schema: public; Owner: -
--

ALTER TABLE ONLY public.games
    ADD CONSTRAINT games_patch_id_0a5f25b7_fk_patches_id FOREIGN KEY (patch_id) REFERENCES public.patches(id) DEFERRABLE INITIALLY DEFERRED;


--
-- TOC entry 3525 (class 2606 OID 16745)
-- Name: games games_red_team_champion_pick_1_id_c1fffebe_fk_champions_id; Type: FK CONSTRAINT; Schema: public; Owner: -
--

ALTER TABLE ONLY public.games
    ADD CONSTRAINT games_red_team_champion_pick_1_id_c1fffebe_fk_champions_id FOREIGN KEY (red_team_champion_pick_1_id) REFERENCES public.champions(id) DEFERRABLE INITIALLY DEFERRED;


--
-- TOC entry 3526 (class 2606 OID 16750)
-- Name: games games_red_team_champion_pick_2_id_26eeb196_fk_champions_id; Type: FK CONSTRAINT; Schema: public; Owner: -
--

ALTER TABLE ONLY public.games
    ADD CONSTRAINT games_red_team_champion_pick_2_id_26eeb196_fk_champions_id FOREIGN KEY (red_team_champion_pick_2_id) REFERENCES public.champions(id) DEFERRABLE INITIALLY DEFERRED;


--
-- TOC entry 3527 (class 2606 OID 16755)
-- Name: games games_red_team_champion_pick_3_id_946c2bd2_fk_champions_id; Type: FK CONSTRAINT; Schema: public; Owner: -
--

ALTER TABLE ONLY public.games
    ADD CONSTRAINT games_red_team_champion_pick_3_id_946c2bd2_fk_champions_id FOREIGN KEY (red_team_champion_pick_3_id) REFERENCES public.champions(id) DEFERRABLE INITIALLY DEFERRED;


--
-- TOC entry 3528 (class 2606 OID 16760)
-- Name: games games_red_team_champion_pick_4_id_d04b94ad_fk_champions_id; Type: FK CONSTRAINT; Schema: public; Owner: -
--

ALTER TABLE ONLY public.games
    ADD CONSTRAINT games_red_team_champion_pick_4_id_d04b94ad_fk_champions_id FOREIGN KEY (red_team_champion_pick_4_id) REFERENCES public.champions(id) DEFERRABLE INITIALLY DEFERRED;


--
-- TOC entry 3529 (class 2606 OID 16765)
-- Name: games games_red_team_champion_pick_5_id_2ab7c607_fk_champions_id; Type: FK CONSTRAINT; Schema: public; Owner: -
--

ALTER TABLE ONLY public.games
    ADD CONSTRAINT games_red_team_champion_pick_5_id_2ab7c607_fk_champions_id FOREIGN KEY (red_team_champion_pick_5_id) REFERENCES public.champions(id) DEFERRABLE INITIALLY DEFERRED;


--
-- TOC entry 3530 (class 2606 OID 16770)
-- Name: games games_red_team_id_78e95bbd_fk_teams_id; Type: FK CONSTRAINT; Schema: public; Owner: -
--

ALTER TABLE ONLY public.games
    ADD CONSTRAINT games_red_team_id_78e95bbd_fk_teams_id FOREIGN KEY (red_team_id) REFERENCES public.teams(id) DEFERRABLE INITIALLY DEFERRED;


--
-- TOC entry 3531 (class 2606 OID 16775)
-- Name: games games_season_id_68b23a8e_fk_seasons_id; Type: FK CONSTRAINT; Schema: public; Owner: -
--

ALTER TABLE ONLY public.games
    ADD CONSTRAINT games_season_id_68b23a8e_fk_seasons_id FOREIGN KEY (season_id) REFERENCES public.seasons(id) DEFERRABLE INITIALLY DEFERRED;


--
-- TOC entry 3532 (class 2606 OID 16780)
-- Name: games games_top_lane_winning_team_id_6e5b154e_fk_teams_id; Type: FK CONSTRAINT; Schema: public; Owner: -
--

ALTER TABLE ONLY public.games
    ADD CONSTRAINT games_top_lane_winning_team_id_6e5b154e_fk_teams_id FOREIGN KEY (top_lane_winning_team_id) REFERENCES public.teams(id) DEFERRABLE INITIALLY DEFERRED;


--
-- TOC entry 3533 (class 2606 OID 16785)
-- Name: games games_tournament_id_d50a370f_fk_tournaments_id; Type: FK CONSTRAINT; Schema: public; Owner: -
--

ALTER TABLE ONLY public.games
    ADD CONSTRAINT games_tournament_id_d50a370f_fk_tournaments_id FOREIGN KEY (tournament_id) REFERENCES public.tournaments(id) DEFERRABLE INITIALLY DEFERRED;


--
-- TOC entry 3534 (class 2606 OID 16790)
-- Name: games games_winning_team_id_9840d7ac_fk_teams_id; Type: FK CONSTRAINT; Schema: public; Owner: -
--

ALTER TABLE ONLY public.games
    ADD CONSTRAINT games_winning_team_id_9840d7ac_fk_teams_id FOREIGN KEY (winning_team_id) REFERENCES public.teams(id) DEFERRABLE INITIALLY DEFERRED;


--
-- TOC entry 3535 (class 2606 OID 16795)
-- Name: team_tournaments team_tournaments_team_id_835b4732_fk_teams_id; Type: FK CONSTRAINT; Schema: public; Owner: -
--

ALTER TABLE ONLY public.team_tournaments
    ADD CONSTRAINT team_tournaments_team_id_835b4732_fk_teams_id FOREIGN KEY (team_id) REFERENCES public.teams(id) DEFERRABLE INITIALLY DEFERRED;


--
-- TOC entry 3536 (class 2606 OID 16800)
-- Name: team_tournaments team_tournaments_tournament_id_89c854fe_fk_tournaments_id; Type: FK CONSTRAINT; Schema: public; Owner: -
--

ALTER TABLE ONLY public.team_tournaments
    ADD CONSTRAINT team_tournaments_tournament_id_89c854fe_fk_tournaments_id FOREIGN KEY (tournament_id) REFERENCES public.tournaments(id) DEFERRABLE INITIALLY DEFERRED;


--
-- TOC entry 3537 (class 2606 OID 16805)
-- Name: tournaments tournaments_patch_id_941fb6a4_fk_patches_id; Type: FK CONSTRAINT; Schema: public; Owner: -
--

ALTER TABLE ONLY public.tournaments
    ADD CONSTRAINT tournaments_patch_id_941fb6a4_fk_patches_id FOREIGN KEY (patch_id) REFERENCES public.patches(id) DEFERRABLE INITIALLY DEFERRED;


-- Completed on 2025-11-07 17:54:51

--
-- PostgreSQL database dump complete
--

\unrestrict dEgifNlBtULIQv35tBpqG68v6p6g3wWjzf0Cj2vyMT7r8mjprzBHeVF7g4cqVfl

