--
-- PostgreSQL database dump
--

\restrict u331Iy4G0VnsbC9JJCPWgIOKdLMzVoIhQdL4eTYCxrMxabW3GxLxhJ9SFhUADow

-- Dumped from database version 15.14
-- Dumped by pg_dump version 15.14

SET statement_timeout = 0;
SET lock_timeout = 0;
SET idle_in_transaction_session_timeout = 0;
SET client_encoding = 'UTF8';
SET standard_conforming_strings = on;
SELECT pg_catalog.set_config('search_path', '', false);
SET check_function_bodies = false;
SET xmloption = content;
SET client_min_messages = warning;
SET row_security = off;

--
-- Name: adminpack; Type: EXTENSION; Schema: -; Owner: -
--

CREATE EXTENSION IF NOT EXISTS adminpack WITH SCHEMA pg_catalog;


--
-- Name: EXTENSION adminpack; Type: COMMENT; Schema: -; Owner: 
--

COMMENT ON EXTENSION adminpack IS 'administrative functions for PostgreSQL';


SET default_tablespace = '';

SET default_table_access_method = heap;

--
-- Name: auth_group; Type: TABLE; Schema: public; Owner: postgres
--

CREATE TABLE public.auth_group (
    id integer NOT NULL,
    name character varying(150) NOT NULL
);


ALTER TABLE public.auth_group OWNER TO postgres;

--
-- Name: auth_group_id_seq; Type: SEQUENCE; Schema: public; Owner: postgres
--

ALTER TABLE public.auth_group ALTER COLUMN id ADD GENERATED BY DEFAULT AS IDENTITY (
    SEQUENCE NAME public.auth_group_id_seq
    START WITH 1
    INCREMENT BY 1
    NO MINVALUE
    NO MAXVALUE
    CACHE 1
);


--
-- Name: auth_group_permissions; Type: TABLE; Schema: public; Owner: postgres
--

CREATE TABLE public.auth_group_permissions (
    id bigint NOT NULL,
    group_id integer NOT NULL,
    permission_id integer NOT NULL
);


ALTER TABLE public.auth_group_permissions OWNER TO postgres;

--
-- Name: auth_group_permissions_id_seq; Type: SEQUENCE; Schema: public; Owner: postgres
--

ALTER TABLE public.auth_group_permissions ALTER COLUMN id ADD GENERATED BY DEFAULT AS IDENTITY (
    SEQUENCE NAME public.auth_group_permissions_id_seq
    START WITH 1
    INCREMENT BY 1
    NO MINVALUE
    NO MAXVALUE
    CACHE 1
);


--
-- Name: auth_permission; Type: TABLE; Schema: public; Owner: postgres
--

CREATE TABLE public.auth_permission (
    id integer NOT NULL,
    name character varying(255) NOT NULL,
    content_type_id integer NOT NULL,
    codename character varying(100) NOT NULL
);


ALTER TABLE public.auth_permission OWNER TO postgres;

--
-- Name: auth_permission_id_seq; Type: SEQUENCE; Schema: public; Owner: postgres
--

ALTER TABLE public.auth_permission ALTER COLUMN id ADD GENERATED BY DEFAULT AS IDENTITY (
    SEQUENCE NAME public.auth_permission_id_seq
    START WITH 1
    INCREMENT BY 1
    NO MINVALUE
    NO MAXVALUE
    CACHE 1
);


--
-- Name: auth_user; Type: TABLE; Schema: public; Owner: postgres
--

CREATE TABLE public.auth_user (
    id integer NOT NULL,
    password character varying(128) NOT NULL,
    last_login timestamp with time zone,
    is_superuser boolean NOT NULL,
    username character varying(150) NOT NULL,
    first_name character varying(150) NOT NULL,
    last_name character varying(150) NOT NULL,
    email character varying(254) NOT NULL,
    is_staff boolean NOT NULL,
    is_active boolean NOT NULL,
    date_joined timestamp with time zone NOT NULL
);


ALTER TABLE public.auth_user OWNER TO postgres;

--
-- Name: auth_user_groups; Type: TABLE; Schema: public; Owner: postgres
--

CREATE TABLE public.auth_user_groups (
    id bigint NOT NULL,
    user_id integer NOT NULL,
    group_id integer NOT NULL
);


ALTER TABLE public.auth_user_groups OWNER TO postgres;

--
-- Name: auth_user_groups_id_seq; Type: SEQUENCE; Schema: public; Owner: postgres
--

ALTER TABLE public.auth_user_groups ALTER COLUMN id ADD GENERATED BY DEFAULT AS IDENTITY (
    SEQUENCE NAME public.auth_user_groups_id_seq
    START WITH 1
    INCREMENT BY 1
    NO MINVALUE
    NO MAXVALUE
    CACHE 1
);


--
-- Name: auth_user_id_seq; Type: SEQUENCE; Schema: public; Owner: postgres
--

ALTER TABLE public.auth_user ALTER COLUMN id ADD GENERATED BY DEFAULT AS IDENTITY (
    SEQUENCE NAME public.auth_user_id_seq
    START WITH 1
    INCREMENT BY 1
    NO MINVALUE
    NO MAXVALUE
    CACHE 1
);


--
-- Name: auth_user_user_permissions; Type: TABLE; Schema: public; Owner: postgres
--

CREATE TABLE public.auth_user_user_permissions (
    id bigint NOT NULL,
    user_id integer NOT NULL,
    permission_id integer NOT NULL
);


ALTER TABLE public.auth_user_user_permissions OWNER TO postgres;

--
-- Name: auth_user_user_permissions_id_seq; Type: SEQUENCE; Schema: public; Owner: postgres
--

ALTER TABLE public.auth_user_user_permissions ALTER COLUMN id ADD GENERATED BY DEFAULT AS IDENTITY (
    SEQUENCE NAME public.auth_user_user_permissions_id_seq
    START WITH 1
    INCREMENT BY 1
    NO MINVALUE
    NO MAXVALUE
    CACHE 1
);


--
-- Name: champion_patches; Type: TABLE; Schema: public; Owner: postgres
--

CREATE TABLE public.champion_patches (
    id bigint NOT NULL,
    change_type character varying(100) NOT NULL,
    created_at timestamp with time zone NOT NULL,
    updated_at timestamp with time zone NOT NULL,
    champion_id bigint NOT NULL,
    patch_id bigint NOT NULL
);


ALTER TABLE public.champion_patches OWNER TO postgres;

--
-- Name: champion_patches_id_seq; Type: SEQUENCE; Schema: public; Owner: postgres
--

ALTER TABLE public.champion_patches ALTER COLUMN id ADD GENERATED BY DEFAULT AS IDENTITY (
    SEQUENCE NAME public.champion_patches_id_seq
    START WITH 1
    INCREMENT BY 1
    NO MINVALUE
    NO MAXVALUE
    CACHE 1
);


--
-- Name: champions; Type: TABLE; Schema: public; Owner: postgres
--

CREATE TABLE public.champions (
    id bigint NOT NULL,
    name character varying(100) NOT NULL,
    release_date date NOT NULL,
    primary_damage_type character varying(50) NOT NULL,
    created_at timestamp with time zone NOT NULL,
    updated_at timestamp with time zone NOT NULL,
    "KDA" double precision NOT NULL,
    avg_bt double precision NOT NULL,
    avg_rp double precision NOT NULL,
    bans integer NOT NULL,
    csd_15 integer NOT NULL,
    csm double precision NOT NULL,
    dpm integer NOT NULL,
    gd_15 integer NOT NULL,
    gpm integer NOT NULL,
    gt interval,
    losses integer NOT NULL,
    picks integer NOT NULL,
    prioscore numeric(5,2) NOT NULL,
    winrate numeric(5,2) NOT NULL,
    wins integer NOT NULL,
    xpd_15 integer NOT NULL,
    CONSTRAINT champions_bans_check CHECK ((bans >= 0)),
    CONSTRAINT champions_dpm_check CHECK ((dpm >= 0)),
    CONSTRAINT champions_gpm_check CHECK ((gpm >= 0)),
    CONSTRAINT champions_losses_check CHECK ((losses >= 0)),
    CONSTRAINT champions_picks_check CHECK ((picks >= 0)),
    CONSTRAINT champions_wins_check CHECK ((wins >= 0))
);


ALTER TABLE public.champions OWNER TO postgres;

--
-- Name: champions_id_seq; Type: SEQUENCE; Schema: public; Owner: postgres
--

ALTER TABLE public.champions ALTER COLUMN id ADD GENERATED BY DEFAULT AS IDENTITY (
    SEQUENCE NAME public.champions_id_seq
    START WITH 1
    INCREMENT BY 1
    NO MINVALUE
    NO MAXVALUE
    CACHE 1
);


--
-- Name: champions_roles; Type: TABLE; Schema: public; Owner: postgres
--

CREATE TABLE public.champions_roles (
    id bigint NOT NULL,
    champion_id bigint NOT NULL,
    role_id bigint NOT NULL
);


ALTER TABLE public.champions_roles OWNER TO postgres;

--
-- Name: champions_roles_id_seq; Type: SEQUENCE; Schema: public; Owner: postgres
--

ALTER TABLE public.champions_roles ALTER COLUMN id ADD GENERATED BY DEFAULT AS IDENTITY (
    SEQUENCE NAME public.champions_roles_id_seq
    START WITH 1
    INCREMENT BY 1
    NO MINVALUE
    NO MAXVALUE
    CACHE 1
);


--
-- Name: django_admin_log; Type: TABLE; Schema: public; Owner: postgres
--

CREATE TABLE public.django_admin_log (
    id integer NOT NULL,
    action_time timestamp with time zone NOT NULL,
    object_id text,
    object_repr character varying(200) NOT NULL,
    action_flag smallint NOT NULL,
    change_message text NOT NULL,
    content_type_id integer,
    user_id integer NOT NULL,
    CONSTRAINT django_admin_log_action_flag_check CHECK ((action_flag >= 0))
);


ALTER TABLE public.django_admin_log OWNER TO postgres;

--
-- Name: django_admin_log_id_seq; Type: SEQUENCE; Schema: public; Owner: postgres
--

ALTER TABLE public.django_admin_log ALTER COLUMN id ADD GENERATED BY DEFAULT AS IDENTITY (
    SEQUENCE NAME public.django_admin_log_id_seq
    START WITH 1
    INCREMENT BY 1
    NO MINVALUE
    NO MAXVALUE
    CACHE 1
);


--
-- Name: django_content_type; Type: TABLE; Schema: public; Owner: postgres
--

CREATE TABLE public.django_content_type (
    id integer NOT NULL,
    app_label character varying(100) NOT NULL,
    model character varying(100) NOT NULL
);


ALTER TABLE public.django_content_type OWNER TO postgres;

--
-- Name: django_content_type_id_seq; Type: SEQUENCE; Schema: public; Owner: postgres
--

ALTER TABLE public.django_content_type ALTER COLUMN id ADD GENERATED BY DEFAULT AS IDENTITY (
    SEQUENCE NAME public.django_content_type_id_seq
    START WITH 1
    INCREMENT BY 1
    NO MINVALUE
    NO MAXVALUE
    CACHE 1
);


--
-- Name: django_migrations; Type: TABLE; Schema: public; Owner: postgres
--

CREATE TABLE public.django_migrations (
    id bigint NOT NULL,
    app character varying(255) NOT NULL,
    name character varying(255) NOT NULL,
    applied timestamp with time zone NOT NULL
);


ALTER TABLE public.django_migrations OWNER TO postgres;

--
-- Name: django_migrations_id_seq; Type: SEQUENCE; Schema: public; Owner: postgres
--

ALTER TABLE public.django_migrations ALTER COLUMN id ADD GENERATED BY DEFAULT AS IDENTITY (
    SEQUENCE NAME public.django_migrations_id_seq
    START WITH 1
    INCREMENT BY 1
    NO MINVALUE
    NO MAXVALUE
    CACHE 1
);


--
-- Name: django_session; Type: TABLE; Schema: public; Owner: postgres
--

CREATE TABLE public.django_session (
    session_key character varying(40) NOT NULL,
    session_data text NOT NULL,
    expire_date timestamp with time zone NOT NULL
);


ALTER TABLE public.django_session OWNER TO postgres;

--
-- Name: games; Type: TABLE; Schema: public; Owner: postgres
--

CREATE TABLE public.games (
    id bigint NOT NULL,
    date date NOT NULL,
    created_at timestamp with time zone NOT NULL,
    updated_at timestamp with time zone NOT NULL,
    blue_team_id bigint NOT NULL,
    blue_team_champion_pick_1_id bigint,
    blue_team_champion_pick_2_id bigint,
    blue_team_champion_pick_3_id bigint,
    blue_team_champion_pick_4_id bigint,
    blue_team_champion_pick_5_id bigint,
    bot_lane_winning_team_id bigint,
    mid_lane_winning_team_id bigint,
    patch_id bigint,
    red_team_id bigint NOT NULL,
    red_team_champion_pick_1_id bigint,
    red_team_champion_pick_2_id bigint,
    red_team_champion_pick_3_id bigint,
    red_team_champion_pick_4_id bigint,
    red_team_champion_pick_5_id bigint,
    season_id bigint,
    top_lane_winning_team_id bigint,
    tournament_id bigint,
    winning_team_id bigint
);


ALTER TABLE public.games OWNER TO postgres;

--
-- Name: games_id_seq; Type: SEQUENCE; Schema: public; Owner: postgres
--

ALTER TABLE public.games ALTER COLUMN id ADD GENERATED BY DEFAULT AS IDENTITY (
    SEQUENCE NAME public.games_id_seq
    START WITH 1
    INCREMENT BY 1
    NO MINVALUE
    NO MAXVALUE
    CACHE 1
);


--
-- Name: patches; Type: TABLE; Schema: public; Owner: postgres
--

CREATE TABLE public.patches (
    id bigint NOT NULL,
    version_num character varying(20) NOT NULL,
    date date NOT NULL,
    created_at timestamp with time zone NOT NULL,
    updated_at timestamp with time zone NOT NULL
);


ALTER TABLE public.patches OWNER TO postgres;

--
-- Name: patches_id_seq; Type: SEQUENCE; Schema: public; Owner: postgres
--

ALTER TABLE public.patches ALTER COLUMN id ADD GENERATED BY DEFAULT AS IDENTITY (
    SEQUENCE NAME public.patches_id_seq
    START WITH 1
    INCREMENT BY 1
    NO MINVALUE
    NO MAXVALUE
    CACHE 1
);


--
-- Name: roles; Type: TABLE; Schema: public; Owner: postgres
--

CREATE TABLE public.roles (
    id bigint NOT NULL,
    name character varying(50) NOT NULL,
    created_at timestamp with time zone NOT NULL,
    updated_at timestamp with time zone NOT NULL
);


ALTER TABLE public.roles OWNER TO postgres;

--
-- Name: roles_id_seq; Type: SEQUENCE; Schema: public; Owner: postgres
--

ALTER TABLE public.roles ALTER COLUMN id ADD GENERATED BY DEFAULT AS IDENTITY (
    SEQUENCE NAME public.roles_id_seq
    START WITH 1
    INCREMENT BY 1
    NO MINVALUE
    NO MAXVALUE
    CACHE 1
);


--
-- Name: seasons; Type: TABLE; Schema: public; Owner: postgres
--

CREATE TABLE public.seasons (
    id bigint NOT NULL,
    name character varying(100) NOT NULL,
    date date NOT NULL,
    created_at timestamp with time zone NOT NULL,
    updated_at timestamp with time zone NOT NULL
);


ALTER TABLE public.seasons OWNER TO postgres;

--
-- Name: seasons_id_seq; Type: SEQUENCE; Schema: public; Owner: postgres
--

ALTER TABLE public.seasons ALTER COLUMN id ADD GENERATED BY DEFAULT AS IDENTITY (
    SEQUENCE NAME public.seasons_id_seq
    START WITH 1
    INCREMENT BY 1
    NO MINVALUE
    NO MAXVALUE
    CACHE 1
);


--
-- Name: team_tournaments; Type: TABLE; Schema: public; Owner: postgres
--

CREATE TABLE public.team_tournaments (
    id bigint NOT NULL,
    placement integer,
    created_at timestamp with time zone NOT NULL,
    updated_at timestamp with time zone NOT NULL,
    team_id bigint NOT NULL,
    tournament_id bigint NOT NULL
);


ALTER TABLE public.team_tournaments OWNER TO postgres;

--
-- Name: team_tournaments_id_seq; Type: SEQUENCE; Schema: public; Owner: postgres
--

ALTER TABLE public.team_tournaments ALTER COLUMN id ADD GENERATED BY DEFAULT AS IDENTITY (
    SEQUENCE NAME public.team_tournaments_id_seq
    START WITH 1
    INCREMENT BY 1
    NO MINVALUE
    NO MAXVALUE
    CACHE 1
);


--
-- Name: teams; Type: TABLE; Schema: public; Owner: postgres
--

CREATE TABLE public.teams (
    id bigint NOT NULL,
    name character varying(100) NOT NULL,
    region character varying(50) NOT NULL,
    created_at timestamp with time zone NOT NULL,
    updated_at timestamp with time zone NOT NULL
);


ALTER TABLE public.teams OWNER TO postgres;

--
-- Name: teams_id_seq; Type: SEQUENCE; Schema: public; Owner: postgres
--

ALTER TABLE public.teams ALTER COLUMN id ADD GENERATED BY DEFAULT AS IDENTITY (
    SEQUENCE NAME public.teams_id_seq
    START WITH 1
    INCREMENT BY 1
    NO MINVALUE
    NO MAXVALUE
    CACHE 1
);


--
-- Name: tournaments; Type: TABLE; Schema: public; Owner: postgres
--

CREATE TABLE public.tournaments (
    id bigint NOT NULL,
    name character varying(200) NOT NULL,
    tier character varying(50) NOT NULL,
    date date NOT NULL,
    created_at timestamp with time zone NOT NULL,
    updated_at timestamp with time zone NOT NULL,
    patch_id bigint
);


ALTER TABLE public.tournaments OWNER TO postgres;

--
-- Name: tournaments_id_seq; Type: SEQUENCE; Schema: public; Owner: postgres
--

ALTER TABLE public.tournaments ALTER COLUMN id ADD GENERATED BY DEFAULT AS IDENTITY (
    SEQUENCE NAME public.tournaments_id_seq
    START WITH 1
    INCREMENT BY 1
    NO MINVALUE
    NO MAXVALUE
    CACHE 1
);


--
-- Name: win_loss_records; Type: TABLE; Schema: public; Owner: postgres
--

CREATE TABLE public.win_loss_records (
    id bigint NOT NULL,
    wins integer NOT NULL,
    losses integer NOT NULL,
    created_at timestamp with time zone NOT NULL,
    updated_at timestamp with time zone NOT NULL,
    champion_id bigint NOT NULL,
    season_id bigint NOT NULL
);


ALTER TABLE public.win_loss_records OWNER TO postgres;

--
-- Name: win_loss_records_id_seq; Type: SEQUENCE; Schema: public; Owner: postgres
--

ALTER TABLE public.win_loss_records ALTER COLUMN id ADD GENERATED BY DEFAULT AS IDENTITY (
    SEQUENCE NAME public.win_loss_records_id_seq
    START WITH 1
    INCREMENT BY 1
    NO MINVALUE
    NO MAXVALUE
    CACHE 1
);


--
-- Data for Name: auth_group; Type: TABLE DATA; Schema: public; Owner: postgres
--

COPY public.auth_group (id, name) FROM stdin;
\.


--
-- Data for Name: auth_group_permissions; Type: TABLE DATA; Schema: public; Owner: postgres
--

COPY public.auth_group_permissions (id, group_id, permission_id) FROM stdin;
\.


--
-- Data for Name: auth_permission; Type: TABLE DATA; Schema: public; Owner: postgres
--

COPY public.auth_permission (id, name, content_type_id, codename) FROM stdin;
1	Can add log entry	1	add_logentry
2	Can change log entry	1	change_logentry
3	Can delete log entry	1	delete_logentry
4	Can view log entry	1	view_logentry
5	Can add permission	2	add_permission
6	Can change permission	2	change_permission
7	Can delete permission	2	delete_permission
8	Can view permission	2	view_permission
9	Can add group	3	add_group
10	Can change group	3	change_group
11	Can delete group	3	delete_group
12	Can view group	3	view_group
13	Can add user	4	add_user
14	Can change user	4	change_user
15	Can delete user	4	delete_user
16	Can view user	4	view_user
17	Can add content type	5	add_contenttype
18	Can change content type	5	change_contenttype
19	Can delete content type	5	delete_contenttype
20	Can view content type	5	view_contenttype
21	Can add session	6	add_session
22	Can change session	6	change_session
23	Can delete session	6	delete_session
24	Can view session	6	view_session
25	Can add champion	7	add_champion
26	Can change champion	7	change_champion
27	Can delete champion	7	delete_champion
28	Can view champion	7	view_champion
29	Can add champion patch	8	add_championpatch
30	Can change champion patch	8	change_championpatch
31	Can delete champion patch	8	delete_championpatch
32	Can view champion patch	8	view_championpatch
33	Can add game	9	add_game
34	Can change game	9	change_game
35	Can delete game	9	delete_game
36	Can view game	9	view_game
37	Can add patch	10	add_patch
38	Can change patch	10	change_patch
39	Can delete patch	10	delete_patch
40	Can view patch	10	view_patch
41	Can add season	11	add_season
42	Can change season	11	change_season
43	Can delete season	11	delete_season
44	Can view season	11	view_season
45	Can add team	12	add_team
46	Can change team	12	change_team
47	Can delete team	12	delete_team
48	Can view team	12	view_team
49	Can add win loss record	13	add_winlossrecord
50	Can change win loss record	13	change_winlossrecord
51	Can delete win loss record	13	delete_winlossrecord
52	Can view win loss record	13	view_winlossrecord
53	Can add tournament	14	add_tournament
54	Can change tournament	14	change_tournament
55	Can delete tournament	14	delete_tournament
56	Can view tournament	14	view_tournament
57	Can add team tournament	15	add_teamtournament
58	Can change team tournament	15	change_teamtournament
59	Can delete team tournament	15	delete_teamtournament
60	Can view team tournament	15	view_teamtournament
61	Can add role	16	add_role
62	Can change role	16	change_role
63	Can delete role	16	delete_role
64	Can view role	16	view_role
\.


--
-- Data for Name: auth_user; Type: TABLE DATA; Schema: public; Owner: postgres
--

COPY public.auth_user (id, password, last_login, is_superuser, username, first_name, last_name, email, is_staff, is_active, date_joined) FROM stdin;
1	pbkdf2_sha256$600000$GgQP8TuHO7Ew4JhiT2heZ3$wyVbCFAbhH7WXACY5szQiDLeQEYRuzbWLsLSh9JVTkM=	2025-11-05 22:19:27.961035-08	t	alanc				t	t	2025-11-05 22:19:18.098552-08
\.


--
-- Data for Name: auth_user_groups; Type: TABLE DATA; Schema: public; Owner: postgres
--

COPY public.auth_user_groups (id, user_id, group_id) FROM stdin;
\.


--
-- Data for Name: auth_user_user_permissions; Type: TABLE DATA; Schema: public; Owner: postgres
--

COPY public.auth_user_user_permissions (id, user_id, permission_id) FROM stdin;
\.


--
-- Data for Name: champion_patches; Type: TABLE DATA; Schema: public; Owner: postgres
--

COPY public.champion_patches (id, change_type, created_at, updated_at, champion_id, patch_id) FROM stdin;
\.


--
-- Data for Name: champions; Type: TABLE DATA; Schema: public; Owner: postgres
--

COPY public.champions (id, name, release_date, primary_damage_type, created_at, updated_at, "KDA", avg_bt, avg_rp, bans, csd_15, csm, dpm, gd_15, gpm, gt, losses, picks, prioscore, winrate, wins, xpd_15) FROM stdin;
8	Ambessa	2024-11-06	AD	2025-11-05 22:08:13.937277-08	2025-11-05 22:41:42.174318-08	2.7	5.3	1.61	1692	-3	7.8	636	-101	390	00:32:27	976	1927	39.00	49.00	951	28
11	Alistar	2009-02-21	AP	2025-11-05 22:08:13.940395-08	2025-11-05 22:40:58.90943-08	2.9	8.4	1.59	1321	-1	0.9	161	-92	243	00:32:23	950	1976	35.00	52.00	1026	-20
46	Akali	2010-05-11	AD	2025-11-05 22:08:13.975074-08	2025-11-05 22:41:22.558862-08	3.2	6.4	2.05	741	-1	7.9	634	104	405	00:32:37	319	601	14.00	47.00	282	88
21	Aurora	2024-07-17	AP	2025-11-05 22:08:13.950583-08	2025-11-05 22:43:58.299094-08	3.7	4.6	1.75	1460	1	8	780	114	399	00:32:03	672	1295	30.00	48.00	623	88
4	Azir	2014-09-16	AP	2025-11-05 22:08:13.933386-08	2025-11-05 22:44:14.229945-08	3.1	4.1	1.53	2645	2	9	721	13	426	00:32:35	808	1595	48.00	49.00	787	54
24	Braum	2014-05-12	AP	2025-11-05 22:08:13.953903-08	2025-11-05 22:45:23.466931-08	3.5	8.1	1.85	1304	-1	0.9	197	-26	246	00:32:05	619	1279	27.00	52.00	660	11
14	Corki	2009-09-19	AD	2025-11-05 22:08:13.943519-08	2025-11-05 22:46:52.975625-08	3.8	5.9	1.59	1099	1	9.2	769	37	435	00:32:38	1079	1962	32.00	45.00	883	12
13	Ezreal	2010-03-16	AD	2025-11-05 22:08:13.942609-08	2025-11-05 22:48:55.492394-08	4.3	6.9	1.58	1300	0	9	846	-83	427	00:32:26	959	1886	34.00	49.00	927	27
40	Galio	2010-08-10	AP	2025-11-05 22:08:13.96943-08	2025-11-05 22:50:05.955341-08	3.6	5.8	1.91	664	-8	7.4	515	-231	367	00:32:01	519	1015	17.00	49.00	496	-90
5	Gwen	2021-04-15	AP	2025-11-05 22:08:13.934319-08	2025-11-05 22:51:53.38756-08	2.4	4	1.51	3006	0	8	620	-1	410	00:32:13	528	1098	48.00	52.00	570	-39
42	Jax	2009-02-21	AD	2025-11-05 22:08:13.971215-08	2025-11-05 22:54:02.90391-08	2.5	6.5	2.1	755	-5	7.6	561	-72	397	00:32:03	416	871	16.00	52.00	455	-160
12	Jayce	2012-07-07	AD	2025-11-05 22:08:13.941397-08	2025-11-05 22:54:20.465135-08	2.9	4.4	1.66	1889	7	8.4	738	297	415	00:32:18	614	1223	35.00	50.00	609	-45
26	Kaisa	2018-03-07	AP	2025-11-05 22:08:13.955726-08	2025-11-05 22:55:00.230963-08	4.5	7.7	1.75	1051	-2	9.2	695	-1	460	00:31:56	708	1505	26.00	53.00	797	-65
15	Kalista	2014-11-20	AD	2025-11-05 22:08:13.94443-08	2025-11-05 22:55:22.202341-08	3.5	4.2	1.87	2242	3	8.9	602	154	441	00:32:14	238	495	32.00	52.00	257	3
28	KSante	2022-11-02	AD	2025-11-05 22:08:13.957546-08	2025-11-05 22:58:04.328218-08	2.7	5.3	1.75	926	0	7.4	464	-42	362	00:32:19	788	1468	25.00	46.00	680	130
31	Leona	2011-07-13	AD	2025-11-05 22:08:13.960724-08	2025-11-05 22:58:53.260189-08	2.3	8.3	1.82	746	1	1.1	200	-42	245	00:32:25	880	1643	23.00	46.00	763	-71
41	Lucian	2013-08-22	AD	2025-11-05 22:08:13.970331-08	2025-11-05 22:59:17.188682-08	3.7	6.8	2.11	851	4	9.1	760	110	440	00:32:18	367	738	16.00	50.00	371	60
27	Maokai	2011-02-16	AP	2025-11-05 22:08:13.956634-08	2025-11-05 23:00:16.451422-08	3.4	4.2	1.83	1260	-5	5.2	485	-289	321	00:32:14	523	1095	25.00	52.00	572	-286
33	Miss Fortune	2010-09-08	AD	2025-11-05 22:08:13.962546-08	2025-11-05 23:01:06.131043-08	3.9	7.5	1.85	828	4	9.5	707	140	445	00:32:05	590	1189	20.00	50.00	599	86
34	Naafiri	2023-07-19	AD	2025-11-05 22:08:13.963443-08	2025-11-05 23:01:43.797943-08	4.2	4.1	1.77	1054	3	7	519	134	390	00:32:34	378	755	20.00	50.00	377	114
17	Nautilus	2012-02-14	AP	2025-11-05 22:08:13.946553-08	2025-11-05 23:02:21.96716-08	2.4	8.2	1.69	1204	0	1.1	202	-33	246	00:32:10	964	1829	31.00	47.00	865	-28
23	Neeko	2018-12-05	AP	2025-11-05 22:08:13.952919-08	2025-11-05 23:02:36.550601-08	2.9	5.7	1.82	1558	-1	1.4	384	102	264	00:32:31	447	939	27.00	52.00	492	33
36	Nocturne	2011-03-15	AD	2025-11-05 22:08:13.96523-08	2025-11-05 23:03:10.544553-08	3.1	4.9	2.16	1173	3	6.5	436	141	368	00:32:02	341	639	19.00	47.00	298	123
22	Orianna	2011-06-01	AP	2025-11-05 22:08:13.951582-08	2025-11-05 23:03:44.163162-08	4.5	5.5	1.73	1395	5	8.4	704	93	408	00:32:33	591	1257	29.00	53.00	666	41
6	Pantheon	2010-02-02	AD	2025-11-05 22:08:13.935273-08	2025-11-05 23:04:14.949098-08	3	3.7	1.74	2426	0	6.1	501	168	372	00:32:09	628	1247	41.00	50.00	619	64
9	Poppy	2010-01-13	AD	2025-11-05 22:08:13.938249-08	2025-11-05 23:04:26.633118-08	3.1	5.6	1.91	2327	-1	3.7	340	-28	303	00:32:30	462	1064	38.00	57.00	602	-61
19	Rakan	2017-04-19	AP	2025-11-05 22:08:13.9485-08	2025-11-05 23:05:26.315179-08	4	8.3	1.73	1159	0	1.1	166	14	252	00:32:16	870	1809	30.00	52.00	939	-54
10	Rell	2020-12-10	AP	2025-11-05 22:08:13.939468-08	2025-11-05 23:06:01.891782-08	3	7.8	1.51	985	0	1	187	-19	250	00:32:26	1227	2451	36.00	50.00	1224	-81
3	Rumble	2011-04-26	AP	2025-11-05 22:08:13.932427-08	2025-11-05 23:06:57.821137-08	3.1	3.9	1.42	2538	2	7.6	718	47	384	00:32:40	854	1843	50.00	54.00	989	62
43	Ryze	2009-02-21	AP	2025-11-05 22:08:13.972107-08	2025-11-05 23:07:08.194621-08	3.4	5.2	1.96	600	2	9	659	27	424	00:31:55	517	1029	16.00	50.00	512	5
29	Sejuani	2012-01-17	AP	2025-11-05 22:08:13.958444-08	2025-11-05 23:07:30.87943-08	3.8	4.8	1.85	1068	-5	5.8	402	-213	335	00:32:34	674	1287	24.00	48.00	613	-224
30	Sion	2009-02-21	AD	2025-11-05 22:08:13.959433-08	2025-11-05 23:08:56.355532-08	3.2	5.3	1.8	970	-2	7.5	551	-120	366	00:32:16	662	1357	24.00	51.00	695	54
20	Skarner	2011-08-09	AD	2025-11-05 22:08:13.949413-08	2025-11-05 23:09:21.28813-08	3.4	3.8	1.94	1805	-7	5.8	395	-252	336	00:32:33	468	900	30.00	48.00	432	-287
7	Taliyah	2016-05-18	AP	2025-11-05 22:08:13.93619-08	2025-11-05 23:10:49.60651-08	3.9	4.6	1.54	1898	-3	8.5	701	-126	409	00:32:32	794	1745	40.00	54.00	951	-65
39	Trundle	2010-12-01	AD	2025-11-05 22:08:13.968533-08	2025-11-05 23:11:53.611851-08	4	4.6	1.83	812	-2	6.2	379	-33	372	00:31:55	374	785	17.00	52.00	411	-131
1	Varus	2012-05-08	AD	2025-11-05 22:08:13.928664-08	2025-11-05 23:12:43.097457-08	3.9	4.2	1.46	3229	2	8.7	762	66	426	00:32:48	916	1986	60.00	54.00	1070	23
2	Vi	2012-12-19	AD	2025-11-05 22:08:13.930986-08	2025-11-05 23:13:49.422106-08	3.1	3.9	1.61	2951	0	6.4	370	-18	363	00:32:22	749	1562	51.00	52.00	813	82
35	Viktor	2011-12-29	AP	2025-11-05 22:08:13.964333-08	2025-11-05 23:14:08.291491-08	3.4	6.1	1.96	808	4	8.5	822	-39	402	00:32:32	651	1198	20.00	46.00	547	100
25	Wukong	2011-07-26	AD	2025-11-05 22:08:13.954822-08	2025-11-05 23:14:50.854393-08	3.3	5.6	1.66	990	-1	6.5	411	-9	371	00:32:23	811	1594	27.00	49.00	783	-82
44	Xayah	2017-04-19	AD	2025-11-05 22:08:13.972993-08	2025-11-05 23:15:02.230461-08	4.1	8	2.01	642	1	9.6	697	58	450	00:32:14	403	875	15.00	54.00	472	85
16	Xin Zhao	2010-07-13	AD	2025-11-05 22:08:13.945336-08	2025-11-05 23:15:27.819976-08	3	5.7	1.57	921	0	6.4	479	-42	364	00:32:15	1081	2132	32.00	49.00	1051	-52
18	Yone	2020-08-06	AD	2025-11-05 22:08:13.947554-08	2025-11-05 23:15:55.151421-08	2.9	4.1	1.77	1798	-1	9	628	-66	424	00:32:16	489	1024	31.00	52.00	535	46
45	Yunara	2025-07-16	AD	2025-11-05 22:08:13.974173-08	2025-11-05 23:16:15.25716-08	4.5	4.2	1.53	812	0	9.5	774	149	465	00:32:00	185	440	14.00	58.00	255	-4
52	Annie	2009-02-21	AP	2025-11-05 22:08:13.98103-08	2025-11-05 22:42:35.283118-08	3.3	4.8	1.82	612	-3	7.5	651	-103	381	00:31:44	264	583	13.00	55.00	319	-162
89	Aphelios	2019-12-11	AD	2025-11-05 22:08:14.016746-08	2025-11-05 22:43:08.447346-08	2.9	5.8	2.47	104	0	9	737	-83	444	00:31:18	112	199	3.00	44.00	87	-108
48	Ashe	2009-02-21	AD	2025-11-05 22:08:13.977248-08	2025-11-05 22:43:23.572715-08	3.8	6.8	2.07	642	-1	8.6	664	-126	416	00:31:50	332	647	13.00	49.00	315	-66
58	Bard	2015-03-12	AP	2025-11-05 22:08:13.986665-08	2025-11-05 22:44:27.295425-08	4	7.6	2.07	400	-2	1.1	288	56	260	00:32:14	269	575	9.00	53.00	306	193
88	Blitzcrank	2009-09-02	AD	2025-11-05 22:08:14.015827-08	2025-11-05 22:44:55.138981-08	3	8.3	2.97	141	-2	0.9	215	-128	249	00:31:25	84	182	3.00	54.00	98	-202
69	Caitlyn	2011-01-04	AD	2025-11-05 22:08:13.997424-08	2025-11-05 22:45:52.041111-08	3.8	6	2.56	395	6	9.4	710	206	451	00:32:24	119	277	7.00	57.00	158	-36
72	Camille	2016-12-07	AD	2025-11-05 22:08:14.000245-08	2025-11-05 22:46:04.572999-08	2.6	7.7	2.33	210	-8	7.6	586	-181	400	00:31:39	137	296	5.00	54.00	159	-213
85	Cassiopeia	2010-12-14	AP	2025-11-05 22:08:14.012684-08	2025-11-05 22:46:20.763478-08	3	5.7	2.32	162	4	8.3	624	10	401	00:32:17	65	136	3.00	52.00	71	-36
87	Chogath	2009-06-26	AP	2025-11-05 22:08:14.0146-08	2025-11-05 22:46:36.270261-08	2.1	6.6	2.24	89	-2	7.4	592	-185	373	00:32:07	124	231	3.00	46.00	107	-144
75	Draven	2012-06-06	AD	2025-11-05 22:08:14.003337-08	2025-11-05 22:47:49.463811-08	3.4	5.4	2.28	291	5	8.7	627	498	465	00:31:22	56	113	4.00	50.00	57	150
79	Elise	2012-10-26	AP	2025-11-05 22:08:14.00689-08	2025-11-05 22:48:17.803559-08	2.3	6.9	2.26	231	0	1.4	378	371	285	00:31:44	95	186	4.00	49.00	91	-123
73	Fiora	2012-02-29	AD	2025-11-05 22:08:14.001369-08	2025-11-05 22:49:29.7775-08	2.2	3.9	2.17	314	6	8.9	670	376	447	00:30:38	43	94	5.00	54.00	51	44
53	Gnar	2014-08-14	AD	2025-11-05 22:08:13.982005-08	2025-11-05 22:51:14.822935-08	2.7	8	2.12	478	5	8.2	633	206	401	00:32:31	380	745	12.00	49.00	365	67
76	Gragas	2010-02-02	AP	2025-11-05 22:08:14.004219-08	2025-11-05 22:51:28.264198-08	2.5	6.6	2.33	152	-7	6.7	530	-283	351	00:31:38	182	358	4.00	49.00	176	-95
59	Ivern	2016-10-05	AP	2025-11-05 22:08:13.988064-08	2025-11-05 22:53:20.311698-08	5.4	3.8	1.89	576	-11	5.3	246	-86	337	00:32:35	121	243	9.00	50.00	122	-280
51	Jarvan IV	2011-03-01	AD	2025-11-05 22:08:13.979957-08	2025-11-05 22:53:49.400425-08	4.1	6.2	2.01	551	0	6.2	411	-42	367	00:32:06	344	737	13.00	53.00	393	-20
70	Jinx	2013-10-10	AD	2025-11-05 22:08:13.998318-08	2025-11-05 22:54:48.448497-08	4	7.9	2.4	225	-1	9.4	719	-27	450	00:31:30	247	480	6.00	49.00	233	-259
63	Karma	2011-02-01	AP	2025-11-05 22:08:13.991643-08	2025-11-05 22:55:36.075653-08	3.8	7.6	2.23	440	0	1.9	320	55	268	00:32:15	241	485	9.00	50.00	244	72
91	Kindred	2015-10-14	AD	2025-11-05 22:08:14.018551-08	2025-11-05 22:57:19.848407-08	3.2	5.6	2.36	132	5	7.3	596	117	398	00:32:10	63	120	2.00	48.00	57	210
82	LeBlanc	2010-11-02	AP	2025-11-05 22:08:14.010025-08	2025-11-05 22:58:16.996743-08	3.5	6.5	2.29	199	5	7.5	711	350	394	00:32:15	84	142	4.00	41.00	58	229
80	Lee Sin	2011-04-01	AD	2025-11-05 22:08:14.007876-08	2025-11-05 22:58:27.788571-08	3.3	6.5	2.49	177	0	6.4	427	71	374	00:31:27	155	310	4.00	50.00	155	0
65	Lillia	2020-07-22	AP	2025-11-05 22:08:13.993427-08	2025-11-05 22:58:40.236933-08	3.9	5.1	2.11	409	9	7.3	620	236	391	00:32:32	214	430	8.00	50.00	216	394
66	Lulu	2012-03-20	AP	2025-11-05 22:08:13.994628-08	2025-11-05 22:59:29.036886-08	4.6	7.5	2.52	376	-1	1	208	10	250	00:31:50	195	367	7.00	47.00	172	187
74	Mel	2025-01-23	AP	2025-11-05 22:08:14.002428-08	2025-11-05 23:00:42.461688-08	3.5	5	2.09	245	3	8.3	776	131	419	00:32:30	109	195	5.00	44.00	86	19
92	Nami	2012-12-07	AD	2025-11-05 22:08:14.019464-08	2025-11-05 23:01:55.693535-08	4.3	8.3	2.33	53	-2	0.9	259	-58	249	00:32:34	112	206	2.00	46.00	94	196
71	Nidalee	2009-12-17	AP	2025-11-05 22:08:13.99932-08	2025-11-05 23:02:48.097168-08	4.2	4.7	2.11	285	8	7.3	606	356	395	00:32:10	145	315	6.00	54.00	170	285
83	Olaf	2010-06-09	AD	2025-11-05 22:08:14.010913-08	2025-11-05 23:03:32.756331-08	2.5	6.6	2.34	180	4	7.8	621	169	406	00:32:25	68	126	3.00	46.00	58	-1
57	Ornn	2017-08-23	AD	2025-11-05 22:08:13.985776-08	2025-11-05 23:04:01.983137-08	3	7.2	2.04	380	-12	6.8	444	-462	340	00:31:51	332	601	9.00	45.00	269	-202
84	Pyke	2018-05-31	AD	2025-11-05 22:08:14.011805-08	2025-11-05 23:04:44.733342-08	2.7	6.6	2.48	164	-2	1.3	277	268	293	00:32:26	76	152	3.00	50.00	76	-213
90	Qiyana	2019-06-28	AD	2025-11-05 22:08:14.017643-08	2025-11-05 23:04:57.827106-08	3.4	3.9	2.04	137	5	7.4	554	362	407	00:32:44	60	117	3.00	49.00	57	260
67	Senna	2019-11-10	AD	2025-11-05 22:08:13.995626-08	2025-11-05 23:07:41.987895-08	5.7	6.7	2.01	297	-10	7.2	671	-137	405	00:32:15	207	418	7.00	50.00	211	-53
81	Shen	2010-03-24	AD	2025-11-05 22:08:14.009127-08	2025-11-05 23:08:24.597261-08	3.6	5.4	2.36	202	-10	5.9	469	-284	350	00:32:05	98	203	4.00	52.00	105	-94
50	Sivir	2009-02-21	AD	2025-11-05 22:08:13.979056-08	2025-11-05 23:09:08.805008-08	4.3	8	2	526	0	9.7	791	-11	449	00:32:31	391	794	13.00	51.00	403	-20
77	Smolder	2024-01-31	AD	2025-11-05 22:08:14.005103-08	2025-11-05 23:09:32.27474-08	3.6	7.6	2.15	164	-1	9.4	907	-226	447	00:32:10	160	298	4.00	46.00	138	-43
47	Sylas	2019-01-25	AP	2025-11-05 22:08:13.97596-08	2025-11-05 23:10:16.891695-08	3.2	7.2	2.1	692	-8	7.7	583	-138	394	00:31:48	331	676	14.00	51.00	345	-93
62	Syndra	2012-09-13	AP	2025-11-05 22:08:13.990755-08	2025-11-05 23:10:27.002131-08	3.1	6.6	1.94	439	4	8.4	723	150	421	00:32:05	230	435	9.00	47.00	205	8
60	Tristana	2009-02-21	AD	2025-11-05 22:08:13.988981-08	2025-11-05 23:11:40.675046-08	3.1	6.1	2.2	397	-4	8.9	707	21	443	00:31:26	308	581	9.00	47.00	273	-129
54	Viego	2021-01-21	AD	2025-11-05 22:08:13.982987-08	2025-11-05 23:13:59.386144-08	3.5	5.2	2.11	512	5	6.8	415	206	394	00:32:11	338	639	11.00	47.00	301	248
56	Yorick	2011-06-22	AD	2025-11-05 22:08:13.984883-08	2025-11-05 23:16:05.747034-08	2.2	5.9	2.14	506	0	8.4	693	39	415	00:31:46	274	545	10.00	50.00	271	-37
86	Zed	2012-11-13	AD	2025-11-05 22:08:14.013572-08	2025-11-05 23:16:50.223845-08	3.3	5.7	2.26	145	8	7.4	629	281	404	00:31:44	80	163	3.00	51.00	83	472
78	Zeri	2022-01-20	AD	2025-11-05 22:08:14.005994-08	2025-11-05 23:17:01.48969-08	3.9	7.8	2.42	129	-1	9.9	729	66	461	00:32:01	213	404	4.00	47.00	191	-60
68	Ziggs	2012-02-01	AP	2025-11-05 22:08:13.996536-08	2025-11-05 23:17:14.090357-08	4.2	6.3	2.38	376	0	8.8	911	75	422	00:32:47	166	324	7.00	49.00	158	81
49	Zyra	2012-07-24	AP	2025-11-05 22:08:13.978156-08	2025-11-05 23:17:49.882249-08	3.5	3.8	1.82	788	13	7.1	698	308	380	00:32:47	173	350	13.00	51.00	177	566
113	Amumu	2009-06-26	AP	2025-11-05 22:08:14.039361-08	2025-11-05 22:42:01.908391-08	2.2	6.7	2.6	35	0	4.3	333	-52	310	00:30:48	37	68	1.00	46.00	31	53
137	Anivia	2009-07-10	AP	2025-11-05 22:08:14.062531-08	2025-11-05 22:42:19.091304-08	2.6	5.6	2.17	17	1	7.9	648	-206	387	00:32:46	17	29	0.00	41.00	12	48
106	Belveth	2022-06-09	AD	2025-11-05 22:08:14.03295-08	2025-11-05 22:44:39.946666-08	4.2	3.7	2.11	90	15	7.9	454	658	439	00:30:40	11	27	1.00	59.00	16	585
127	Brand	2011-04-12	AP	2025-11-05 22:08:14.052808-08	2025-11-05 22:45:10.538671-08	2.8	7.6	1.9	13	9	6.8	750	194	374	00:33:22	29	50	1.00	42.00	21	421
95	Darius	2012-05-23	AD	2025-11-05 22:08:14.022542-08	2025-11-05 22:47:07.975572-08	3	6.9	1.91	108	13	7.5	568	417	415	00:33:27	22	56	2.00	61.00	34	353
136	Diana	2012-08-07	AP	2025-11-05 22:08:14.061567-08	2025-11-05 22:47:23.148752-08	2.5	6.9	2.24	14	-3	7.1	535	-153	385	00:29:36	18	33	0.00	45.00	15	-230
99	Dr. Mundo	2009-09-02	AD	2025-11-05 22:08:14.026157-08	2025-11-05 22:47:35.837983-08	3.3	4.6	2.62	65	6	7.3	644	84	383	00:31:21	71	143	2.00	50.00	72	328
117	Fiddlesticks	2009-02-21	AP	2025-11-05 22:08:14.043168-08	2025-11-05 22:49:13.642087-08	3.5	5.7	2.18	41	-4	1.6	313	41	271	00:34:24	10	34	1.00	71.00	24	-8
112	Gangplank	2009-08-19	AD	2025-11-05 22:08:14.038476-08	2025-11-05 22:50:48.351301-08	3.3	5.6	2.54	42	2	8.4	837	346	456	00:32:06	33	65	1.00	49.00	32	155
107	Garen	2010-04-27	AD	2025-11-05 22:08:14.033833-08	2025-11-05 22:51:01.836325-08	2.2	5.7	2.08	60	0	8.7	580	-153	430	00:32:03	32	64	1.00	50.00	32	43
93	Irelia	2010-11-16	AD	2025-11-05 22:08:14.020355-08	2025-11-05 22:53:05.900808-08	1.8	6.4	1.78	108	10	8.8	609	556	443	00:30:34	44	80	2.00	45.00	36	67
128	Janna	2009-09-02	AP	2025-11-05 22:08:14.053684-08	2025-11-05 22:53:36.304565-08	4.4	5.3	1.72	25	-1	1.1	234	226	252	00:32:19	17	29	1.00	41.00	12	268
115	Karthus	2009-06-12	AP	2025-11-05 22:08:14.041136-08	2025-11-05 22:55:47.957846-08	3.1	4.3	1.97	46	12	7.5	956	359	417	00:33:39	15	36	1.00	58.00	21	616
118	Kayn	2017-07-12	AD	2025-11-05 22:08:14.044228-08	2025-11-05 22:56:37.003882-08	2.8	4.4	1.52	34	0	6.9	562	102	391	00:31:24	11	31	1.00	65.00	20	-48
103	Kennen	2010-04-08	AP	2025-11-05 22:08:14.030229-08	2025-11-05 22:56:47.683982-08	2.3	8.2	2.68	63	13	7.5	700	473	387	00:31:45	55	101	1.00	46.00	46	275
133	Kled	2016-08-10	AD	2025-11-05 22:08:14.058396-08	2025-11-05 22:57:35.641698-08	1.9	6.5	2.2	15	-2	8	634	-38	401	00:31:13	21	35	0.00	40.00	14	-187
119	KogMaw	2010-06-24	AD	2025-11-05 22:08:14.045139-08	2025-11-05 22:57:46.403822-08	3.3	6.1	2.25	25	1	8.8	877	84	433	00:34:07	32	57	1.00	44.00	25	-43
114	Lux	2010-10-19	AP	2025-11-05 22:08:14.040247-08	2025-11-05 22:59:39.96133-08	3.2	6	1.79	45	-3	5.8	624	-118	343	00:32:58	20	34	1.00	41.00	14	17
108	Milio	2023-03-23	AP	2025-11-05 22:08:14.034723-08	2025-11-05 23:00:54.059193-08	4.7	8.9	2.48	36	-1	0.9	155	-93	242	00:32:24	67	117	1.00	43.00	50	249
121	Mordekaiser	2010-02-24	AP	2025-11-05 22:08:14.047147-08	2025-11-05 23:01:17.354616-08	2	7.8	2.28	18	1	7.5	657	-21	383	00:31:56	32	64	1.00	50.00	32	92
130	Morgana	2009-02-21	AP	2025-11-05 22:08:14.055449-08	2025-11-05 23:01:31.657151-08	3.2	5.4	2.51	24	-4	6.3	567	-193	345	00:31:25	21	37	1.00	43.00	16	113
139	Nilah	2022-07-13	AD	2025-11-05 22:08:14.064713-08	2025-11-05 23:02:59.912204-08	3.4	6.7	2.74	19	-1	8.7	546	-105	452	00:34:19	7	23	0.00	70.00	16	478
131	Nunu	2009-02-21	AP	2025-11-05 22:08:14.056323-08	2025-11-05 23:03:21.445079-08	2.9	3	2.44	30	6	6.3	360	53	353	00:31:36	10	18	0.00	44.00	8	186
116	RekSai	2014-12-11	AD	2025-11-05 22:08:14.042017-08	2025-11-05 23:05:51.398677-08	2.7	5.1	2.29	29	-4	7.2	523	81	383	00:32:04	32	56	1.00	43.00	24	-161
123	Riven	2011-09-14	AD	2025-11-05 22:08:14.049057-08	2025-11-05 23:06:47.230997-08	3.3	4	1.74	41	1	8.1	541	259	427	00:28:51	7	19	1.00	63.00	12	78
97	Seraphine	2020-10-29	AP	2025-11-05 22:08:14.02439-08	2025-11-05 23:07:54.498355-08	4.3	7.7	2.5	79	-3	2.9	327	-72	286	00:31:52	68	116	2.00	41.00	48	131
109	Sett	2020-01-14	AD	2025-11-05 22:08:14.035616-08	2025-11-05 23:08:04.626545-08	2.5	7.9	2.24	47	1	6.6	581	124	381	00:31:12	28	70	1.00	60.00	42	44
111	Swain	2010-10-05	AP	2025-11-05 22:08:14.037578-08	2025-11-05 23:10:04.049819-08	4.3	5.5	2.11	38	0	7.7	723	156	396	00:30:59	27	65	1.00	58.00	38	-15
122	Tahm Kench	2015-07-09	AP	2025-11-05 22:08:14.048136-08	2025-11-05 23:10:38.118099-08	1.9	8.4	3.05	29	0	1.1	212	-106	237	00:30:56	43	66	1.00	35.00	23	5
138	Talon	2011-08-24	AD	2025-11-05 22:08:14.063453-08	2025-11-05 23:10:59.377547-08	3.3	3.7	2.18	26	9	7.5	497	313	415	00:29:59	4	11	0.00	64.00	7	584
124	Taric	2009-08-19	AD	2025-11-05 22:08:14.050033-08	2025-11-05 23:11:09.778377-08	3	8.5	2.54	22	1	1.4	138	-160	255	00:30:28	29	59	1.00	51.00	30	97
100	Thresh	2013-01-23	AD	2025-11-05 22:08:14.027065-08	2025-11-05 23:11:32.33718-08	3.1	7.9	2.46	48	0	1.1	186	-26	248	00:31:54	77	142	2.00	46.00	65	59
101	Twisted Fate	2009-02-21	AP	2025-11-05 22:08:14.028043-08	2025-11-05 23:12:14.497736-08	3.5	5.1	2.91	87	-5	8.3	578	582	447	00:32:11	41	75	1.00	45.00	34	-131
135	Twitch	2009-05-01	AD	2025-11-05 22:08:14.060365-08	2025-11-05 23:12:23.175235-08	2.7	5.7	2.79	19	-13	8	797	-594	428	00:30:43	19	33	0.00	42.00	14	-262
134	Urgot	2010-08-24	AD	2025-11-05 22:08:14.059297-08	2025-11-05 23:12:52.680963-08	1.3	5.8	2.56	25	0	7.5	606	158	388	00:30:05	14	18	0.00	22.00	4	19
132	Vayne	2011-05-10	AD	2025-11-05 22:08:14.057427-08	2025-11-05 23:13:01.510703-08	3.5	8.8	2.21	12	-7	8.1	723	-339	437	00:32:15	22	42	0.00	48.00	20	-206
110	Vladimir	2010-07-27	AP	2025-11-05 22:08:14.036674-08	2025-11-05 23:14:19.204028-08	3.1	5.5	2.3	38	3	8.3	748	15	406	00:31:12	43	81	1.00	47.00	38	14
98	Volibear	2011-11-29	AD	2025-11-05 22:08:14.025285-08	2025-11-05 23:14:29.426932-08	2.5	6.9	2.53	70	2	6.8	508	49	379	00:31:45	67	135	2.00	50.00	68	-101
126	Warwick	2009-02-21	AD	2025-11-05 22:08:14.05191-08	2025-11-05 23:14:42.37456-08	1.7	7.1	1.74	33	0	7	476	-12	374	00:32:09	10	23	1.00	57.00	13	-406
129	Xerath	2011-10-05	AP	2025-11-05 22:08:14.054568-08	2025-11-05 23:15:13.008713-08	5.8	6.2	2.16	20	-1	8	961	-24	413	00:31:10	19	43	1.00	56.00	24	131
96	Yasuo	2013-12-13	AD	2025-11-05 22:08:14.02349-08	2025-11-05 23:15:42.891632-08	2.3	7.1	2.34	93	4	8.5	531	101	415	00:31:43	45	90	2.00	50.00	45	-26
105	Zac	2013-03-29	AP	2025-11-05 22:08:14.032022-08	2025-11-05 23:16:39.532833-08	2.4	3.4	2.5	85	-7	5	399	-339	325	00:30:56	30	46	1.00	35.00	16	-204
94	Zoe	2017-11-21	AP	2025-11-05 22:08:14.021302-08	2025-11-05 23:17:39.100663-08	4.1	3.9	2.72	124	1	7.5	783	323	388	00:30:57	30	61	2.00	51.00	31	76
61	Aatrox	2013-06-13	AD	2025-11-05 22:08:13.989873-08	2025-11-05 22:38:55.679378-08	2.7	7.5	2.16	291	1	7.8	620	43	388	00:32:27	369	758	9.00	51.00	389	26
32	Ahri	2011-12-14	AP	2025-11-05 22:08:13.961638-08	2025-11-05 22:39:09.492129-08	4.8	6.6	1.77	750	0	8.4	679	76	407	00:32:05	675	1307	21.00	48.00	632	47
120	Akshan	2021-07-22	AD	2025-11-05 22:08:14.046232-08	2025-11-05 22:41:09.868157-08	1.5	2.4	2.33	55	-8	8	658	-1550	422	00:25:54	2	3	1.00	33.00	1	-1084
125	Aurelion Sol	2016-03-24	AP	2025-11-05 22:08:14.05101-08	2025-11-05 22:43:41.326347-08	4.7	7	2.65	20	-10	8.3	755	-394	418	00:31:20	28	65	1.00	57.00	37	-345
168	Briar	2023-09-14	AD	2025-11-05 22:08:14.09442-08	2025-11-05 22:45:36.395375-08	0.8	2	1	1	-8	5.3	415	-434	291	00:33:40	1	1	0.00	0.00	0	-340
154	Ekko	2015-05-29	AP	2025-11-05 22:08:14.079257-08	2025-11-05 22:48:03.389684-08	2.8	7.2	1.75	6	-7	8.4	577	-2	420	00:29:20	7	12	0.00	42.00	5	-49
160	Evelynn	2009-05-01	AP	2025-11-05 22:08:14.084887-08	2025-11-05 22:48:32.295635-08	4.3	3.9	1	7	3	6.6	663	706	415	00:27:19	1	2	0.00	50.00	1	1197
171	Fizz	2011-11-15	AP	2025-11-05 22:08:14.097176-08	2025-11-05 22:49:46.963902-08	0	0	0	0	0	0	0	0	0	\N	0	0	0.00	0.00	0	0
152	Graves	2011-10-19	AD	2025-11-05 22:08:14.077037-08	2025-11-05 22:51:39.642352-08	2.4	6	2	11	0	7.5	553	428	425	00:30:41	7	9	0.00	22.00	2	176
159	Hecarim	2012-04-18	AD	2025-11-05 22:08:14.083725-08	2025-11-05 22:52:09.49031-08	2.8	4.3	2.11	4	15	7.8	482	229	399	00:27:46	4	9	0.00	56.00	5	628
156	Heimerdinger	2009-10-10	AP	2025-11-05 22:08:14.081036-08	2025-11-05 22:52:23.505987-08	4.5	2.4	3	11	-6	6	712	460	370	00:34:33	1	5	0.00	80.00	4	371
64	Hwei	2023-12-05	AP	2025-11-05 22:08:13.992541-08	2025-11-05 22:52:37.350062-08	4.1	7.1	2.01	336	0	8.1	790	0	399	00:33:05	292	592	9.00	51.00	300	20
157	Illaoi	2015-11-24	AD	2025-11-05 22:08:14.081951-08	2025-11-05 22:52:49.797875-08	1.3	8.2	1.86	6	6	7.7	853	17	381	00:33:43	4	7	0.00	43.00	3	-214
37	Jhin	2016-02-01	AD	2025-11-05 22:08:13.966123-08	2025-11-05 22:54:34.791705-08	5.2	8.2	1.79	544	-2	8.9	640	-146	427	00:32:23	721	1323	18.00	46.00	602	15
153	Kassadin	2009-08-07	AP	2025-11-05 22:08:14.078348-08	2025-11-05 22:55:58.819872-08	3.4	8.7	2.8	6	-17	8.4	581	-724	415	00:31:18	11	20	0.00	45.00	9	-430
158	Katarina	2009-09-19	AP	2025-11-05 22:08:14.082836-08	2025-11-05 22:56:14.687896-08	1.6	5.2	1.33	5	-28	6.9	639	-895	377	00:27:09	6	6	0.00	0.00	0	-967
162	Kayle	2009-02-21	AD	2025-11-05 22:08:14.086849-08	2025-11-05 22:56:26.523513-08	2.8	0	2.31	0	-4	9.1	649	-12	461	00:30:57	8	13	0.00	38.00	5	-278
141	KhaZix	2012-09-27	AD	2025-11-05 22:08:14.066535-08	2025-11-05 22:57:09.354024-08	4	7	2.11	13	7	7.3	559	247	409	00:32:12	11	27	0.00	59.00	16	284
143	Lissandra	2013-04-30	AP	2025-11-05 22:08:14.068439-08	2025-11-05 22:59:05.137195-08	2.6	8.5	2.56	11	-3	7.6	539	-296	369	00:30:06	22	32	0.00	31.00	10	-247
102	Malphite	2009-09-02	AP	2025-11-05 22:08:14.029183-08	2025-11-05 22:59:53.590046-08	2.5	8.6	2.11	73	-17	6.8	524	-650	341	00:31:34	39	65	1.00	40.00	26	-217
164	Malzahar	2010-06-01	AP	2025-11-05 22:08:14.088738-08	2025-11-05 23:00:05.503658-08	3.1	8	2.71	2	9	8.3	705	325	418	00:32:46	4	7	0.00	43.00	3	622
170	Master Yi	2009-02-21	AD	2025-11-05 22:08:14.096275-08	2025-11-05 23:00:29.606214-08	4.3	0	2	0	-19	7.7	861	437	539	00:31:30	0	1	0.00	100.00	1	-1349
163	Nasus	2009-10-01	AD	2025-11-05 22:08:14.087824-08	2025-11-05 23:02:08.715556-08	1.6	6	2.44	1	-22	7	486	-727	377	00:28:37	5	9	0.00	44.00	4	-652
161	Quinn	2013-03-01	AD	2025-11-05 22:08:14.085959-08	2025-11-05 23:05:11.616372-08	1.8	8.3	2.25	6	-6	8.6	737	-42	436	00:30:29	2	4	0.00	50.00	2	-736
169	Rammus	2009-07-10	AD	2025-11-05 22:08:14.095356-08	2025-11-05 23:05:37.639615-08	1	10	3.33	1	-18	3.7	249	-814	273	00:33:57	3	3	0.00	0.00	0	-914
55	Renata Glasc	2022-02-17	AP	2025-11-05 22:08:13.983978-08	2025-11-05 23:06:14.429932-08	3.7	8	1.99	505	0	1.1	212	33	254	00:32:07	277	555	11.00	50.00	278	196
38	Renekton	2011-01-18	AD	2025-11-05 22:08:13.967435-08	2025-11-05 23:06:26.098719-08	2.5	7.2	2.12	794	7	8.1	555	279	394	00:32:11	523	1032	17.00	49.00	509	108
144	Rengar	2012-08-21	AD	2025-11-05 22:08:14.069335-08	2025-11-05 23:06:37.161024-08	2.2	2.8	1.86	22	8	7	397	128	380	00:30:31	4	7	0.00	43.00	3	768
167	Samira	2020-09-21	AD	2025-11-05 22:08:14.093483-08	2025-11-05 23:07:19.978732-08	5.1	9	2.75	1	2	7.7	749	194	485	00:34:39	1	4	0.00	75.00	3	348
155	Shaco	2009-10-10	AD	2025-11-05 22:08:14.08015-08	2025-11-05 23:08:15.082044-08	2.4	3	1.83	11	-9	3.6	502	-150	312	00:29:38	4	6	0.00	33.00	2	-236
151	Shyvana	2011-11-01	AD	2025-11-05 22:08:14.075848-08	2025-11-05 23:08:35.784495-08	2.5	6.9	2.21	8	18	7.9	788	656	421	00:31:53	8	14	0.00	43.00	6	924
166	Singed	2009-04-18	AP	2025-11-05 22:08:14.090517-08	2025-11-05 23:08:47.463045-08	2.2	0	1.67	0	-1	7.5	566	-302	377	00:34:25	3	6	0.00	50.00	3	-567
165	Sona	2010-09-21	AP	2025-11-05 22:08:14.089639-08	2025-11-05 23:09:42.573583-08	3.4	9	2.83	1	-5	1.1	295	162	254	00:29:38	4	6	0.00	33.00	2	485
140	Soraka	2009-02-21	AP	2025-11-05 22:08:14.065618-08	2025-11-05 23:09:53.456373-08	3.9	5.6	2.41	16	-1	0.9	185	-31	244	00:31:41	17	29	0.00	41.00	12	242
150	Teemo	2009-02-21	AP	2025-11-05 22:08:14.074964-08	2025-11-05 23:11:19.959038-08	2.1	2	2.67	18	-12	5.4	1003	-1155	345	00:32:15	2	3	0.00	33.00	1	-933
147	Tryndamere	2009-05-01	AD	2025-11-05 22:08:14.072305-08	2025-11-05 23:12:03.003105-08	1.8	8.4	2.89	12	-1	8.9	496	309	428	00:30:46	13	18	0.00	28.00	5	-127
104	Udyr	2009-12-02	AD	2025-11-05 22:08:14.031126-08	2025-11-05 23:12:33.153266-08	2.4	5.9	2.37	72	0	7.1	522	-61	351	00:31:50	45	76	1.00	41.00	31	-35
148	Veigar	2009-07-24	AP	2025-11-05 22:08:14.073191-08	2025-11-05 23:13:10.884936-08	4.2	8.3	2.52	7	-5	8	595	-125	413	00:31:53	13	25	0.00	48.00	12	-89
149	VelKoz	2014-02-27	AP	2025-11-05 22:08:14.074078-08	2025-11-05 23:13:26.479338-08	3.7	8	1.89	7	0	7.2	832	10	389	00:31:17	9	19	0.00	53.00	10	59
146	Vex	2021-09-23	AP	2025-11-05 22:08:14.071397-08	2025-11-05 23:13:37.151639-08	3.6	8.3	2.22	8	2	8.1	735	187	416	00:30:33	11	23	0.00	52.00	12	-26
142	Yuumi	2019-05-14	AP	2025-11-05 22:08:14.067455-08	2025-11-05 23:16:28.756799-08	4	7.1	3.11	16	-5	0.6	257	-265	232	00:30:19	19	28	0.00	32.00	9	483
145	Zilean	2009-04-18	AP	2025-11-05 22:08:14.070221-08	2025-11-05 23:17:25.110036-08	5.1	8.5	2.81	8	-3	3	270	-359	281	00:32:24	16	31	0.00	48.00	15	46
\.


--
-- Data for Name: champions_roles; Type: TABLE DATA; Schema: public; Owner: postgres
--

COPY public.champions_roles (id, champion_id, role_id) FROM stdin;
1	61	1
2	32	3
3	46	1
4	46	3
5	120	3
6	11	5
7	8	1
8	113	2
9	137	3
10	52	3
11	89	4
12	48	4
13	48	5
14	125	3
15	21	1
16	21	3
17	4	3
18	58	5
19	106	2
20	88	5
21	127	2
22	127	5
23	24	5
24	168	2
25	69	4
26	72	1
27	85	3
28	87	1
29	14	3
30	95	1
31	136	2
32	136	3
33	99	1
34	75	4
35	154	2
36	154	3
37	79	2
38	160	2
39	13	4
40	117	2
41	73	1
42	171	3
43	40	3
44	112	1
45	107	1
46	53	1
47	76	2
48	152	2
49	5	1
50	159	2
51	156	5
52	64	3
53	64	5
54	157	1
55	93	1
56	93	3
57	59	2
58	128	5
59	51	2
60	42	1
61	42	2
62	12	1
63	37	4
64	70	4
65	26	4
66	15	4
67	63	3
68	63	5
69	115	2
70	153	3
71	158	3
72	162	1
73	118	2
74	103	1
75	141	2
76	91	2
77	133	1
78	119	4
79	28	1
80	82	3
81	80	2
82	65	2
83	31	5
84	143	3
85	41	4
86	66	5
87	114	3
88	114	5
89	102	1
90	164	3
91	27	5
92	170	2
93	74	3
94	74	5
95	108	5
96	33	4
97	121	1
98	130	3
99	130	5
100	34	3
101	92	5
102	163	1
103	17	5
104	23	3
105	23	5
106	71	2
107	139	4
108	36	2
109	131	2
110	83	1
111	22	3
112	57	1
113	6	1
114	6	5
115	9	1
116	9	2
117	84	5
118	90	3
119	161	1
120	19	5
121	169	2
122	116	2
123	10	5
124	55	5
125	38	1
126	144	2
127	123	1
128	3	1
129	43	3
130	167	4
131	29	2
132	67	4
133	67	5
134	97	4
135	97	5
136	109	1
137	155	2
138	81	1
139	151	2
140	166	1
141	30	1
142	50	4
143	20	1
144	20	2
145	77	4
146	165	5
147	140	5
148	111	3
149	111	5
150	47	3
151	62	3
152	122	1
153	7	2
154	7	3
155	138	3
156	124	5
157	150	1
158	100	5
159	60	4
160	39	1
161	147	1
162	101	3
163	101	4
164	135	4
165	104	1
166	104	2
167	1	4
168	134	1
169	132	4
170	148	3
171	149	5
172	146	3
173	2	2
174	54	2
175	35	3
176	110	3
177	98	1
178	126	2
179	25	2
180	44	4
181	129	3
182	129	5
183	16	2
184	96	1
185	96	3
186	96	4
187	18	1
188	18	3
189	56	1
190	45	4
191	142	5
192	105	2
193	86	3
194	78	4
195	68	4
196	145	5
197	94	3
\.


--
-- Data for Name: django_admin_log; Type: TABLE DATA; Schema: public; Owner: postgres
--

COPY public.django_admin_log (id, action_time, object_id, object_repr, action_flag, change_message, content_type_id, user_id) FROM stdin;
1	2025-11-05 22:29:54.712715-08	61	Aatrox	2	[{"changed": {"fields": ["Release date", "Primary damage type", "Primary role"]}}]	7	1
2	2025-11-05 22:30:40.465453-08	32	Ahri	2	[{"changed": {"fields": ["Release date", "Primary damage type", "Primary role"]}}]	7	1
3	2025-11-05 22:38:13.620419-08	1	Top	1	[{"added": {}}]	16	1
4	2025-11-05 22:38:17.94339-08	2	Jungle	1	[{"added": {}}]	16	1
5	2025-11-05 22:38:20.542607-08	3	Mid	1	[{"added": {}}]	16	1
6	2025-11-05 22:38:25.964248-08	4	BOT	1	[{"added": {}}]	16	1
7	2025-11-05 22:38:28.219612-08	5	Support	1	[{"added": {}}]	16	1
8	2025-11-05 22:38:34.309433-08	4	Bot	2	[{"changed": {"fields": ["Name"]}}]	16	1
9	2025-11-05 22:38:55.681592-08	61	Aatrox	2	[{"changed": {"fields": ["Roles"]}}]	7	1
10	2025-11-05 22:39:09.493814-08	32	Ahri	2	[{"changed": {"fields": ["Roles"]}}]	7	1
11	2025-11-05 22:39:53.983862-08	46	Akali	2	[{"changed": {"fields": ["Primary damage type", "Roles"]}}]	7	1
12	2025-11-05 22:40:12.296436-08	120	Akshan	2	[{"changed": {"fields": ["Primary damage type", "Roles"]}}]	7	1
13	2025-11-05 22:40:58.911123-08	11	Alistar	2	[{"changed": {"fields": ["Release date", "Primary damage type", "Roles"]}}]	7	1
14	2025-11-05 22:41:09.869648-08	120	Akshan	2	[{"changed": {"fields": ["Release date"]}}]	7	1
15	2025-11-05 22:41:22.560152-08	46	Akali	2	[{"changed": {"fields": ["Release date"]}}]	7	1
16	2025-11-05 22:41:42.176304-08	8	Ambessa	2	[{"changed": {"fields": ["Release date", "Primary damage type", "Roles"]}}]	7	1
17	2025-11-05 22:42:01.910566-08	113	Amumu	2	[{"changed": {"fields": ["Release date", "Primary damage type", "Roles"]}}]	7	1
18	2025-11-05 22:42:19.093152-08	137	Anivia	2	[{"changed": {"fields": ["Release date", "Primary damage type", "Roles"]}}]	7	1
19	2025-11-05 22:42:35.284797-08	52	Annie	2	[{"changed": {"fields": ["Release date", "Primary damage type", "Roles"]}}]	7	1
20	2025-11-05 22:43:08.449249-08	89	Aphelios	2	[{"changed": {"fields": ["Release date", "Primary damage type", "Roles"]}}]	7	1
21	2025-11-05 22:43:23.574575-08	48	Ashe	2	[{"changed": {"fields": ["Release date", "Primary damage type", "Roles"]}}]	7	1
22	2025-11-05 22:43:41.328946-08	125	Aurelion Sol	2	[{"changed": {"fields": ["Release date", "Primary damage type", "Roles"]}}]	7	1
23	2025-11-05 22:43:58.30131-08	21	Aurora	2	[{"changed": {"fields": ["Release date", "Primary damage type", "Roles"]}}]	7	1
24	2025-11-05 22:44:14.232181-08	4	Azir	2	[{"changed": {"fields": ["Release date", "Primary damage type", "Roles"]}}]	7	1
25	2025-11-05 22:44:27.297284-08	58	Bard	2	[{"changed": {"fields": ["Release date", "Primary damage type", "Roles"]}}]	7	1
26	2025-11-05 22:44:39.948424-08	106	Belveth	2	[{"changed": {"fields": ["Release date", "Primary damage type", "Roles"]}}]	7	1
27	2025-11-05 22:44:55.140671-08	88	Blitzcrank	2	[{"changed": {"fields": ["Release date", "Primary damage type", "Roles"]}}]	7	1
28	2025-11-05 22:45:10.540583-08	127	Brand	2	[{"changed": {"fields": ["Release date", "Primary damage type", "Roles"]}}]	7	1
29	2025-11-05 22:45:23.468609-08	24	Braum	2	[{"changed": {"fields": ["Release date", "Primary damage type", "Roles"]}}]	7	1
30	2025-11-05 22:45:36.397457-08	168	Briar	2	[{"changed": {"fields": ["Release date", "Primary damage type", "Roles"]}}]	7	1
31	2025-11-05 22:45:52.042795-08	69	Caitlyn	2	[{"changed": {"fields": ["Release date", "Primary damage type", "Roles"]}}]	7	1
32	2025-11-05 22:46:04.574652-08	72	Camille	2	[{"changed": {"fields": ["Release date", "Primary damage type", "Roles"]}}]	7	1
33	2025-11-05 22:46:20.765144-08	85	Cassiopeia	2	[{"changed": {"fields": ["Release date", "Primary damage type", "Roles"]}}]	7	1
34	2025-11-05 22:46:36.271928-08	87	Chogath	2	[{"changed": {"fields": ["Release date", "Primary damage type", "Roles"]}}]	7	1
35	2025-11-05 22:46:52.977296-08	14	Corki	2	[{"changed": {"fields": ["Release date", "Primary damage type", "Roles"]}}]	7	1
36	2025-11-05 22:47:07.977438-08	95	Darius	2	[{"changed": {"fields": ["Release date", "Primary damage type", "Roles"]}}]	7	1
37	2025-11-05 22:47:23.150505-08	136	Diana	2	[{"changed": {"fields": ["Release date", "Primary damage type", "Roles"]}}]	7	1
38	2025-11-05 22:47:35.839667-08	99	Dr. Mundo	2	[{"changed": {"fields": ["Release date", "Primary damage type", "Roles"]}}]	7	1
39	2025-11-05 22:47:49.465893-08	75	Draven	2	[{"changed": {"fields": ["Release date", "Primary damage type", "Roles"]}}]	7	1
40	2025-11-05 22:48:03.392077-08	154	Ekko	2	[{"changed": {"fields": ["Release date", "Primary damage type", "Roles"]}}]	7	1
41	2025-11-05 22:48:17.805264-08	79	Elise	2	[{"changed": {"fields": ["Release date", "Primary damage type", "Roles"]}}]	7	1
42	2025-11-05 22:48:32.297537-08	160	Evelynn	2	[{"changed": {"fields": ["Release date", "Primary damage type", "Roles"]}}]	7	1
43	2025-11-05 22:48:55.494137-08	13	Ezreal	2	[{"changed": {"fields": ["Release date", "Primary damage type", "Roles"]}}]	7	1
44	2025-11-05 22:49:13.643955-08	117	Fiddlesticks	2	[{"changed": {"fields": ["Release date", "Primary damage type", "Roles"]}}]	7	1
45	2025-11-05 22:49:29.779413-08	73	Fiora	2	[{"changed": {"fields": ["Release date", "Primary damage type", "Roles"]}}]	7	1
46	2025-11-05 22:49:46.965566-08	171	Fizz	2	[{"changed": {"fields": ["Release date", "Primary damage type", "Roles"]}}]	7	1
47	2025-11-05 22:50:05.957137-08	40	Galio	2	[{"changed": {"fields": ["Release date", "Primary damage type", "Roles"]}}]	7	1
48	2025-11-05 22:50:48.353212-08	112	Gangplank	2	[{"changed": {"fields": ["Release date", "Primary damage type", "Roles"]}}]	7	1
49	2025-11-05 22:51:01.838609-08	107	Garen	2	[{"changed": {"fields": ["Release date", "Primary damage type", "Roles"]}}]	7	1
50	2025-11-05 22:51:14.824683-08	53	Gnar	2	[{"changed": {"fields": ["Release date", "Primary damage type", "Roles"]}}]	7	1
51	2025-11-05 22:51:28.265873-08	76	Gragas	2	[{"changed": {"fields": ["Release date", "Primary damage type", "Roles"]}}]	7	1
52	2025-11-05 22:51:39.644314-08	152	Graves	2	[{"changed": {"fields": ["Release date", "Primary damage type", "Roles"]}}]	7	1
53	2025-11-05 22:51:53.389352-08	5	Gwen	2	[{"changed": {"fields": ["Release date", "Primary damage type", "Roles"]}}]	7	1
54	2025-11-05 22:52:09.492308-08	159	Hecarim	2	[{"changed": {"fields": ["Release date", "Primary damage type", "Roles"]}}]	7	1
55	2025-11-05 22:52:23.507771-08	156	Heimerdinger	2	[{"changed": {"fields": ["Release date", "Primary damage type", "Roles"]}}]	7	1
56	2025-11-05 22:52:37.352074-08	64	Hwei	2	[{"changed": {"fields": ["Release date", "Primary damage type", "Roles"]}}]	7	1
57	2025-11-05 22:52:49.800442-08	157	Illaoi	2	[{"changed": {"fields": ["Release date", "Primary damage type", "Roles"]}}]	7	1
58	2025-11-05 22:53:05.902583-08	93	Irelia	2	[{"changed": {"fields": ["Release date", "Primary damage type", "Roles"]}}]	7	1
59	2025-11-05 22:53:20.313373-08	59	Ivern	2	[{"changed": {"fields": ["Release date", "Primary damage type", "Roles"]}}]	7	1
60	2025-11-05 22:53:36.306415-08	128	Janna	2	[{"changed": {"fields": ["Release date", "Primary damage type", "Roles"]}}]	7	1
61	2025-11-05 22:53:49.402191-08	51	Jarvan IV	2	[{"changed": {"fields": ["Release date", "Primary damage type", "Roles"]}}]	7	1
62	2025-11-05 22:54:02.906136-08	42	Jax	2	[{"changed": {"fields": ["Release date", "Primary damage type", "Roles"]}}]	7	1
63	2025-11-05 22:54:20.466822-08	12	Jayce	2	[{"changed": {"fields": ["Release date", "Primary damage type", "Roles"]}}]	7	1
64	2025-11-05 22:54:34.793611-08	37	Jhin	2	[{"changed": {"fields": ["Release date", "Primary damage type", "Roles"]}}]	7	1
65	2025-11-05 22:54:48.450208-08	70	Jinx	2	[{"changed": {"fields": ["Release date", "Primary damage type", "Roles"]}}]	7	1
66	2025-11-05 22:55:00.233432-08	26	Kaisa	2	[{"changed": {"fields": ["Release date", "Primary damage type", "Roles"]}}]	7	1
67	2025-11-05 22:55:22.204294-08	15	Kalista	2	[{"changed": {"fields": ["Release date", "Primary damage type", "Roles"]}}]	7	1
68	2025-11-05 22:55:36.077743-08	63	Karma	2	[{"changed": {"fields": ["Release date", "Primary damage type", "Roles"]}}]	7	1
69	2025-11-05 22:55:47.960003-08	115	Karthus	2	[{"changed": {"fields": ["Release date", "Primary damage type", "Roles"]}}]	7	1
70	2025-11-05 22:55:58.821735-08	153	Kassadin	2	[{"changed": {"fields": ["Release date", "Primary damage type", "Roles"]}}]	7	1
71	2025-11-05 22:56:14.68992-08	158	Katarina	2	[{"changed": {"fields": ["Release date", "Primary damage type", "Roles"]}}]	7	1
72	2025-11-05 22:56:26.525198-08	162	Kayle	2	[{"changed": {"fields": ["Release date", "Primary damage type", "Roles"]}}]	7	1
73	2025-11-05 22:56:37.005876-08	118	Kayn	2	[{"changed": {"fields": ["Release date", "Primary damage type", "Roles"]}}]	7	1
74	2025-11-05 22:56:47.685774-08	103	Kennen	2	[{"changed": {"fields": ["Release date", "Primary damage type", "Roles"]}}]	7	1
75	2025-11-05 22:57:09.355724-08	141	KhaZix	2	[{"changed": {"fields": ["Release date", "Primary damage type", "Roles"]}}]	7	1
76	2025-11-05 22:57:19.850098-08	91	Kindred	2	[{"changed": {"fields": ["Release date", "Primary damage type", "Roles"]}}]	7	1
77	2025-11-05 22:57:35.64339-08	133	Kled	2	[{"changed": {"fields": ["Release date", "Primary damage type", "Roles"]}}]	7	1
78	2025-11-05 22:57:46.405741-08	119	KogMaw	2	[{"changed": {"fields": ["Release date", "Primary damage type", "Roles"]}}]	7	1
79	2025-11-05 22:58:04.329929-08	28	KSante	2	[{"changed": {"fields": ["Release date", "Primary damage type", "Roles"]}}]	7	1
80	2025-11-05 22:58:16.998494-08	82	LeBlanc	2	[{"changed": {"fields": ["Release date", "Primary damage type", "Roles"]}}]	7	1
81	2025-11-05 22:58:27.790804-08	80	Lee Sin	2	[{"changed": {"fields": ["Release date", "Primary damage type", "Roles"]}}]	7	1
82	2025-11-05 22:58:40.238738-08	65	Lillia	2	[{"changed": {"fields": ["Release date", "Primary damage type", "Roles"]}}]	7	1
83	2025-11-05 22:58:53.261973-08	31	Leona	2	[{"changed": {"fields": ["Release date", "Primary damage type", "Roles"]}}]	7	1
84	2025-11-05 22:59:05.139573-08	143	Lissandra	2	[{"changed": {"fields": ["Release date", "Primary damage type", "Roles"]}}]	7	1
85	2025-11-05 22:59:17.190328-08	41	Lucian	2	[{"changed": {"fields": ["Release date", "Primary damage type", "Roles"]}}]	7	1
86	2025-11-05 22:59:29.038836-08	66	Lulu	2	[{"changed": {"fields": ["Release date", "Primary damage type", "Roles"]}}]	7	1
87	2025-11-05 22:59:39.963087-08	114	Lux	2	[{"changed": {"fields": ["Release date", "Primary damage type", "Roles"]}}]	7	1
88	2025-11-05 22:59:53.592157-08	102	Malphite	2	[{"changed": {"fields": ["Release date", "Primary damage type", "Roles"]}}]	7	1
89	2025-11-05 23:00:05.505573-08	164	Malzahar	2	[{"changed": {"fields": ["Release date", "Primary damage type", "Roles"]}}]	7	1
90	2025-11-05 23:00:16.453346-08	27	Maokai	2	[{"changed": {"fields": ["Release date", "Primary damage type", "Roles"]}}]	7	1
91	2025-11-05 23:00:29.608156-08	170	Master Yi	2	[{"changed": {"fields": ["Release date", "Primary damage type", "Roles"]}}]	7	1
92	2025-11-05 23:00:42.463597-08	74	Mel	2	[{"changed": {"fields": ["Release date", "Primary damage type", "Roles"]}}]	7	1
93	2025-11-05 23:00:54.060853-08	108	Milio	2	[{"changed": {"fields": ["Release date", "Primary damage type", "Roles"]}}]	7	1
94	2025-11-05 23:01:06.132851-08	33	Miss Fortune	2	[{"changed": {"fields": ["Release date", "Primary damage type", "Roles"]}}]	7	1
95	2025-11-05 23:01:17.35626-08	121	Mordekaiser	2	[{"changed": {"fields": ["Release date", "Primary damage type", "Roles"]}}]	7	1
96	2025-11-05 23:01:31.658988-08	130	Morgana	2	[{"changed": {"fields": ["Release date", "Primary damage type", "Roles"]}}]	7	1
97	2025-11-05 23:01:43.800002-08	34	Naafiri	2	[{"changed": {"fields": ["Release date", "Primary damage type", "Roles"]}}]	7	1
98	2025-11-05 23:01:55.695173-08	92	Nami	2	[{"changed": {"fields": ["Release date", "Primary damage type", "Roles"]}}]	7	1
99	2025-11-05 23:02:08.71726-08	163	Nasus	2	[{"changed": {"fields": ["Release date", "Primary damage type", "Roles"]}}]	7	1
100	2025-11-05 23:02:21.968867-08	17	Nautilus	2	[{"changed": {"fields": ["Release date", "Primary damage type", "Roles"]}}]	7	1
101	2025-11-05 23:02:36.552455-08	23	Neeko	2	[{"changed": {"fields": ["Release date", "Primary damage type", "Roles"]}}]	7	1
102	2025-11-05 23:02:48.098944-08	71	Nidalee	2	[{"changed": {"fields": ["Release date", "Primary damage type", "Roles"]}}]	7	1
103	2025-11-05 23:02:59.913887-08	139	Nilah	2	[{"changed": {"fields": ["Release date", "Primary damage type", "Roles"]}}]	7	1
104	2025-11-05 23:03:10.546329-08	36	Nocturne	2	[{"changed": {"fields": ["Release date", "Primary damage type", "Roles"]}}]	7	1
105	2025-11-05 23:03:21.447005-08	131	Nunu	2	[{"changed": {"fields": ["Release date", "Primary damage type", "Roles"]}}]	7	1
106	2025-11-05 23:03:32.758027-08	83	Olaf	2	[{"changed": {"fields": ["Release date", "Primary damage type", "Roles"]}}]	7	1
107	2025-11-05 23:03:44.164939-08	22	Orianna	2	[{"changed": {"fields": ["Release date", "Primary damage type", "Roles"]}}]	7	1
108	2025-11-05 23:04:01.985162-08	57	Ornn	2	[{"changed": {"fields": ["Release date", "Primary damage type", "Roles"]}}]	7	1
109	2025-11-05 23:04:14.950848-08	6	Pantheon	2	[{"changed": {"fields": ["Release date", "Primary damage type", "Roles"]}}]	7	1
110	2025-11-05 23:04:26.634852-08	9	Poppy	2	[{"changed": {"fields": ["Release date", "Primary damage type", "Roles"]}}]	7	1
111	2025-11-05 23:04:44.735462-08	84	Pyke	2	[{"changed": {"fields": ["Release date", "Primary damage type", "Roles"]}}]	7	1
112	2025-11-05 23:04:57.828975-08	90	Qiyana	2	[{"changed": {"fields": ["Release date", "Primary damage type", "Roles"]}}]	7	1
113	2025-11-05 23:05:11.618286-08	161	Quinn	2	[{"changed": {"fields": ["Release date", "Primary damage type", "Roles"]}}]	7	1
114	2025-11-05 23:05:26.316968-08	19	Rakan	2	[{"changed": {"fields": ["Release date", "Primary damage type", "Roles"]}}]	7	1
115	2025-11-05 23:05:37.641487-08	169	Rammus	2	[{"changed": {"fields": ["Release date", "Primary damage type", "Roles"]}}]	7	1
116	2025-11-05 23:05:51.400481-08	116	RekSai	2	[{"changed": {"fields": ["Release date", "Primary damage type", "Roles"]}}]	7	1
117	2025-11-05 23:06:01.893612-08	10	Rell	2	[{"changed": {"fields": ["Release date", "Primary damage type", "Roles"]}}]	7	1
118	2025-11-05 23:06:14.432079-08	55	Renata Glasc	2	[{"changed": {"fields": ["Release date", "Primary damage type", "Roles"]}}]	7	1
119	2025-11-05 23:06:26.100882-08	38	Renekton	2	[{"changed": {"fields": ["Release date", "Primary damage type", "Roles"]}}]	7	1
120	2025-11-05 23:06:37.162951-08	144	Rengar	2	[{"changed": {"fields": ["Release date", "Primary damage type", "Roles"]}}]	7	1
121	2025-11-05 23:06:47.233323-08	123	Riven	2	[{"changed": {"fields": ["Release date", "Primary damage type", "Roles"]}}]	7	1
122	2025-11-05 23:06:57.823034-08	3	Rumble	2	[{"changed": {"fields": ["Release date", "Primary damage type", "Roles"]}}]	7	1
123	2025-11-05 23:07:08.196349-08	43	Ryze	2	[{"changed": {"fields": ["Release date", "Primary damage type", "Roles"]}}]	7	1
124	2025-11-05 23:07:19.980626-08	167	Samira	2	[{"changed": {"fields": ["Release date", "Primary damage type", "Roles"]}}]	7	1
125	2025-11-05 23:07:30.881253-08	29	Sejuani	2	[{"changed": {"fields": ["Release date", "Primary damage type", "Roles"]}}]	7	1
126	2025-11-05 23:07:41.989658-08	67	Senna	2	[{"changed": {"fields": ["Release date", "Primary damage type", "Roles"]}}]	7	1
127	2025-11-05 23:07:54.500381-08	97	Seraphine	2	[{"changed": {"fields": ["Release date", "Primary damage type", "Roles"]}}]	7	1
128	2025-11-05 23:08:04.628721-08	109	Sett	2	[{"changed": {"fields": ["Release date", "Primary damage type", "Roles"]}}]	7	1
129	2025-11-05 23:08:15.083923-08	155	Shaco	2	[{"changed": {"fields": ["Release date", "Primary damage type", "Roles"]}}]	7	1
130	2025-11-05 23:08:24.59928-08	81	Shen	2	[{"changed": {"fields": ["Release date", "Primary damage type", "Roles"]}}]	7	1
131	2025-11-05 23:08:35.786328-08	151	Shyvana	2	[{"changed": {"fields": ["Release date", "Primary damage type", "Roles"]}}]	7	1
132	2025-11-05 23:08:47.464707-08	166	Singed	2	[{"changed": {"fields": ["Release date", "Primary damage type", "Roles"]}}]	7	1
133	2025-11-05 23:08:56.357094-08	30	Sion	2	[{"changed": {"fields": ["Release date", "Primary damage type", "Roles"]}}]	7	1
134	2025-11-05 23:09:08.807156-08	50	Sivir	2	[{"changed": {"fields": ["Release date", "Primary damage type", "Roles"]}}]	7	1
135	2025-11-05 23:09:21.289947-08	20	Skarner	2	[{"changed": {"fields": ["Release date", "Primary damage type", "Roles"]}}]	7	1
136	2025-11-05 23:09:32.276539-08	77	Smolder	2	[{"changed": {"fields": ["Release date", "Primary damage type", "Roles"]}}]	7	1
137	2025-11-05 23:09:42.575519-08	165	Sona	2	[{"changed": {"fields": ["Release date", "Primary damage type", "Roles"]}}]	7	1
138	2025-11-05 23:09:53.458116-08	140	Soraka	2	[{"changed": {"fields": ["Release date", "Primary damage type", "Roles"]}}]	7	1
139	2025-11-05 23:10:04.051918-08	111	Swain	2	[{"changed": {"fields": ["Release date", "Primary damage type", "Roles"]}}]	7	1
140	2025-11-05 23:10:16.893634-08	47	Sylas	2	[{"changed": {"fields": ["Release date", "Primary damage type", "Roles"]}}]	7	1
141	2025-11-05 23:10:27.003841-08	62	Syndra	2	[{"changed": {"fields": ["Release date", "Primary damage type", "Roles"]}}]	7	1
142	2025-11-05 23:10:38.119786-08	122	Tahm Kench	2	[{"changed": {"fields": ["Release date", "Primary damage type", "Roles"]}}]	7	1
143	2025-11-05 23:10:49.60831-08	7	Taliyah	2	[{"changed": {"fields": ["Release date", "Primary damage type", "Roles"]}}]	7	1
144	2025-11-05 23:10:59.379836-08	138	Talon	2	[{"changed": {"fields": ["Release date", "Primary damage type", "Roles"]}}]	7	1
145	2025-11-05 23:11:09.780228-08	124	Taric	2	[{"changed": {"fields": ["Release date", "Primary damage type", "Roles"]}}]	7	1
146	2025-11-05 23:11:19.960837-08	150	Teemo	2	[{"changed": {"fields": ["Release date", "Primary damage type", "Roles"]}}]	7	1
147	2025-11-05 23:11:32.339331-08	100	Thresh	2	[{"changed": {"fields": ["Release date", "Primary damage type", "Roles"]}}]	7	1
148	2025-11-05 23:11:40.677198-08	60	Tristana	2	[{"changed": {"fields": ["Release date", "Primary damage type", "Roles"]}}]	7	1
149	2025-11-05 23:11:53.614223-08	39	Trundle	2	[{"changed": {"fields": ["Release date", "Primary damage type", "Roles"]}}]	7	1
150	2025-11-05 23:12:03.005192-08	147	Tryndamere	2	[{"changed": {"fields": ["Release date", "Primary damage type", "Roles"]}}]	7	1
151	2025-11-05 23:12:14.499872-08	101	Twisted Fate	2	[{"changed": {"fields": ["Release date", "Primary damage type", "Roles"]}}]	7	1
152	2025-11-05 23:12:23.17753-08	135	Twitch	2	[{"changed": {"fields": ["Release date", "Primary damage type", "Roles"]}}]	7	1
153	2025-11-05 23:12:33.15549-08	104	Udyr	2	[{"changed": {"fields": ["Release date", "Primary damage type", "Roles"]}}]	7	1
154	2025-11-05 23:12:43.099404-08	1	Varus	2	[{"changed": {"fields": ["Release date", "Primary damage type", "Roles"]}}]	7	1
155	2025-11-05 23:12:52.682921-08	134	Urgot	2	[{"changed": {"fields": ["Release date", "Primary damage type", "Roles"]}}]	7	1
156	2025-11-05 23:13:01.512919-08	132	Vayne	2	[{"changed": {"fields": ["Release date", "Primary damage type", "Roles"]}}]	7	1
157	2025-11-05 23:13:10.886767-08	148	Veigar	2	[{"changed": {"fields": ["Release date", "Primary damage type", "Roles"]}}]	7	1
158	2025-11-05 23:13:26.481424-08	149	VelKoz	2	[{"changed": {"fields": ["Release date", "Primary damage type", "Roles"]}}]	7	1
159	2025-11-05 23:13:37.153963-08	146	Vex	2	[{"changed": {"fields": ["Release date", "Primary damage type", "Roles"]}}]	7	1
160	2025-11-05 23:13:49.424011-08	2	Vi	2	[{"changed": {"fields": ["Release date", "Primary damage type", "Roles"]}}]	7	1
161	2025-11-05 23:13:59.388155-08	54	Viego	2	[{"changed": {"fields": ["Release date", "Primary damage type", "Roles"]}}]	7	1
162	2025-11-05 23:14:08.293414-08	35	Viktor	2	[{"changed": {"fields": ["Release date", "Primary damage type", "Roles"]}}]	7	1
163	2025-11-05 23:14:19.205874-08	110	Vladimir	2	[{"changed": {"fields": ["Release date", "Primary damage type", "Roles"]}}]	7	1
164	2025-11-05 23:14:29.429218-08	98	Volibear	2	[{"changed": {"fields": ["Release date", "Primary damage type", "Roles"]}}]	7	1
165	2025-11-05 23:14:42.376963-08	126	Warwick	2	[{"changed": {"fields": ["Release date", "Primary damage type", "Roles"]}}]	7	1
166	2025-11-05 23:14:50.856503-08	25	Wukong	2	[{"changed": {"fields": ["Release date", "Primary damage type", "Roles"]}}]	7	1
167	2025-11-05 23:15:02.232314-08	44	Xayah	2	[{"changed": {"fields": ["Release date", "Primary damage type", "Roles"]}}]	7	1
168	2025-11-05 23:15:13.011468-08	129	Xerath	2	[{"changed": {"fields": ["Release date", "Primary damage type", "Roles"]}}]	7	1
169	2025-11-05 23:15:27.822143-08	16	Xin Zhao	2	[{"changed": {"fields": ["Release date", "Primary damage type", "Roles"]}}]	7	1
170	2025-11-05 23:15:42.89354-08	96	Yasuo	2	[{"changed": {"fields": ["Release date", "Primary damage type", "Roles"]}}]	7	1
171	2025-11-05 23:15:55.153647-08	18	Yone	2	[{"changed": {"fields": ["Release date", "Primary damage type", "Roles"]}}]	7	1
172	2025-11-05 23:16:05.748982-08	56	Yorick	2	[{"changed": {"fields": ["Release date", "Primary damage type", "Roles"]}}]	7	1
173	2025-11-05 23:16:15.259239-08	45	Yunara	2	[{"changed": {"fields": ["Release date", "Primary damage type", "Roles"]}}]	7	1
174	2025-11-05 23:16:28.759004-08	142	Yuumi	2	[{"changed": {"fields": ["Release date", "Primary damage type", "Roles"]}}]	7	1
175	2025-11-05 23:16:39.534704-08	105	Zac	2	[{"changed": {"fields": ["Release date", "Primary damage type", "Roles"]}}]	7	1
176	2025-11-05 23:16:50.225793-08	86	Zed	2	[{"changed": {"fields": ["Release date", "Primary damage type", "Roles"]}}]	7	1
177	2025-11-05 23:17:01.491808-08	78	Zeri	2	[{"changed": {"fields": ["Release date", "Primary damage type", "Roles"]}}]	7	1
178	2025-11-05 23:17:14.092377-08	68	Ziggs	2	[{"changed": {"fields": ["Release date", "Primary damage type", "Roles"]}}]	7	1
179	2025-11-05 23:17:25.112058-08	145	Zilean	2	[{"changed": {"fields": ["Release date", "Primary damage type", "Roles"]}}]	7	1
180	2025-11-05 23:17:39.102719-08	94	Zoe	2	[{"changed": {"fields": ["Release date", "Primary damage type", "Roles"]}}]	7	1
181	2025-11-05 23:17:49.883816-08	49	Zyra	2	[{"changed": {"fields": ["Release date", "Primary damage type"]}}]	7	1
\.


--
-- Data for Name: django_content_type; Type: TABLE DATA; Schema: public; Owner: postgres
--

COPY public.django_content_type (id, app_label, model) FROM stdin;
1	admin	logentry
2	auth	permission
3	auth	group
4	auth	user
5	contenttypes	contenttype
6	sessions	session
7	league	champion
8	league	championpatch
9	league	game
10	league	patch
11	league	season
12	league	team
13	league	winlossrecord
14	league	tournament
15	league	teamtournament
16	league	role
\.


--
-- Data for Name: django_migrations; Type: TABLE DATA; Schema: public; Owner: postgres
--

COPY public.django_migrations (id, app, name, applied) FROM stdin;
1	contenttypes	0001_initial	2025-11-05 19:08:37.536988-08
2	auth	0001_initial	2025-11-05 19:08:37.579163-08
3	admin	0001_initial	2025-11-05 19:08:37.589397-08
4	admin	0002_logentry_remove_auto_add	2025-11-05 19:08:37.593092-08
5	admin	0003_logentry_add_action_flag_choices	2025-11-05 19:08:37.5958-08
6	contenttypes	0002_remove_content_type_name	2025-11-05 19:08:37.602518-08
7	auth	0002_alter_permission_name_max_length	2025-11-05 19:08:37.605579-08
8	auth	0003_alter_user_email_max_length	2025-11-05 19:08:37.608216-08
9	auth	0004_alter_user_username_opts	2025-11-05 19:08:37.61094-08
10	auth	0005_alter_user_last_login_null	2025-11-05 19:08:37.61329-08
11	auth	0006_require_contenttypes_0002	2025-11-05 19:08:37.614202-08
12	auth	0007_alter_validators_add_error_messages	2025-11-05 19:08:37.61683-08
13	auth	0008_alter_user_username_max_length	2025-11-05 19:08:37.6222-08
14	auth	0009_alter_user_last_name_max_length	2025-11-05 19:08:37.624907-08
15	auth	0010_alter_group_name_max_length	2025-11-05 19:08:37.627689-08
16	auth	0011_update_proxy_permissions	2025-11-05 19:08:37.630102-08
17	auth	0012_alter_user_first_name_max_length	2025-11-05 19:08:37.632859-08
18	sessions	0001_initial	2025-11-05 19:08:37.639793-08
19	league	0001_initial	2025-11-05 19:15:11.365166-08
20	league	0002_champion_kda_champion_avg_bt_champion_avg_rp_and_more	2025-11-05 20:07:25.162681-08
21	league	0003_remove_champion_damage_type_and_more	2025-11-05 22:15:14.614254-08
22	league	0004_role_alter_champion_primary_role_champion_roles	2025-11-05 22:34:42.006696-08
23	league	0005_remove_champion_primary_role	2025-11-05 22:37:00.053119-08
\.


--
-- Data for Name: django_session; Type: TABLE DATA; Schema: public; Owner: postgres
--

COPY public.django_session (session_key, session_data, expire_date) FROM stdin;
h95z44x214i51apido0h76qt55quorn1	.eJxVjMEOwiAQRP-FsyFdKKV69O43kN2FlaqBpLQn47_bJj3obTLvzbxVwHXJYW1pDlNUFwXq9NsR8jOVHcQHlnvVXMsyT6R3RR-06VuN6XU93L-DjC1va5Zzx86ABQNsyDkaInuRzntvkWQcXS8UAZB8PyTuwG7iliUxOhH1-QLm0jh_:1vGtLD:XX9hK-CUr076x_d2dSVTep4qtCRlIxve1IC2quEA4vw	2025-11-19 22:19:27.963954-08
\.


--
-- Data for Name: games; Type: TABLE DATA; Schema: public; Owner: postgres
--

COPY public.games (id, date, created_at, updated_at, blue_team_id, blue_team_champion_pick_1_id, blue_team_champion_pick_2_id, blue_team_champion_pick_3_id, blue_team_champion_pick_4_id, blue_team_champion_pick_5_id, bot_lane_winning_team_id, mid_lane_winning_team_id, patch_id, red_team_id, red_team_champion_pick_1_id, red_team_champion_pick_2_id, red_team_champion_pick_3_id, red_team_champion_pick_4_id, red_team_champion_pick_5_id, season_id, top_lane_winning_team_id, tournament_id, winning_team_id) FROM stdin;
\.


--
-- Data for Name: patches; Type: TABLE DATA; Schema: public; Owner: postgres
--

COPY public.patches (id, version_num, date, created_at, updated_at) FROM stdin;
\.


--
-- Data for Name: roles; Type: TABLE DATA; Schema: public; Owner: postgres
--

COPY public.roles (id, name, created_at, updated_at) FROM stdin;
1	Top	2025-11-05 22:38:13.619575-08	2025-11-05 22:38:13.619584-08
2	Jungle	2025-11-05 22:38:17.942931-08	2025-11-05 22:38:17.942939-08
3	Mid	2025-11-05 22:38:20.541841-08	2025-11-05 22:38:20.541856-08
5	Support	2025-11-05 22:38:28.21913-08	2025-11-05 22:38:28.219137-08
4	Bot	2025-11-05 22:38:25.963815-08	2025-11-05 22:38:34.308867-08
\.


--
-- Data for Name: seasons; Type: TABLE DATA; Schema: public; Owner: postgres
--

COPY public.seasons (id, name, date, created_at, updated_at) FROM stdin;
\.


--
-- Data for Name: team_tournaments; Type: TABLE DATA; Schema: public; Owner: postgres
--

COPY public.team_tournaments (id, placement, created_at, updated_at, team_id, tournament_id) FROM stdin;
\.


--
-- Data for Name: teams; Type: TABLE DATA; Schema: public; Owner: postgres
--

COPY public.teams (id, name, region, created_at, updated_at) FROM stdin;
\.


--
-- Data for Name: tournaments; Type: TABLE DATA; Schema: public; Owner: postgres
--

COPY public.tournaments (id, name, tier, date, created_at, updated_at, patch_id) FROM stdin;
\.


--
-- Data for Name: win_loss_records; Type: TABLE DATA; Schema: public; Owner: postgres
--

COPY public.win_loss_records (id, wins, losses, created_at, updated_at, champion_id, season_id) FROM stdin;
\.


--
-- Name: auth_group_id_seq; Type: SEQUENCE SET; Schema: public; Owner: postgres
--

SELECT pg_catalog.setval('public.auth_group_id_seq', 1, false);


--
-- Name: auth_group_permissions_id_seq; Type: SEQUENCE SET; Schema: public; Owner: postgres
--

SELECT pg_catalog.setval('public.auth_group_permissions_id_seq', 1, false);


--
-- Name: auth_permission_id_seq; Type: SEQUENCE SET; Schema: public; Owner: postgres
--

SELECT pg_catalog.setval('public.auth_permission_id_seq', 64, true);


--
-- Name: auth_user_groups_id_seq; Type: SEQUENCE SET; Schema: public; Owner: postgres
--

SELECT pg_catalog.setval('public.auth_user_groups_id_seq', 1, false);


--
-- Name: auth_user_id_seq; Type: SEQUENCE SET; Schema: public; Owner: postgres
--

SELECT pg_catalog.setval('public.auth_user_id_seq', 1, true);


--
-- Name: auth_user_user_permissions_id_seq; Type: SEQUENCE SET; Schema: public; Owner: postgres
--

SELECT pg_catalog.setval('public.auth_user_user_permissions_id_seq', 1, false);


--
-- Name: champion_patches_id_seq; Type: SEQUENCE SET; Schema: public; Owner: postgres
--

SELECT pg_catalog.setval('public.champion_patches_id_seq', 1, false);


--
-- Name: champions_id_seq; Type: SEQUENCE SET; Schema: public; Owner: postgres
--

SELECT pg_catalog.setval('public.champions_id_seq', 171, true);


--
-- Name: champions_roles_id_seq; Type: SEQUENCE SET; Schema: public; Owner: postgres
--

SELECT pg_catalog.setval('public.champions_roles_id_seq', 197, true);


--
-- Name: django_admin_log_id_seq; Type: SEQUENCE SET; Schema: public; Owner: postgres
--

SELECT pg_catalog.setval('public.django_admin_log_id_seq', 181, true);


--
-- Name: django_content_type_id_seq; Type: SEQUENCE SET; Schema: public; Owner: postgres
--

SELECT pg_catalog.setval('public.django_content_type_id_seq', 16, true);


--
-- Name: django_migrations_id_seq; Type: SEQUENCE SET; Schema: public; Owner: postgres
--

SELECT pg_catalog.setval('public.django_migrations_id_seq', 23, true);


--
-- Name: games_id_seq; Type: SEQUENCE SET; Schema: public; Owner: postgres
--

SELECT pg_catalog.setval('public.games_id_seq', 1, false);


--
-- Name: patches_id_seq; Type: SEQUENCE SET; Schema: public; Owner: postgres
--

SELECT pg_catalog.setval('public.patches_id_seq', 1, false);


--
-- Name: roles_id_seq; Type: SEQUENCE SET; Schema: public; Owner: postgres
--

SELECT pg_catalog.setval('public.roles_id_seq', 5, true);


--
-- Name: seasons_id_seq; Type: SEQUENCE SET; Schema: public; Owner: postgres
--

SELECT pg_catalog.setval('public.seasons_id_seq', 1, false);


--
-- Name: team_tournaments_id_seq; Type: SEQUENCE SET; Schema: public; Owner: postgres
--

SELECT pg_catalog.setval('public.team_tournaments_id_seq', 1, false);


--
-- Name: teams_id_seq; Type: SEQUENCE SET; Schema: public; Owner: postgres
--

SELECT pg_catalog.setval('public.teams_id_seq', 1, false);


--
-- Name: tournaments_id_seq; Type: SEQUENCE SET; Schema: public; Owner: postgres
--

SELECT pg_catalog.setval('public.tournaments_id_seq', 1, false);


--
-- Name: win_loss_records_id_seq; Type: SEQUENCE SET; Schema: public; Owner: postgres
--

SELECT pg_catalog.setval('public.win_loss_records_id_seq', 1, false);


--
-- Name: auth_group auth_group_name_key; Type: CONSTRAINT; Schema: public; Owner: postgres
--

ALTER TABLE ONLY public.auth_group
    ADD CONSTRAINT auth_group_name_key UNIQUE (name);


--
-- Name: auth_group_permissions auth_group_permissions_group_id_permission_id_0cd325b0_uniq; Type: CONSTRAINT; Schema: public; Owner: postgres
--

ALTER TABLE ONLY public.auth_group_permissions
    ADD CONSTRAINT auth_group_permissions_group_id_permission_id_0cd325b0_uniq UNIQUE (group_id, permission_id);


--
-- Name: auth_group_permissions auth_group_permissions_pkey; Type: CONSTRAINT; Schema: public; Owner: postgres
--

ALTER TABLE ONLY public.auth_group_permissions
    ADD CONSTRAINT auth_group_permissions_pkey PRIMARY KEY (id);


--
-- Name: auth_group auth_group_pkey; Type: CONSTRAINT; Schema: public; Owner: postgres
--

ALTER TABLE ONLY public.auth_group
    ADD CONSTRAINT auth_group_pkey PRIMARY KEY (id);


--
-- Name: auth_permission auth_permission_content_type_id_codename_01ab375a_uniq; Type: CONSTRAINT; Schema: public; Owner: postgres
--

ALTER TABLE ONLY public.auth_permission
    ADD CONSTRAINT auth_permission_content_type_id_codename_01ab375a_uniq UNIQUE (content_type_id, codename);


--
-- Name: auth_permission auth_permission_pkey; Type: CONSTRAINT; Schema: public; Owner: postgres
--

ALTER TABLE ONLY public.auth_permission
    ADD CONSTRAINT auth_permission_pkey PRIMARY KEY (id);


--
-- Name: auth_user_groups auth_user_groups_pkey; Type: CONSTRAINT; Schema: public; Owner: postgres
--

ALTER TABLE ONLY public.auth_user_groups
    ADD CONSTRAINT auth_user_groups_pkey PRIMARY KEY (id);


--
-- Name: auth_user_groups auth_user_groups_user_id_group_id_94350c0c_uniq; Type: CONSTRAINT; Schema: public; Owner: postgres
--

ALTER TABLE ONLY public.auth_user_groups
    ADD CONSTRAINT auth_user_groups_user_id_group_id_94350c0c_uniq UNIQUE (user_id, group_id);


--
-- Name: auth_user auth_user_pkey; Type: CONSTRAINT; Schema: public; Owner: postgres
--

ALTER TABLE ONLY public.auth_user
    ADD CONSTRAINT auth_user_pkey PRIMARY KEY (id);


--
-- Name: auth_user_user_permissions auth_user_user_permissions_pkey; Type: CONSTRAINT; Schema: public; Owner: postgres
--

ALTER TABLE ONLY public.auth_user_user_permissions
    ADD CONSTRAINT auth_user_user_permissions_pkey PRIMARY KEY (id);


--
-- Name: auth_user_user_permissions auth_user_user_permissions_user_id_permission_id_14a6b632_uniq; Type: CONSTRAINT; Schema: public; Owner: postgres
--

ALTER TABLE ONLY public.auth_user_user_permissions
    ADD CONSTRAINT auth_user_user_permissions_user_id_permission_id_14a6b632_uniq UNIQUE (user_id, permission_id);


--
-- Name: auth_user auth_user_username_key; Type: CONSTRAINT; Schema: public; Owner: postgres
--

ALTER TABLE ONLY public.auth_user
    ADD CONSTRAINT auth_user_username_key UNIQUE (username);


--
-- Name: champion_patches champion_patches_champion_id_patch_id_233ceb22_uniq; Type: CONSTRAINT; Schema: public; Owner: postgres
--

ALTER TABLE ONLY public.champion_patches
    ADD CONSTRAINT champion_patches_champion_id_patch_id_233ceb22_uniq UNIQUE (champion_id, patch_id);


--
-- Name: champion_patches champion_patches_pkey; Type: CONSTRAINT; Schema: public; Owner: postgres
--

ALTER TABLE ONLY public.champion_patches
    ADD CONSTRAINT champion_patches_pkey PRIMARY KEY (id);


--
-- Name: champions champions_name_key; Type: CONSTRAINT; Schema: public; Owner: postgres
--

ALTER TABLE ONLY public.champions
    ADD CONSTRAINT champions_name_key UNIQUE (name);


--
-- Name: champions champions_pkey; Type: CONSTRAINT; Schema: public; Owner: postgres
--

ALTER TABLE ONLY public.champions
    ADD CONSTRAINT champions_pkey PRIMARY KEY (id);


--
-- Name: champions_roles champions_roles_champion_id_role_id_a61f8e1b_uniq; Type: CONSTRAINT; Schema: public; Owner: postgres
--

ALTER TABLE ONLY public.champions_roles
    ADD CONSTRAINT champions_roles_champion_id_role_id_a61f8e1b_uniq UNIQUE (champion_id, role_id);


--
-- Name: champions_roles champions_roles_pkey; Type: CONSTRAINT; Schema: public; Owner: postgres
--

ALTER TABLE ONLY public.champions_roles
    ADD CONSTRAINT champions_roles_pkey PRIMARY KEY (id);


--
-- Name: django_admin_log django_admin_log_pkey; Type: CONSTRAINT; Schema: public; Owner: postgres
--

ALTER TABLE ONLY public.django_admin_log
    ADD CONSTRAINT django_admin_log_pkey PRIMARY KEY (id);


--
-- Name: django_content_type django_content_type_app_label_model_76bd3d3b_uniq; Type: CONSTRAINT; Schema: public; Owner: postgres
--

ALTER TABLE ONLY public.django_content_type
    ADD CONSTRAINT django_content_type_app_label_model_76bd3d3b_uniq UNIQUE (app_label, model);


--
-- Name: django_content_type django_content_type_pkey; Type: CONSTRAINT; Schema: public; Owner: postgres
--

ALTER TABLE ONLY public.django_content_type
    ADD CONSTRAINT django_content_type_pkey PRIMARY KEY (id);


--
-- Name: django_migrations django_migrations_pkey; Type: CONSTRAINT; Schema: public; Owner: postgres
--

ALTER TABLE ONLY public.django_migrations
    ADD CONSTRAINT django_migrations_pkey PRIMARY KEY (id);


--
-- Name: django_session django_session_pkey; Type: CONSTRAINT; Schema: public; Owner: postgres
--

ALTER TABLE ONLY public.django_session
    ADD CONSTRAINT django_session_pkey PRIMARY KEY (session_key);


--
-- Name: games games_pkey; Type: CONSTRAINT; Schema: public; Owner: postgres
--

ALTER TABLE ONLY public.games
    ADD CONSTRAINT games_pkey PRIMARY KEY (id);


--
-- Name: patches patches_pkey; Type: CONSTRAINT; Schema: public; Owner: postgres
--

ALTER TABLE ONLY public.patches
    ADD CONSTRAINT patches_pkey PRIMARY KEY (id);


--
-- Name: patches patches_version_num_key; Type: CONSTRAINT; Schema: public; Owner: postgres
--

ALTER TABLE ONLY public.patches
    ADD CONSTRAINT patches_version_num_key UNIQUE (version_num);


--
-- Name: roles roles_name_key; Type: CONSTRAINT; Schema: public; Owner: postgres
--

ALTER TABLE ONLY public.roles
    ADD CONSTRAINT roles_name_key UNIQUE (name);


--
-- Name: roles roles_pkey; Type: CONSTRAINT; Schema: public; Owner: postgres
--

ALTER TABLE ONLY public.roles
    ADD CONSTRAINT roles_pkey PRIMARY KEY (id);


--
-- Name: seasons seasons_name_key; Type: CONSTRAINT; Schema: public; Owner: postgres
--

ALTER TABLE ONLY public.seasons
    ADD CONSTRAINT seasons_name_key UNIQUE (name);


--
-- Name: seasons seasons_pkey; Type: CONSTRAINT; Schema: public; Owner: postgres
--

ALTER TABLE ONLY public.seasons
    ADD CONSTRAINT seasons_pkey PRIMARY KEY (id);


--
-- Name: team_tournaments team_tournaments_pkey; Type: CONSTRAINT; Schema: public; Owner: postgres
--

ALTER TABLE ONLY public.team_tournaments
    ADD CONSTRAINT team_tournaments_pkey PRIMARY KEY (id);


--
-- Name: team_tournaments team_tournaments_team_id_tournament_id_eb51f42a_uniq; Type: CONSTRAINT; Schema: public; Owner: postgres
--

ALTER TABLE ONLY public.team_tournaments
    ADD CONSTRAINT team_tournaments_team_id_tournament_id_eb51f42a_uniq UNIQUE (team_id, tournament_id);


--
-- Name: teams teams_name_key; Type: CONSTRAINT; Schema: public; Owner: postgres
--

ALTER TABLE ONLY public.teams
    ADD CONSTRAINT teams_name_key UNIQUE (name);


--
-- Name: teams teams_pkey; Type: CONSTRAINT; Schema: public; Owner: postgres
--

ALTER TABLE ONLY public.teams
    ADD CONSTRAINT teams_pkey PRIMARY KEY (id);


--
-- Name: tournaments tournaments_pkey; Type: CONSTRAINT; Schema: public; Owner: postgres
--

ALTER TABLE ONLY public.tournaments
    ADD CONSTRAINT tournaments_pkey PRIMARY KEY (id);


--
-- Name: win_loss_records win_loss_records_champion_id_season_id_6a3f441b_uniq; Type: CONSTRAINT; Schema: public; Owner: postgres
--

ALTER TABLE ONLY public.win_loss_records
    ADD CONSTRAINT win_loss_records_champion_id_season_id_6a3f441b_uniq UNIQUE (champion_id, season_id);


--
-- Name: win_loss_records win_loss_records_pkey; Type: CONSTRAINT; Schema: public; Owner: postgres
--

ALTER TABLE ONLY public.win_loss_records
    ADD CONSTRAINT win_loss_records_pkey PRIMARY KEY (id);


--
-- Name: auth_group_name_a6ea08ec_like; Type: INDEX; Schema: public; Owner: postgres
--

CREATE INDEX auth_group_name_a6ea08ec_like ON public.auth_group USING btree (name varchar_pattern_ops);


--
-- Name: auth_group_permissions_group_id_b120cbf9; Type: INDEX; Schema: public; Owner: postgres
--

CREATE INDEX auth_group_permissions_group_id_b120cbf9 ON public.auth_group_permissions USING btree (group_id);


--
-- Name: auth_group_permissions_permission_id_84c5c92e; Type: INDEX; Schema: public; Owner: postgres
--

CREATE INDEX auth_group_permissions_permission_id_84c5c92e ON public.auth_group_permissions USING btree (permission_id);


--
-- Name: auth_permission_content_type_id_2f476e4b; Type: INDEX; Schema: public; Owner: postgres
--

CREATE INDEX auth_permission_content_type_id_2f476e4b ON public.auth_permission USING btree (content_type_id);


--
-- Name: auth_user_groups_group_id_97559544; Type: INDEX; Schema: public; Owner: postgres
--

CREATE INDEX auth_user_groups_group_id_97559544 ON public.auth_user_groups USING btree (group_id);


--
-- Name: auth_user_groups_user_id_6a12ed8b; Type: INDEX; Schema: public; Owner: postgres
--

CREATE INDEX auth_user_groups_user_id_6a12ed8b ON public.auth_user_groups USING btree (user_id);


--
-- Name: auth_user_user_permissions_permission_id_1fbb5f2c; Type: INDEX; Schema: public; Owner: postgres
--

CREATE INDEX auth_user_user_permissions_permission_id_1fbb5f2c ON public.auth_user_user_permissions USING btree (permission_id);


--
-- Name: auth_user_user_permissions_user_id_a95ead1b; Type: INDEX; Schema: public; Owner: postgres
--

CREATE INDEX auth_user_user_permissions_user_id_a95ead1b ON public.auth_user_user_permissions USING btree (user_id);


--
-- Name: auth_user_username_6821ab7c_like; Type: INDEX; Schema: public; Owner: postgres
--

CREATE INDEX auth_user_username_6821ab7c_like ON public.auth_user USING btree (username varchar_pattern_ops);


--
-- Name: champion_pa_champio_49a3a0_idx; Type: INDEX; Schema: public; Owner: postgres
--

CREATE INDEX champion_pa_champio_49a3a0_idx ON public.champion_patches USING btree (champion_id, patch_id);


--
-- Name: champion_pa_patch_i_fcd383_idx; Type: INDEX; Schema: public; Owner: postgres
--

CREATE INDEX champion_pa_patch_i_fcd383_idx ON public.champion_patches USING btree (patch_id);


--
-- Name: champion_patches_champion_id_68817054; Type: INDEX; Schema: public; Owner: postgres
--

CREATE INDEX champion_patches_champion_id_68817054 ON public.champion_patches USING btree (champion_id);


--
-- Name: champion_patches_patch_id_ca2ae3b9; Type: INDEX; Schema: public; Owner: postgres
--

CREATE INDEX champion_patches_patch_id_ca2ae3b9 ON public.champion_patches USING btree (patch_id);


--
-- Name: champions_name_87e5d91b_like; Type: INDEX; Schema: public; Owner: postgres
--

CREATE INDEX champions_name_87e5d91b_like ON public.champions USING btree (name varchar_pattern_ops);


--
-- Name: champions_roles_champion_id_8d957e92; Type: INDEX; Schema: public; Owner: postgres
--

CREATE INDEX champions_roles_champion_id_8d957e92 ON public.champions_roles USING btree (champion_id);


--
-- Name: champions_roles_role_id_ccfdf5da; Type: INDEX; Schema: public; Owner: postgres
--

CREATE INDEX champions_roles_role_id_ccfdf5da ON public.champions_roles USING btree (role_id);


--
-- Name: django_admin_log_content_type_id_c4bce8eb; Type: INDEX; Schema: public; Owner: postgres
--

CREATE INDEX django_admin_log_content_type_id_c4bce8eb ON public.django_admin_log USING btree (content_type_id);


--
-- Name: django_admin_log_user_id_c564eba6; Type: INDEX; Schema: public; Owner: postgres
--

CREATE INDEX django_admin_log_user_id_c564eba6 ON public.django_admin_log USING btree (user_id);


--
-- Name: django_session_expire_date_a5c62663; Type: INDEX; Schema: public; Owner: postgres
--

CREATE INDEX django_session_expire_date_a5c62663 ON public.django_session USING btree (expire_date);


--
-- Name: django_session_session_key_c0390e0f_like; Type: INDEX; Schema: public; Owner: postgres
--

CREATE INDEX django_session_session_key_c0390e0f_like ON public.django_session USING btree (session_key varchar_pattern_ops);


--
-- Name: games_blue_te_52c731_idx; Type: INDEX; Schema: public; Owner: postgres
--

CREATE INDEX games_blue_te_52c731_idx ON public.games USING btree (blue_team_id, date);


--
-- Name: games_blue_team_champion_pick_1_id_ab2e51a6; Type: INDEX; Schema: public; Owner: postgres
--

CREATE INDEX games_blue_team_champion_pick_1_id_ab2e51a6 ON public.games USING btree (blue_team_champion_pick_1_id);


--
-- Name: games_blue_team_champion_pick_2_id_7b3caf00; Type: INDEX; Schema: public; Owner: postgres
--

CREATE INDEX games_blue_team_champion_pick_2_id_7b3caf00 ON public.games USING btree (blue_team_champion_pick_2_id);


--
-- Name: games_blue_team_champion_pick_3_id_ac5a92dd; Type: INDEX; Schema: public; Owner: postgres
--

CREATE INDEX games_blue_team_champion_pick_3_id_ac5a92dd ON public.games USING btree (blue_team_champion_pick_3_id);


--
-- Name: games_blue_team_champion_pick_4_id_3f8cecea; Type: INDEX; Schema: public; Owner: postgres
--

CREATE INDEX games_blue_team_champion_pick_4_id_3f8cecea ON public.games USING btree (blue_team_champion_pick_4_id);


--
-- Name: games_blue_team_champion_pick_5_id_147dffd6; Type: INDEX; Schema: public; Owner: postgres
--

CREATE INDEX games_blue_team_champion_pick_5_id_147dffd6 ON public.games USING btree (blue_team_champion_pick_5_id);


--
-- Name: games_blue_team_id_658b8a0a; Type: INDEX; Schema: public; Owner: postgres
--

CREATE INDEX games_blue_team_id_658b8a0a ON public.games USING btree (blue_team_id);


--
-- Name: games_bot_lane_winning_team_id_21d04f21; Type: INDEX; Schema: public; Owner: postgres
--

CREATE INDEX games_bot_lane_winning_team_id_21d04f21 ON public.games USING btree (bot_lane_winning_team_id);


--
-- Name: games_date_02ed81_idx; Type: INDEX; Schema: public; Owner: postgres
--

CREATE INDEX games_date_02ed81_idx ON public.games USING btree (date);


--
-- Name: games_mid_lane_winning_team_id_c077a4aa; Type: INDEX; Schema: public; Owner: postgres
--

CREATE INDEX games_mid_lane_winning_team_id_c077a4aa ON public.games USING btree (mid_lane_winning_team_id);


--
-- Name: games_patch_i_737c74_idx; Type: INDEX; Schema: public; Owner: postgres
--

CREATE INDEX games_patch_i_737c74_idx ON public.games USING btree (patch_id, date);


--
-- Name: games_patch_id_0a5f25b7; Type: INDEX; Schema: public; Owner: postgres
--

CREATE INDEX games_patch_id_0a5f25b7 ON public.games USING btree (patch_id);


--
-- Name: games_red_tea_67c4db_idx; Type: INDEX; Schema: public; Owner: postgres
--

CREATE INDEX games_red_tea_67c4db_idx ON public.games USING btree (red_team_id, date);


--
-- Name: games_red_team_champion_pick_1_id_c1fffebe; Type: INDEX; Schema: public; Owner: postgres
--

CREATE INDEX games_red_team_champion_pick_1_id_c1fffebe ON public.games USING btree (red_team_champion_pick_1_id);


--
-- Name: games_red_team_champion_pick_2_id_26eeb196; Type: INDEX; Schema: public; Owner: postgres
--

CREATE INDEX games_red_team_champion_pick_2_id_26eeb196 ON public.games USING btree (red_team_champion_pick_2_id);


--
-- Name: games_red_team_champion_pick_3_id_946c2bd2; Type: INDEX; Schema: public; Owner: postgres
--

CREATE INDEX games_red_team_champion_pick_3_id_946c2bd2 ON public.games USING btree (red_team_champion_pick_3_id);


--
-- Name: games_red_team_champion_pick_4_id_d04b94ad; Type: INDEX; Schema: public; Owner: postgres
--

CREATE INDEX games_red_team_champion_pick_4_id_d04b94ad ON public.games USING btree (red_team_champion_pick_4_id);


--
-- Name: games_red_team_champion_pick_5_id_2ab7c607; Type: INDEX; Schema: public; Owner: postgres
--

CREATE INDEX games_red_team_champion_pick_5_id_2ab7c607 ON public.games USING btree (red_team_champion_pick_5_id);


--
-- Name: games_red_team_id_78e95bbd; Type: INDEX; Schema: public; Owner: postgres
--

CREATE INDEX games_red_team_id_78e95bbd ON public.games USING btree (red_team_id);


--
-- Name: games_season__6ec7ec_idx; Type: INDEX; Schema: public; Owner: postgres
--

CREATE INDEX games_season__6ec7ec_idx ON public.games USING btree (season_id, date);


--
-- Name: games_season_id_68b23a8e; Type: INDEX; Schema: public; Owner: postgres
--

CREATE INDEX games_season_id_68b23a8e ON public.games USING btree (season_id);


--
-- Name: games_top_lane_winning_team_id_6e5b154e; Type: INDEX; Schema: public; Owner: postgres
--

CREATE INDEX games_top_lane_winning_team_id_6e5b154e ON public.games USING btree (top_lane_winning_team_id);


--
-- Name: games_tournam_9778cf_idx; Type: INDEX; Schema: public; Owner: postgres
--

CREATE INDEX games_tournam_9778cf_idx ON public.games USING btree (tournament_id, date);


--
-- Name: games_tournament_id_d50a370f; Type: INDEX; Schema: public; Owner: postgres
--

CREATE INDEX games_tournament_id_d50a370f ON public.games USING btree (tournament_id);


--
-- Name: games_winning_182568_idx; Type: INDEX; Schema: public; Owner: postgres
--

CREATE INDEX games_winning_182568_idx ON public.games USING btree (winning_team_id);


--
-- Name: games_winning_team_id_9840d7ac; Type: INDEX; Schema: public; Owner: postgres
--

CREATE INDEX games_winning_team_id_9840d7ac ON public.games USING btree (winning_team_id);


--
-- Name: patches_date_d3507b_idx; Type: INDEX; Schema: public; Owner: postgres
--

CREATE INDEX patches_date_d3507b_idx ON public.patches USING btree (date);


--
-- Name: patches_version_8a8ce1_idx; Type: INDEX; Schema: public; Owner: postgres
--

CREATE INDEX patches_version_8a8ce1_idx ON public.patches USING btree (version_num);


--
-- Name: patches_version_num_01f82d43_like; Type: INDEX; Schema: public; Owner: postgres
--

CREATE INDEX patches_version_num_01f82d43_like ON public.patches USING btree (version_num varchar_pattern_ops);


--
-- Name: roles_name_51259447_like; Type: INDEX; Schema: public; Owner: postgres
--

CREATE INDEX roles_name_51259447_like ON public.roles USING btree (name varchar_pattern_ops);


--
-- Name: seasons_date_c884ea_idx; Type: INDEX; Schema: public; Owner: postgres
--

CREATE INDEX seasons_date_c884ea_idx ON public.seasons USING btree (date);


--
-- Name: seasons_name_583c4792_like; Type: INDEX; Schema: public; Owner: postgres
--

CREATE INDEX seasons_name_583c4792_like ON public.seasons USING btree (name varchar_pattern_ops);


--
-- Name: team_tourna_team_id_909cae_idx; Type: INDEX; Schema: public; Owner: postgres
--

CREATE INDEX team_tourna_team_id_909cae_idx ON public.team_tournaments USING btree (team_id, tournament_id);


--
-- Name: team_tourna_tournam_cf44c0_idx; Type: INDEX; Schema: public; Owner: postgres
--

CREATE INDEX team_tourna_tournam_cf44c0_idx ON public.team_tournaments USING btree (tournament_id, placement);


--
-- Name: team_tournaments_team_id_835b4732; Type: INDEX; Schema: public; Owner: postgres
--

CREATE INDEX team_tournaments_team_id_835b4732 ON public.team_tournaments USING btree (team_id);


--
-- Name: team_tournaments_tournament_id_89c854fe; Type: INDEX; Schema: public; Owner: postgres
--

CREATE INDEX team_tournaments_tournament_id_89c854fe ON public.team_tournaments USING btree (tournament_id);


--
-- Name: teams_name_bd7d028e_like; Type: INDEX; Schema: public; Owner: postgres
--

CREATE INDEX teams_name_bd7d028e_like ON public.teams USING btree (name varchar_pattern_ops);


--
-- Name: teams_region_652a69_idx; Type: INDEX; Schema: public; Owner: postgres
--

CREATE INDEX teams_region_652a69_idx ON public.teams USING btree (region);


--
-- Name: tournaments_date_634226_idx; Type: INDEX; Schema: public; Owner: postgres
--

CREATE INDEX tournaments_date_634226_idx ON public.tournaments USING btree (date);


--
-- Name: tournaments_patch_id_941fb6a4; Type: INDEX; Schema: public; Owner: postgres
--

CREATE INDEX tournaments_patch_id_941fb6a4 ON public.tournaments USING btree (patch_id);


--
-- Name: tournaments_tier_384c97_idx; Type: INDEX; Schema: public; Owner: postgres
--

CREATE INDEX tournaments_tier_384c97_idx ON public.tournaments USING btree (tier);


--
-- Name: win_loss_re_champio_608f15_idx; Type: INDEX; Schema: public; Owner: postgres
--

CREATE INDEX win_loss_re_champio_608f15_idx ON public.win_loss_records USING btree (champion_id, season_id);


--
-- Name: win_loss_re_season__4a517b_idx; Type: INDEX; Schema: public; Owner: postgres
--

CREATE INDEX win_loss_re_season__4a517b_idx ON public.win_loss_records USING btree (season_id);


--
-- Name: win_loss_records_champion_id_00713ec8; Type: INDEX; Schema: public; Owner: postgres
--

CREATE INDEX win_loss_records_champion_id_00713ec8 ON public.win_loss_records USING btree (champion_id);


--
-- Name: win_loss_records_season_id_c0f9edc1; Type: INDEX; Schema: public; Owner: postgres
--

CREATE INDEX win_loss_records_season_id_c0f9edc1 ON public.win_loss_records USING btree (season_id);


--
-- Name: auth_group_permissions auth_group_permissio_permission_id_84c5c92e_fk_auth_perm; Type: FK CONSTRAINT; Schema: public; Owner: postgres
--

ALTER TABLE ONLY public.auth_group_permissions
    ADD CONSTRAINT auth_group_permissio_permission_id_84c5c92e_fk_auth_perm FOREIGN KEY (permission_id) REFERENCES public.auth_permission(id) DEFERRABLE INITIALLY DEFERRED;


--
-- Name: auth_group_permissions auth_group_permissions_group_id_b120cbf9_fk_auth_group_id; Type: FK CONSTRAINT; Schema: public; Owner: postgres
--

ALTER TABLE ONLY public.auth_group_permissions
    ADD CONSTRAINT auth_group_permissions_group_id_b120cbf9_fk_auth_group_id FOREIGN KEY (group_id) REFERENCES public.auth_group(id) DEFERRABLE INITIALLY DEFERRED;


--
-- Name: auth_permission auth_permission_content_type_id_2f476e4b_fk_django_co; Type: FK CONSTRAINT; Schema: public; Owner: postgres
--

ALTER TABLE ONLY public.auth_permission
    ADD CONSTRAINT auth_permission_content_type_id_2f476e4b_fk_django_co FOREIGN KEY (content_type_id) REFERENCES public.django_content_type(id) DEFERRABLE INITIALLY DEFERRED;


--
-- Name: auth_user_groups auth_user_groups_group_id_97559544_fk_auth_group_id; Type: FK CONSTRAINT; Schema: public; Owner: postgres
--

ALTER TABLE ONLY public.auth_user_groups
    ADD CONSTRAINT auth_user_groups_group_id_97559544_fk_auth_group_id FOREIGN KEY (group_id) REFERENCES public.auth_group(id) DEFERRABLE INITIALLY DEFERRED;


--
-- Name: auth_user_groups auth_user_groups_user_id_6a12ed8b_fk_auth_user_id; Type: FK CONSTRAINT; Schema: public; Owner: postgres
--

ALTER TABLE ONLY public.auth_user_groups
    ADD CONSTRAINT auth_user_groups_user_id_6a12ed8b_fk_auth_user_id FOREIGN KEY (user_id) REFERENCES public.auth_user(id) DEFERRABLE INITIALLY DEFERRED;


--
-- Name: auth_user_user_permissions auth_user_user_permi_permission_id_1fbb5f2c_fk_auth_perm; Type: FK CONSTRAINT; Schema: public; Owner: postgres
--

ALTER TABLE ONLY public.auth_user_user_permissions
    ADD CONSTRAINT auth_user_user_permi_permission_id_1fbb5f2c_fk_auth_perm FOREIGN KEY (permission_id) REFERENCES public.auth_permission(id) DEFERRABLE INITIALLY DEFERRED;


--
-- Name: auth_user_user_permissions auth_user_user_permissions_user_id_a95ead1b_fk_auth_user_id; Type: FK CONSTRAINT; Schema: public; Owner: postgres
--

ALTER TABLE ONLY public.auth_user_user_permissions
    ADD CONSTRAINT auth_user_user_permissions_user_id_a95ead1b_fk_auth_user_id FOREIGN KEY (user_id) REFERENCES public.auth_user(id) DEFERRABLE INITIALLY DEFERRED;


--
-- Name: champion_patches champion_patches_champion_id_68817054_fk_champions_id; Type: FK CONSTRAINT; Schema: public; Owner: postgres
--

ALTER TABLE ONLY public.champion_patches
    ADD CONSTRAINT champion_patches_champion_id_68817054_fk_champions_id FOREIGN KEY (champion_id) REFERENCES public.champions(id) DEFERRABLE INITIALLY DEFERRED;


--
-- Name: champion_patches champion_patches_patch_id_ca2ae3b9_fk_patches_id; Type: FK CONSTRAINT; Schema: public; Owner: postgres
--

ALTER TABLE ONLY public.champion_patches
    ADD CONSTRAINT champion_patches_patch_id_ca2ae3b9_fk_patches_id FOREIGN KEY (patch_id) REFERENCES public.patches(id) DEFERRABLE INITIALLY DEFERRED;


--
-- Name: champions_roles champions_roles_champion_id_8d957e92_fk_champions_id; Type: FK CONSTRAINT; Schema: public; Owner: postgres
--

ALTER TABLE ONLY public.champions_roles
    ADD CONSTRAINT champions_roles_champion_id_8d957e92_fk_champions_id FOREIGN KEY (champion_id) REFERENCES public.champions(id) DEFERRABLE INITIALLY DEFERRED;


--
-- Name: champions_roles champions_roles_role_id_ccfdf5da_fk_roles_id; Type: FK CONSTRAINT; Schema: public; Owner: postgres
--

ALTER TABLE ONLY public.champions_roles
    ADD CONSTRAINT champions_roles_role_id_ccfdf5da_fk_roles_id FOREIGN KEY (role_id) REFERENCES public.roles(id) DEFERRABLE INITIALLY DEFERRED;


--
-- Name: django_admin_log django_admin_log_content_type_id_c4bce8eb_fk_django_co; Type: FK CONSTRAINT; Schema: public; Owner: postgres
--

ALTER TABLE ONLY public.django_admin_log
    ADD CONSTRAINT django_admin_log_content_type_id_c4bce8eb_fk_django_co FOREIGN KEY (content_type_id) REFERENCES public.django_content_type(id) DEFERRABLE INITIALLY DEFERRED;


--
-- Name: django_admin_log django_admin_log_user_id_c564eba6_fk_auth_user_id; Type: FK CONSTRAINT; Schema: public; Owner: postgres
--

ALTER TABLE ONLY public.django_admin_log
    ADD CONSTRAINT django_admin_log_user_id_c564eba6_fk_auth_user_id FOREIGN KEY (user_id) REFERENCES public.auth_user(id) DEFERRABLE INITIALLY DEFERRED;


--
-- Name: games games_blue_team_champion_pick_1_id_ab2e51a6_fk_champions_id; Type: FK CONSTRAINT; Schema: public; Owner: postgres
--

ALTER TABLE ONLY public.games
    ADD CONSTRAINT games_blue_team_champion_pick_1_id_ab2e51a6_fk_champions_id FOREIGN KEY (blue_team_champion_pick_1_id) REFERENCES public.champions(id) DEFERRABLE INITIALLY DEFERRED;


--
-- Name: games games_blue_team_champion_pick_2_id_7b3caf00_fk_champions_id; Type: FK CONSTRAINT; Schema: public; Owner: postgres
--

ALTER TABLE ONLY public.games
    ADD CONSTRAINT games_blue_team_champion_pick_2_id_7b3caf00_fk_champions_id FOREIGN KEY (blue_team_champion_pick_2_id) REFERENCES public.champions(id) DEFERRABLE INITIALLY DEFERRED;


--
-- Name: games games_blue_team_champion_pick_3_id_ac5a92dd_fk_champions_id; Type: FK CONSTRAINT; Schema: public; Owner: postgres
--

ALTER TABLE ONLY public.games
    ADD CONSTRAINT games_blue_team_champion_pick_3_id_ac5a92dd_fk_champions_id FOREIGN KEY (blue_team_champion_pick_3_id) REFERENCES public.champions(id) DEFERRABLE INITIALLY DEFERRED;


--
-- Name: games games_blue_team_champion_pick_4_id_3f8cecea_fk_champions_id; Type: FK CONSTRAINT; Schema: public; Owner: postgres
--

ALTER TABLE ONLY public.games
    ADD CONSTRAINT games_blue_team_champion_pick_4_id_3f8cecea_fk_champions_id FOREIGN KEY (blue_team_champion_pick_4_id) REFERENCES public.champions(id) DEFERRABLE INITIALLY DEFERRED;


--
-- Name: games games_blue_team_champion_pick_5_id_147dffd6_fk_champions_id; Type: FK CONSTRAINT; Schema: public; Owner: postgres
--

ALTER TABLE ONLY public.games
    ADD CONSTRAINT games_blue_team_champion_pick_5_id_147dffd6_fk_champions_id FOREIGN KEY (blue_team_champion_pick_5_id) REFERENCES public.champions(id) DEFERRABLE INITIALLY DEFERRED;


--
-- Name: games games_blue_team_id_658b8a0a_fk_teams_id; Type: FK CONSTRAINT; Schema: public; Owner: postgres
--

ALTER TABLE ONLY public.games
    ADD CONSTRAINT games_blue_team_id_658b8a0a_fk_teams_id FOREIGN KEY (blue_team_id) REFERENCES public.teams(id) DEFERRABLE INITIALLY DEFERRED;


--
-- Name: games games_bot_lane_winning_team_id_21d04f21_fk_teams_id; Type: FK CONSTRAINT; Schema: public; Owner: postgres
--

ALTER TABLE ONLY public.games
    ADD CONSTRAINT games_bot_lane_winning_team_id_21d04f21_fk_teams_id FOREIGN KEY (bot_lane_winning_team_id) REFERENCES public.teams(id) DEFERRABLE INITIALLY DEFERRED;


--
-- Name: games games_mid_lane_winning_team_id_c077a4aa_fk_teams_id; Type: FK CONSTRAINT; Schema: public; Owner: postgres
--

ALTER TABLE ONLY public.games
    ADD CONSTRAINT games_mid_lane_winning_team_id_c077a4aa_fk_teams_id FOREIGN KEY (mid_lane_winning_team_id) REFERENCES public.teams(id) DEFERRABLE INITIALLY DEFERRED;


--
-- Name: games games_patch_id_0a5f25b7_fk_patches_id; Type: FK CONSTRAINT; Schema: public; Owner: postgres
--

ALTER TABLE ONLY public.games
    ADD CONSTRAINT games_patch_id_0a5f25b7_fk_patches_id FOREIGN KEY (patch_id) REFERENCES public.patches(id) DEFERRABLE INITIALLY DEFERRED;


--
-- Name: games games_red_team_champion_pick_1_id_c1fffebe_fk_champions_id; Type: FK CONSTRAINT; Schema: public; Owner: postgres
--

ALTER TABLE ONLY public.games
    ADD CONSTRAINT games_red_team_champion_pick_1_id_c1fffebe_fk_champions_id FOREIGN KEY (red_team_champion_pick_1_id) REFERENCES public.champions(id) DEFERRABLE INITIALLY DEFERRED;


--
-- Name: games games_red_team_champion_pick_2_id_26eeb196_fk_champions_id; Type: FK CONSTRAINT; Schema: public; Owner: postgres
--

ALTER TABLE ONLY public.games
    ADD CONSTRAINT games_red_team_champion_pick_2_id_26eeb196_fk_champions_id FOREIGN KEY (red_team_champion_pick_2_id) REFERENCES public.champions(id) DEFERRABLE INITIALLY DEFERRED;


--
-- Name: games games_red_team_champion_pick_3_id_946c2bd2_fk_champions_id; Type: FK CONSTRAINT; Schema: public; Owner: postgres
--

ALTER TABLE ONLY public.games
    ADD CONSTRAINT games_red_team_champion_pick_3_id_946c2bd2_fk_champions_id FOREIGN KEY (red_team_champion_pick_3_id) REFERENCES public.champions(id) DEFERRABLE INITIALLY DEFERRED;


--
-- Name: games games_red_team_champion_pick_4_id_d04b94ad_fk_champions_id; Type: FK CONSTRAINT; Schema: public; Owner: postgres
--

ALTER TABLE ONLY public.games
    ADD CONSTRAINT games_red_team_champion_pick_4_id_d04b94ad_fk_champions_id FOREIGN KEY (red_team_champion_pick_4_id) REFERENCES public.champions(id) DEFERRABLE INITIALLY DEFERRED;


--
-- Name: games games_red_team_champion_pick_5_id_2ab7c607_fk_champions_id; Type: FK CONSTRAINT; Schema: public; Owner: postgres
--

ALTER TABLE ONLY public.games
    ADD CONSTRAINT games_red_team_champion_pick_5_id_2ab7c607_fk_champions_id FOREIGN KEY (red_team_champion_pick_5_id) REFERENCES public.champions(id) DEFERRABLE INITIALLY DEFERRED;


--
-- Name: games games_red_team_id_78e95bbd_fk_teams_id; Type: FK CONSTRAINT; Schema: public; Owner: postgres
--

ALTER TABLE ONLY public.games
    ADD CONSTRAINT games_red_team_id_78e95bbd_fk_teams_id FOREIGN KEY (red_team_id) REFERENCES public.teams(id) DEFERRABLE INITIALLY DEFERRED;


--
-- Name: games games_season_id_68b23a8e_fk_seasons_id; Type: FK CONSTRAINT; Schema: public; Owner: postgres
--

ALTER TABLE ONLY public.games
    ADD CONSTRAINT games_season_id_68b23a8e_fk_seasons_id FOREIGN KEY (season_id) REFERENCES public.seasons(id) DEFERRABLE INITIALLY DEFERRED;


--
-- Name: games games_top_lane_winning_team_id_6e5b154e_fk_teams_id; Type: FK CONSTRAINT; Schema: public; Owner: postgres
--

ALTER TABLE ONLY public.games
    ADD CONSTRAINT games_top_lane_winning_team_id_6e5b154e_fk_teams_id FOREIGN KEY (top_lane_winning_team_id) REFERENCES public.teams(id) DEFERRABLE INITIALLY DEFERRED;


--
-- Name: games games_tournament_id_d50a370f_fk_tournaments_id; Type: FK CONSTRAINT; Schema: public; Owner: postgres
--

ALTER TABLE ONLY public.games
    ADD CONSTRAINT games_tournament_id_d50a370f_fk_tournaments_id FOREIGN KEY (tournament_id) REFERENCES public.tournaments(id) DEFERRABLE INITIALLY DEFERRED;


--
-- Name: games games_winning_team_id_9840d7ac_fk_teams_id; Type: FK CONSTRAINT; Schema: public; Owner: postgres
--

ALTER TABLE ONLY public.games
    ADD CONSTRAINT games_winning_team_id_9840d7ac_fk_teams_id FOREIGN KEY (winning_team_id) REFERENCES public.teams(id) DEFERRABLE INITIALLY DEFERRED;


--
-- Name: team_tournaments team_tournaments_team_id_835b4732_fk_teams_id; Type: FK CONSTRAINT; Schema: public; Owner: postgres
--

ALTER TABLE ONLY public.team_tournaments
    ADD CONSTRAINT team_tournaments_team_id_835b4732_fk_teams_id FOREIGN KEY (team_id) REFERENCES public.teams(id) DEFERRABLE INITIALLY DEFERRED;


--
-- Name: team_tournaments team_tournaments_tournament_id_89c854fe_fk_tournaments_id; Type: FK CONSTRAINT; Schema: public; Owner: postgres
--

ALTER TABLE ONLY public.team_tournaments
    ADD CONSTRAINT team_tournaments_tournament_id_89c854fe_fk_tournaments_id FOREIGN KEY (tournament_id) REFERENCES public.tournaments(id) DEFERRABLE INITIALLY DEFERRED;


--
-- Name: tournaments tournaments_patch_id_941fb6a4_fk_patches_id; Type: FK CONSTRAINT; Schema: public; Owner: postgres
--

ALTER TABLE ONLY public.tournaments
    ADD CONSTRAINT tournaments_patch_id_941fb6a4_fk_patches_id FOREIGN KEY (patch_id) REFERENCES public.patches(id) DEFERRABLE INITIALLY DEFERRED;


--
-- Name: win_loss_records win_loss_records_champion_id_00713ec8_fk_champions_id; Type: FK CONSTRAINT; Schema: public; Owner: postgres
--

ALTER TABLE ONLY public.win_loss_records
    ADD CONSTRAINT win_loss_records_champion_id_00713ec8_fk_champions_id FOREIGN KEY (champion_id) REFERENCES public.champions(id) DEFERRABLE INITIALLY DEFERRED;


--
-- Name: win_loss_records win_loss_records_season_id_c0f9edc1_fk_seasons_id; Type: FK CONSTRAINT; Schema: public; Owner: postgres
--

ALTER TABLE ONLY public.win_loss_records
    ADD CONSTRAINT win_loss_records_season_id_c0f9edc1_fk_seasons_id FOREIGN KEY (season_id) REFERENCES public.seasons(id) DEFERRABLE INITIALLY DEFERRED;


--
-- PostgreSQL database dump complete
--

\unrestrict u331Iy4G0VnsbC9JJCPWgIOKdLMzVoIhQdL4eTYCxrMxabW3GxLxhJ9SFhUADow

